game_id,period_id,episode_id,time_seconds,team_id,player_id,action_id,type_name,result_name,start_x,start_y,end_x,end_y,is_home,game_episode,phase
126408,2,68,2364.067,4643,408792,2604,Pass,Successful,33.220425000000006,25.905688000000005,31.59597,15.260015999999991,True,126408_68,126408_230
126408,2,68,2381.0,4648,145703,2612,Recovery,,40.721835,17.199512,40.721835,17.199512,False,126408_68,126408_231
126408,2,68,2389.2,4648,62386,2617,Pass,Successful,49.36176,3.683763999999997,50.55435,15.599472000000006,False,126408_68,126408_231
126408,2,68,2390.7,4648,500142,2619,Pass,Successful,49.19019,15.672231999999994,37.04903999999999,22.979716000000003,False,126408_68,126408_231
126408,2,68,2394.768,4648,250101,2625,Carry,,48.14502,35.22842,47.536335,28.923663999999995,False,126408_68,126408_233
