game_id,period_id,episode_id,time_seconds,team_id,player_id,action_id,type_name,result_name,start_x,start_y,end_x,end_y,is_home,game_episode,phase
126408,2,74,2877.5,4643,500115,2818,Clearance,,5.123013,27.924744,17.13411,41.890652,True,126408_74,126408_256
126408,2,74,2934.6670000000004,4643,500502,2865,Pass,Unsuccessful,42.30534,42.027876000000006,71.50332,0.0,True,126408_74,126408_264
