game_id,period_id,episode_id,time_seconds,team_id,player_id,action_id,type_name,result_name,start_x,start_y,end_x,end_y,is_home,game_episode,phase
126408,2,51,437.33400000000006,4643,145673,1573,Carry,,23.334255,52.090312,22.57647,45.84186,True,126408_51,126408_132
126408,2,51,464.26800000000026,4643,187259,1598,Carry,,21.97146,12.619167999999997,34.583955,3.5169599999999974,True,126408_51,126408_136
