game_id,period_id,episode_id,time_seconds,team_id,player_id,action_id,type_name,result_name,start_x,start_y,end_x,end_y,is_home,game_episode,phase
126469,1,4,118.368,4639,77828,51,Carry,,21.60018,29.136232,24.306765,27.725435999999995,True,126469_4,126469_117
126469,1,4,142.133,4646,250145,66,Pass,Successful,29.52978,60.385428,41.68731,66.9324408,False,126469_4,126469_118
126469,1,4,154.001,4646,356604,80,Carry,,13.202804999999998,60.074464,21.830865000000003,42.24568,False,126469_4,126469_118
126469,1,4,165.733,4646,500452,84,Pass,Unsuccessful,40.74945,14.49046,92.861685,9.314368000000002,False,126469_4,126469_118
