game_id,period_id,episode_id,time_seconds,team_id,player_id,action_id,type_name,result_name,start_x,start_y,end_x,end_y,is_home,game_episode,phase
126469,1,22,1496.534,4646,500452,741,Carry,,42.374745,26.061884,44.23902,22.33052,False,126469_22,126469_46
126469,1,22,1503.868,4646,356596,747,Carry,,63.21272999999999,8.359648,60.796575,16.311363999999998,False,126469_22,126469_46
126469,1,22,1527.667,4639,491802,767,Pass,Successful,50.1879,60.59446,47.691735,66.1988364,True,126469_22,126469_47
126469,1,22,1533.967,4639,354806,772,Pass,Unsuccessful,50.516235,34.880532,81.296565,32.32754,True,126469_22,126469_47
