game_id,period_id,episode_id,time_seconds,team_id,player_id,action_id,type_name,result_name,start_x,start_y,end_x,end_y,is_home,game_episode,phase
126469,2,70,2570.3010000000004,4646,356604,2412,Carry,,34.59445500000001,53.716056,63.885885,65.703368,False,126469_70,126469_234
126469,2,70,2579.084,4646,61623,2416,Pass,Successful,58.95477,50.704064,60.45102,17.701216000000002,False,126469_70,126469_234
126469,2,70,2586.566,4646,61623,2422,Pass,Successful,53.67285,39.668412,57.729945,34.857956,False,126469_70,126469_234
