game_id,period_id,episode_id,time_seconds,team_id,player_id,action_id,type_name,result_name,start_x,start_y,end_x,end_y,is_home,game_episode,phase
126400,1,25,2296.267,2354,142109,1060,Recovery,,2.658001499999997,32.303672,2.658001499999997,32.303672,False,126400_25,126400_53
126400,1,25,2327.362,2354,344559,1085,Pass,Successful,47.843355,45.811668,78.56793,66.508012,False,126400_25,126400_53
