game_id,period_id,episode_id,time_seconds,team_id,player_id,action_id,type_name,result_name,start_x,start_y,end_x,end_y,is_home,game_episode,phase
126400,1,10,584.467,4639,491810,316,Pass,Successful,42.177975,44.512732,49.304325,61.196804,True,126400_10,126400_4
126400,1,10,591.5,4639,491810,320,Pass,Successful,33.93264,45.952292,41.323800000000006,38.651268,True,126400_10,126400_4
126400,1,10,606.867,4639,412018,329,Pass,Successful,52.603425,17.401812000000007,64.344735,15.22486,True,126400_10,126400_4
126400,1,10,608.067,4639,188342,331,Pass,Successful,64.344735,15.22486,68.700555,1.4851199999999949,True,126400_10,126400_4
126400,1,10,621.3679999999999,4639,345444,343,Carry,,61.384260000000005,26.047740000000005,63.17052,28.69056,True,126400_10,126400_6
126400,1,10,743.968,2354,500150,380,Carry,,58.83822,15.352904000000002,62.335245,19.365788,False,126400_10,126400_9
126400,1,10,800.3000000000001,2354,500150,414,Pass,Successful,75.64431,3.0068239999999946,77.679,10.113979999999998,False,126400_10,126400_11
126400,1,10,850.634,4639,188342,458,Carry,,63.33516,35.920524,70.943145,38.02832,True,126400_10,126400_12
