game_id,period_id,episode_id,time_seconds,team_id,player_id,action_id,type_name,result_name,start_x,start_y,end_x,end_y,is_home,game_episode,phase
126400,2,49,1910.048,2354,253677,2451,Pass,Successful,90.576045,4.8606399999999965,76.7655,8.493200000000002,False,126400_49,126400_185
126400,2,49,1933.5290000000005,2354,150850,2475,Pass,Successful,59.87037,27.005112,65.960895,54.805756,False,126400_49,126400_185
126400,2,49,1943.601,2354,344558,2482,Pass,Successful,68.22333,41.70134,72.956835,22.799244,False,126400_49,126400_185
