,game_id,period_id,episode_id,time_seconds,team_id,player_id,action_id,type_name,result_name,start_x,start_y,end_x,end_y,is_home,game_episode,phase
0,153371,2,73,1957.3330000000003,2354,529466,2509,Pass_Freekick,Successful,70.94619,13.804136,74.081385,2.780928000000003,False,153371_73,153371_267
1,153371,2,73,1958.701,2354,500152,2511,Carry,,74.081385,2.780928000000003,79.562385,1.8039720000000017,False,153371_73,153371_267
2,153371,2,73,1960.367,2354,500152,2512,Pass,Successful,79.562385,1.8039720000000017,,,False,153371_73,153371_267
