game_id,period_id,episode_id,time_seconds,team_id,player_id,action_id,type_name,result_name,start_x,start_y,end_x,end_y,is_home,game_episode,phase
126394,2,63,2097.4000000000005,4639,77828,2697,Pass,Successful,40.16092499999999,49.44348,47.31258,25.739087999999995,False,126394_63,126394_195
126394,2,63,2107.0,4639,188342,2702,Duel,Successful,85.16634,23.232676,85.16634,23.232676,False,126394_63,126394_195
126394,2,63,2122.0,4639,491801,2712,Recovery,,22.128015000000005,26.941531999999995,22.128015000000005,26.941531999999995,False,126394_63,126394_199
126394,2,63,2126.1670000000004,4639,97086,2715,Pass,Successful,40.43980500000001,17.876452,53.32236,29.865192,False,126394_63,126394_199
126394,2,63,2138.467000000001,4639,97086,2726,Pass,Successful,88.027485,33.142656,92.05182,36.991116,False,126394_63,126394_199
