game_id,period_id,episode_id,time_seconds,team_id,player_id,action_id,type_name,result_name,start_x,start_y,end_x,end_y,is_home,game_episode,phase
126394,2,48,332.1679999999999,4639,491810,1734,Carry,,27.485744999999994,30.193496000000003,33.336240000000004,29.30018,False,126394_48,126394_119
126394,2,48,338.567,4639,345446,1737,Pass,Successful,46.01457,33.029232,34.18401,34.209984,False,126394_48,126394_119
126394,2,48,346.63400000000024,4639,491810,1746,Carry,,35.02064999999999,41.410504,41.072325,41.267296,False,126394_48,126394_119
126394,2,48,355.5,4639,345445,1751,Pass,Successful,57.37557,60.18714,68.570145,52.440104,False,126394_48,126394_119
126394,2,48,360.0,4639,345446,1756,Pass,Successful,66.37575,42.56154,61.45461,15.376363999999995,False,126394_48,126394_119
