game_id,period_id,episode_id,time_seconds,team_id,player_id,action_id,type_name,result_name,start_x,start_y,end_x,end_y,is_home,game_episode,phase
126394,1,40,2751.567,4639,491810,1563,Pass,Unsuccessful,33.764325,10.846544000000002,79.118025,24.956748,False,126394_40,126394_105
126394,1,40,2754.1330000000003,4640,146168,1564,Interception,,25.881975,43.043252,25.8279,50.392488,True,126394_40,126394_106
126394,1,40,2761.434,4639,345445,1574,Pass,Unsuccessful,83.22499499999999,23.03194000000001,105.0,22.15984,False,126394_40,126394_107
