game_id,period_id,episode_id,time_seconds,team_id,player_id,action_id,type_name,result_name,start_x,start_y,end_x,end_y,is_home,game_episode,phase
126313,1,11,803.491,4220,354809,562,Throw-In,Successful,12.269040000000004,68.0,21.327704999999995,67.0619332,False,126313_11,126313_16
126313,1,11,805.043,4220,500530,564,Pass,Successful,21.327704999999995,67.0619332,14.650229999999992,67.62845004,False,126313_11,126313_16
126313,1,11,806.097,4220,354809,566,Pass,Successful,14.650229999999992,67.62845004,22.77544499999999,67.54979376,False,126313_11,126313_16
126313,1,11,807.222,4220,500530,568,Carry,,22.77544499999999,67.54979376,19.137405,68.0,False,126313_11,126313_16
126313,1,11,808.754,4220,500530,569,Pass,Successful,19.137405,68.0,14.153265000000005,67.972871332,False,126313_11,126313_16
126313,1,11,808.833,2354,344558,570,Tackle,Unsuccessful,85.668765,0.2073319999999938,85.668765,0.2073319999999938,True,126313_11,126313_17
126313,1,11,809.133,4220,354809,572,Pass,Unsuccessful,14.153265000000005,67.972871332,14.887845,68.0,False,126313_11,126313_18
