game_id,period_id,episode_id,time_seconds,team_id,player_id,action_id,type_name,result_name,start_x,start_y,end_x,end_y,is_home,game_episode,phase
126313,1,3,131.6,2354,142106,90,Throw-In,Successful,93.315915,0.0,98.293545,5.522416,True,126313_3,126313_73
126313,1,3,132.634,2354,289401,92,Carry,,98.293545,5.522416,98.182455,1.234471999999997,True,126313_3,126313_73
126313,1,3,134.267,2354,289401,93,Pass,Unsuccessful,98.182455,1.234471999999997,96.922875,2.493083999999996,True,126313_3,126313_73
