game_id,period_id,episode_id,time_seconds,team_id,player_id,action_id,type_name,result_name,start_x,start_y,end_x,end_y,is_home,game_episode,phase
126357,2,67,1159.933,2353,356626,1998,Pass_Freekick,Successful,31.093755,66.1077504,82.8282,20.527296,True,126357_67,126357_222
126357,2,67,1222.468,4641,187313,2022,Carry,,47.511975,38.554164,54.25077,39.366832,False,126357_67,126357_225
