game_id,period_id,episode_id,time_seconds,team_id,player_id,action_id,type_name,result_name,start_x,start_y,end_x,end_y,is_home,game_episode,phase
126357,1,25,1417.8,4641,346036,809,Duel,Successful,58.379475,5.367784,58.379475,5.367784,False,126357_25,126357_79
126357,1,25,1428.334,2353,500576,825,Carry,,32.41602,27.691368,31.347015,31.52004,True,126357_25,126357_80
126357,1,25,1460.868,2353,356618,851,Carry,,58.77333,39.2462,65.13864000000001,35.579844,True,126357_25,126357_84
