game_id,period_id,episode_id,time_seconds,team_id,player_id,action_id,type_name,result_name,start_x,start_y,end_x,end_y,is_home,game_episode,phase
126357,1,43,2529.067,4641,500604,1304,Shot_Freekick,On Target,92.71311,56.814544,105.0,36.18924436,False,126357_43,126357_149
126357,1,43,2530.0,2353,356626,1305,Parry,,0.17589705,32.681276,0.17589705,32.681276,True,126357_43,126357_150
126357,1,43,2535.2000000000003,2353,356625,1311,Clearance,,22.38159,23.963880000000003,26.66370000000001,15.473332,True,126357_43,126357_152
126357,1,43,2546.867,2353,356611,1322,Pass,Successful,28.739025,1.3884240000000003,44.946405000000006,17.904536,True,126357_43,126357_154
126357,1,43,2548.9,2353,356624,1324,Pass,Successful,44.946405000000006,17.904536,47.97408,4.020499999999998,True,126357_43,126357_154
