game_id,period_id,episode_id,time_seconds,team_id,player_id,action_id,type_name,result_name,start_x,start_y,end_x,end_y,is_home,game_episode,phase
126357,2,48,23.9670000000001,2353,356618,1485,Pass,Successful,47.358885,48.671816,42.02289,43.463628,True,126357_48,126357_166
126357,2,48,27.333000000000084,2353,356609,1489,Pass,Unsuccessful,48.73659,65.5762012,68.481315,55.355944,True,126357_48,126357_166
126357,2,48,44.33300000000008,2353,356618,1502,Pass,Successful,40.769925,53.265148,49.401135,9.999603999999998,True,126357_48,126357_168
126357,2,48,62.0,2353,356615,1519,Cross,Unsuccessful,91.816725,57.79694,95.92023,18.680620000000005,True,126357_48,126357_170
126357,2,48,64.5,2353,356611,1521,Pass,Successful,95.92023,18.680620000000005,92.652945,24.043099999999995,True,126357_48,126357_170
