game_id,period_id,episode_id,time_seconds,team_id,player_id,action_id,type_name,result_name,start_x,start_y,end_x,end_y,is_home,game_episode,phase
126357,1,1,12.333,2353,356612,8,Interception,,47.52216,12.001048000000004,47.52216,12.001048000000004,True,126357_1,126357_2
126357,1,1,13.533,2353,356612,10,Pass,Successful,43.644825,7.922747999999999,38.395455000000005,2.981663999999995,True,126357_1,126357_2
126357,1,1,17.033,2353,356612,15,Pass,Successful,32.485635,6.7728680000000026,5.21157,20.383612,True,126357_1,126357_2
