game_id,period_id,episode_id,time_seconds,team_id,player_id,action_id,type_name,result_name,start_x,start_y,end_x,end_y,is_home,game_episode,phase
126429,2,50,846.9670000000001,4648,250079,1884,Goal Kick,Successful,5.292126,33.04664,6.2956215,44.437728,True,126429_50,126429_147
126429,2,50,851.568,4648,250079,1888,Carry,,2.4422685,30.075312000000004,4.6238220000000005,22.714312000000007,True,126429_50,126429_147
126429,2,50,853.933,4220,500533,1890,Interception,,76.573455,48.05356,83.02948500000001,54.538584,False,126429_50,126429_148
126429,2,50,879.6330000000003,4648,77414,1906,Pass,Successful,70.783545,59.015704,88.9602,67.2191492,True,126429_50,126429_151
