game_id,period_id,episode_id,time_seconds,team_id,player_id,action_id,type_name,result_name,start_x,start_y,end_x,end_y,is_home,game_episode,phase
126429,1,33,2501.9,4648,500135,1168,Duel,Successful,46.69917,3.596519999999998,46.69917,3.596519999999998,True,126429_33,126429_85
126429,1,33,2502.6330000000003,4648,500135,1172,Pass,Unsuccessful,44.382345,3.1358199999999954,46.560465,5.2908080000000055,True,126429_33,126429_85
126429,1,33,2531.1340000000005,4220,500549,1193,Carry,,74.31123,21.132428000000004,72.59700000000001,27.926920000000003,False,126429_33,126429_86
126429,1,33,2542.667,4220,527822,1201,Pass,Successful,62.874105,40.524532,68.5986,25.105056,False,126429_33,126429_86
126429,1,33,2548.2670000000003,4220,500534,1207,Pass,Successful,74.21231999999999,30.357784,66.132255,29.02274,False,126429_33,126429_86
