game_id,period_id,episode_id,time_seconds,team_id,player_id,action_id,type_name,result_name,start_x,start_y,end_x,end_y,is_home,game_episode,phase
126429,1,28,1927.49,4648,500140,863,Pass,Successful,49.76496,23.25294,31.421775,34.870808,True,126429_28,126429_51
126429,1,28,1963.3,4220,527822,893,Pass,Successful,55.770435000000006,12.625424000000002,55.924995,43.912496,False,126429_28,126429_52
126429,1,28,1977.2,4648,250101,901,Pass,Unsuccessful,78.702435,31.59178,89.33295000000001,36.996556,True,126429_28,126429_53
126429,1,28,1980.033,4648,145703,904,Recovery,,64.224405,36.163216000000006,64.224405,36.163216000000006,True,126429_28,126429_55
