game_id,period_id,episode_id,time_seconds,team_id,player_id,action_id,type_name,result_name,start_x,start_y,end_x,end_y,is_home,game_episode,phase
126429,2,40,124.16799999999992,4220,215699,1468,Carry,,35.66493,62.7085392,35.485905,57.009568,False,126429_40,126429_106
126429,2,40,140.26700000000028,4648,77414,1483,Pass,Successful,46.58997,52.87714,43.28604,58.357124,True,126429_40,126429_107
126429,2,40,142.0329999999999,4220,527822,1486,Interception,,60.74439,15.03378,66.27852,13.410687999999992,False,126429_40,126429_108
