game_id,period_id,episode_id,time_seconds,team_id,player_id,action_id,type_name,result_name,start_x,start_y,end_x,end_y,is_home,game_episode,phase
126392,1,21,1382.834,4657,500484,690,Pass_Freekick,Successful,37.990995,16.58554,34.689375,34.906984,False,126392_21,126392_34
126392,1,21,1394.123,4657,500469,700,Carry,,30.587655,40.586684,39.11061000000001,45.96324,False,126392_21,126392_34
126392,1,21,1403.733,4657,500486,708,Recovery,,71.765295,9.788191999999995,79.20696000000001,11.156555999999997,False,126392_21,126392_38
126392,1,21,1412.301,4657,187343,717,Carry,,93.592905,15.877456000000002,100.1980665,21.303516,False,126392_21,126392_38
126392,1,21,1420.7,2353,526908,723,Recovery,,16.955925,47.404228,16.955925,47.404228,True,126392_21,126392_41
126392,1,21,1460.705,4657,500484,753,Carry,,34.609365,14.549211999999995,37.6908,13.618292000000004,False,126392_21,126392_42
126392,1,21,1489.977,4657,500469,770,Carry,,30.117989999999992,33.228608,32.909415,34.55488,False,126392_21,126392_42
