game_id,period_id,episode_id,time_seconds,team_id,player_id,action_id,type_name,result_name,start_x,start_y,end_x,end_y,is_home,game_episode,phase
126392,2,70,2495.6670000000004,2353,500561,2742,Block,,90.9132,34.20876,90.9132,34.20876,True,126392_70,126392_253
126392,2,70,2519.3810000000003,4657,500465,2757,Pass,Successful,35.04626999999999,63.3507312,28.387275,51.002924,False,126392_70,126392_256
126392,2,70,2521.995,4657,500476,2759,Pass,Successful,29.37669,50.914524,32.30293499999999,21.787676,False,126392_70,126392_256
