game_id,period_id,episode_id,time_seconds,team_id,player_id,action_id,type_name,result_name,start_x,start_y,end_x,end_y,is_home,game_episode,phase
126438,2,75,2945.9000000000005,316,344471,2551,Shot,On Target,98.62587,20.037492,105.0,32.037715432,False,126438_75,126438_268
126438,2,75,2952.478,4639,77845,2558,Carry,,11.707815,65.7614536,32.55672,66.82649,True,126438_75,126438_269
126438,2,75,2953.267,316,139210,2559,Tackle,Unsuccessful,91.149975,3.205044000000001,91.149975,3.205044000000001,False,126438_75,126438_270
126438,2,75,2978.9000000000005,316,344471,2573,Pass,Successful,36.29724,10.837295999999997,19.894245,25.997012,False,126438_75,126438_274
126438,2,75,2982.867,316,77579,2577,Pass,Successful,20.545770000000005,41.5429,18.894855000000007,26.061204,False,126438_75,126438_274
126438,2,75,2989.133,316,344471,2582,Pass,Unsuccessful,42.774795,26.967507999999995,71.664285,47.003708,False,126438_75,126438_274
126438,2,75,2997.6800000000003,4639,142258,2587,Pass,Successful,22.867635,40.940692,35.899185,38.34758,True,126438_75,126438_275
126438,2,75,3043.552,4639,354806,2618,Pass,Successful,61.267185000000005,28.558028,56.401485,43.10758,True,126438_75,126438_275
126438,2,75,3073.5160000000005,4639,527819,2647,Pass,Unsuccessful,70.166985,19.686816,82.961025,68.0,True,126438_75,126438_277
