game_id,period_id,episode_id,time_seconds,team_id,player_id,action_id,type_name,result_name,start_x,start_y,end_x,end_y,is_home,game_episode,phase
126438,1,1,32.709,4639,527819,21,Pass,Unsuccessful,49.0791,29.164724,82.272225,16.404932000000002,True,126438_1,126438_1
126438,1,1,36.333,316,407441,25,Pass,Unsuccessful,27.222719999999995,48.946264,28.039725000000004,48.442316,False,126438_1,126438_2
