game_id,period_id,episode_id,time_seconds,team_id,player_id,action_id,type_name,result_name,start_x,start_y,end_x,end_y,is_home,game_episode,phase
126438,1,22,1807.681,4639,77828,930,Carry,,15.598905,43.3823,36.03012,49.275724,True,126438_22,126438_57
126438,1,22,1834.383,316,344468,949,Recovery,,19.527585,53.34736,19.527585,53.34736,False,126438_22,126438_60
126438,1,22,1896.564,4639,188342,997,Pass,Unsuccessful,68.23446,9.053995999999998,80.271135,22.632916,True,126438_22,126438_65
126438,1,22,1905.901,4639,345446,1006,Carry,,78.450645,46.865056,72.92796,52.641316,True,126438_22,126438_69
126438,1,22,1910.313,4639,77845,1009,Pass,Successful,75.243315,64.4167808,78.65445,58.888476,True,126438_22,126438_69
126438,1,22,1911.367,4639,412018,1011,Pass,Successful,78.65445,58.888476,58.52658,51.75854,True,126438_22,126438_69
