game_id,period_id,episode_id,time_seconds,team_id,player_id,action_id,type_name,result_name,start_x,start_y,end_x,end_y,is_home,game_episode,phase
126438,2,42,493.433,316,77579,1609,Pass,Successful,34.58238,52.387404,48.416445,62.2306964,False,126438_42,126438_130
126438,2,42,507.6340000000002,316,188266,1618,Carry,,88.69917,7.221328,88.12881,3.329415999999995,False,126438_42,126438_130
126438,2,42,515.471,4639,77845,1629,Pass,Successful,20.96682,61.4425832,39.13203,65.0020092,True,126438_42,126438_133
126438,2,42,525.2000000000003,4639,188342,1636,Pass,Successful,56.309610000000006,54.99398,45.520755,46.415168,True,126438_42,126438_135
126438,2,42,533.067,4639,527819,1641,Pass,Successful,45.318,25.659527999999995,50.226015,11.994792000000004,True,126438_42,126438_135
126438,2,42,541.6670000000001,4639,527819,1646,Carry,,41.69298,26.417455999999994,43.75539,28.932504,True,126438_42,126438_135
