game_id,period_id,episode_id,time_seconds,team_id,player_id,action_id,type_name,result_name,start_x,start_y,end_x,end_y,is_home,game_episode,phase
126301,1,8,501.8,4640,61913,195,Throw-In,Unsuccessful,89.25923999999999,68.0,100.121175,42.397116,True,126301_8,126301_279
126301,1,8,503.633,2354,61981,196,Duel,Successful,5.095093500000004,25.903648000000004,5.095093500000004,25.903648000000004,False,126301_8,126301_280
126301,1,8,503.633,2354,61981,197,Interception,,5.095093500000004,25.903648000000004,5.095093500000004,25.903648000000004,False,126301_8,126301_280
126301,1,8,503.633,2354,61981,198,Clearance,,5.095093500000004,25.903648000000004,5.004824999999997,15.739824,False,126301_8,126301_280
126301,1,8,505.633,2354,500152,199,Recovery,,5.004824999999997,15.739824,5.004824999999997,15.739824,False,126301_8,126301_280
126301,1,8,506.68,2354,500152,200,Pass,Successful,6.376807499999998,17.347887999999998,17.130645,13.586875999999997,False,126301_8,126301_280
126301,1,8,507.4,2354,77545,202,Pass,Successful,17.130645,13.586875999999997,12.738074999999997,12.105427999999996,False,126301_8,126301_280
126301,1,8,508.133,2354,250037,204,Pass,Successful,12.738074999999997,12.105427999999996,19.640985,12.667788000000002,False,126301_8,126301_280
