game_id,period_id,episode_id,time_seconds,team_id,player_id,action_id,type_name,result_name,start_x,start_y,end_x,end_y,is_home,game_episode,phase
126471,1,14,734.767,4644,250060,386,Pass_Freekick,Successful,18.44682,61.152332,81.339405,66.3007752,False,126471_14,126471_11
126471,1,14,742.167,4643,408792,393,Pass,Successful,21.52227,3.1047439999999966,28.874685,3.2824959999999948,True,126471_14,126471_12
126471,1,14,742.167,4643,408792,392,Recovery,,21.52227,3.1047439999999966,28.874685,3.2824959999999948,True,126471_14,126471_12
126471,1,14,746.2,4643,500115,398,Pass,Successful,15.73782,26.309608,27.674955,44.629148,True,126471_14,126471_12
126471,1,14,762.833,4643,187253,406,Pass,Successful,60.05853,38.302564,70.8141,42.143272,True,126471_14,126471_12
