game_id,period_id,episode_id,time_seconds,team_id,player_id,action_id,type_name,result_name,start_x,start_y,end_x,end_y,is_home,game_episode,phase
126471,2,48,2.76700000000028,4643,187253,1495,Pass,Successful,39.59382,43.93922,51.038715,64.67832920000001,True,126471_48,126471_124
126471,2,48,15.900000000000093,4643,187794,1504,Pass,Unsuccessful,73.254825,65.3779812,89.312055,42.90256,True,126471_48,126471_124
126471,2,48,17.59999999999991,4644,529335,1506,Pass,Successful,15.825074999999998,24.268452000000003,25.322745,20.589244,False,126471_48,126471_125
