game_id,period_id,episode_id,time_seconds,team_id,player_id,action_id,type_name,result_name,start_x,start_y,end_x,end_y,is_home,game_episode,phase
126471,1,32,1790.724,4644,500520,964,Pass,Successful,30.873255,52.207136,23.677080000000004,49.740028,False,126471_32,126471_77
126471,1,32,1805.351,4644,500515,981,Carry,,11.641140000000007,11.239787999999995,15.604784999999993,11.895172000000002,False,126471_32,126471_77
126471,1,32,1818.367,4643,500115,992,Pass,Successful,42.219345,49.92866,50.359365,33.438796,True,126471_32,126471_78
126471,1,32,1827.234,4643,187253,999,Carry,,53.756325,43.851024,60.256665,45.819624,True,126471_32,126471_78
