game_id,period_id,episode_id,time_seconds,team_id,player_id,action_id,type_name,result_name,start_x,start_y,end_x,end_y,is_home,game_episode,phase
126471,1,13,661.267,4643,500502,371,Pass,Successful,21.340515,45.957596,10.65666,54.900548,True,126471_13,126471_10
126471,1,13,670.933,4643,500115,378,Pass,Successful,14.217,54.682676,2.4351285,31.771435999999994,True,126471_13,126471_10
