game_id,period_id,episode_id,time_seconds,team_id,player_id,action_id,type_name,result_name,start_x,start_y,end_x,end_y,is_home,game_episode,phase
126471,2,53,204.70100000000028,4643,408792,1592,Carry,,8.55288,16.652928000000003,20.372625,16.623687999999994,True,126471_53,126471_134
126471,2,53,223.6330000000003,4643,500502,1600,Pass,Successful,37.489515,17.989943999999994,29.12238,14.705543999999996,True,126471_53,126471_134
126471,2,53,228.20100000000028,4643,500115,1605,Carry,,29.937915,47.086192,36.84282,50.274236,True,126471_53,126471_134
126471,2,53,231.9000000000001,4643,187253,1608,Pass,Successful,46.241265,57.411244,39.339405,54.36294,True,126471_53,126471_134
126471,2,53,241.83300000000008,4643,500502,1616,Pass,Successful,55.758045,30.89988,63.85785,26.731888,True,126471_53,126471_134
126471,2,53,245.70000000000027,4644,529335,1623,Interception,,41.33745,42.373996000000005,41.33745,42.373996000000005,False,126471_53,126471_137
