game_id,period_id,episode_id,time_seconds,team_id,player_id,action_id,type_name,result_name,start_x,start_y,end_x,end_y,is_home,game_episode,phase
126288,2,47,27.26700000000028,2353,356609,1394,Pass,Unsuccessful,18.11271,63.0822672,33.13012499999999,52.995936,False,126288_47,126288_153
126288,2,47,32.40000000000009,2353,356619,1400,Block,,16.754850000000005,34.03094,16.754850000000005,34.03094,False,126288_47,126288_155
126288,2,47,35.233000000000175,2353,500569,1403,Block,,11.474925,36.519944,11.474925,36.519944,False,126288_47,126288_157
126288,2,47,37.56700000000001,2353,356617,1404,Recovery,,4.286120999999994,34.374952,4.286120999999994,34.374952,False,126288_47,126288_157
