game_id,period_id,episode_id,time_seconds,team_id,player_id,action_id,type_name,result_name,start_x,start_y,end_x,end_y,is_home,game_episode,phase
126288,2,56,762.1330000000003,2353,356612,1762,Recovery,,47.80125,46.70682,60.382875,54.019948,False,126288_56,126288_211
126288,2,56,765.5,2353,356618,1766,Recovery,,49.075215,46.50655999999999,60.54048,44.691096,False,126288_56,126288_213
126288,2,56,769.7000000000003,4644,62086,1770,Pass,Successful,44.48703,35.712104,36.1578,40.484548,True,126288_56,126288_214
126288,2,56,770.8670000000002,4644,500520,1772,Pass,Unsuccessful,36.1578,40.484548,47.874435,68.0,True,126288_56,126288_214
