game_id,period_id,episode_id,time_seconds,team_id,player_id,action_id,type_name,result_name,start_x,start_y,end_x,end_y,is_home,game_episode,phase
126288,2,57,783.6330000000003,2353,356614,1774,Throw-In,Successful,57.125565,0.0,62.581995,2.7605959999999925,False,126288_57,126288_215
126288,2,57,794.0,2353,356617,1781,Pass,Successful,17.644094999999993,25.87808,21.658665,37.689952,False,126288_57,126288_215
126288,2,57,809.0999999999999,2353,356612,1790,Pass,Unsuccessful,50.963745,13.337316,78.010905,10.498587999999998,False,126288_57,126288_215
