game_id,period_id,episode_id,time_seconds,team_id,player_id,action_id,type_name,result_name,start_x,start_y,end_x,end_y,is_home,game_episode,phase
126409,1,9,367.2,4646,356599,205,Throw-In,Successful,15.576435000000004,68.0,21.23488499999999,66.588082,False,126409_9,126409_306
126409,1,9,367.967,4646,356596,207,Pass,Successful,21.23488499999999,66.588082,16.273425000000003,67.1778732,False,126409_9,126409_306
126409,1,9,368.067,4644,62112,208,Tackle,Unsuccessful,84.714105,0.0227799999999973,84.714105,0.0227799999999973,True,126409_9,126409_307
126409,1,9,369.167,4646,356599,210,Pass,Successful,17.61228,65.7033476,19.789665,63.5530312,False,126409_9,126409_308
126409,1,9,369.867,4646,356596,212,Pass,Successful,19.736954999999995,63.693764,17.334239999999994,66.1888132,False,126409_9,126409_308
126409,1,9,370.368,4646,356599,214,Carry,,17.334239999999994,66.1888132,22.144605,67.19794,False,126409_9,126409_308
126409,1,9,372.067,4644,62098,215,Intervention,,82.855395,0.8020599999999973,82.855395,0.8020599999999973,True,126409_9,126409_309
126409,1,9,373.933,4646,356604,216,Recovery,,12.864180000000005,67.2062904,49.41804,57.242808,False,126409_9,126409_310
126409,1,9,373.933,4646,356604,217,Pass,Successful,12.864180000000005,67.2062904,49.41804,57.242808,False,126409_9,126409_310
