game_id,period_id,episode_id,time_seconds,team_id,player_id,action_id,type_name,result_name,start_x,start_y,end_x,end_y,is_home,game_episode,phase
126409,1,3,115.1,4644,62082,49,Goal Kick,Unsuccessful,4.24494,41.181548,63.148155,50.029232,True,126409_3,126409_69
126409,1,3,118.867,4646,146189,50,Duel,Successful,41.866545,18.132404,41.866545,18.132404,False,126409_3,126409_70
126409,1,3,118.867,4646,146189,51,Tackle,Successful,41.866545,18.132404,41.866545,18.132404,False,126409_3,126409_70
126409,1,3,118.867,4646,146189,52,Interception,,41.866545,18.132404,41.866545,18.132404,False,126409_3,126409_70
126409,1,3,118.868,4646,146189,53,Carry,,41.866545,18.132404,46.748415,15.800956,False,126409_3,126409_70
126409,1,3,120.367,4646,146189,54,Clearance,,46.748415,15.800956,48.55116,16.270088,False,126409_3,126409_70
126409,1,3,120.467,4644,250055,55,Block,,56.44884,51.729912,56.44884,51.729912,True,126409_3,126409_71
126409,1,3,121.833,4646,146185,56,Recovery,,35.937825000000004,13.166295999999996,18.14757,11.971807999999996,False,126409_3,126409_72
126409,1,3,121.833,4646,146185,57,Pass,Successful,35.937825000000004,13.166295999999996,18.14757,11.971807999999996,False,126409_3,126409_72
