game_id,period_id,episode_id,time_seconds,team_id,player_id,action_id,type_name,result_name,start_x,start_y,end_x,end_y,is_home,game_episode,phase
126409,1,30,1504.333,4644,62112,748,Pass_Corner,Unsuccessful,104.59407,0.0,100.02489,29.226060000000004,True,126409_30,126409_73
126409,1,30,1505.733,4646,61645,749,Interception,,4.978806000000006,39.580012,4.978806000000006,39.580012,False,126409_30,126409_74
126409,1,30,1505.733,4646,61645,750,Clearance,,4.978806000000006,39.580012,24.912825,10.57638,False,126409_30,126409_74
126409,1,30,1509.833,4644,250076,751,Recovery,,80.087175,57.42362,89.92609499999999,36.986424,True,126409_30,126409_75
126409,1,30,1509.833,4644,250076,752,Cross,Unsuccessful,80.087175,57.42362,89.92609499999999,36.986424,True,126409_30,126409_75
126409,1,30,1510.967,4646,61623,753,Interception,,15.941834999999998,29.798348000000004,15.941834999999998,29.798348000000004,False,126409_30,126409_76
126409,1,30,1510.967,4646,61623,754,Clearance,,15.941834999999998,29.798348000000004,19.694745,53.819756000000005,False,126409_30,126409_76
126409,1,30,1513.733,4644,62112,755,Recovery,,85.305255,14.180243999999997,93.204405,29.717904,True,126409_30,126409_77
126409,1,30,1513.733,4644,62112,756,Pass,Unsuccessful,85.305255,14.180243999999997,93.204405,29.717904,True,126409_30,126409_77
