game_id,period_id,episode_id,time_seconds,team_id,player_id,action_id,type_name,result_name,start_x,start_y,end_x,end_y,is_home,game_episode,phase
126283,1,7,281.233,2354,500147,138,Pass_Freekick,Successful,44.896530000000006,9.3806,49.72905,1.1245159999999998,True,126283_7,126283_255
126283,1,7,299.168,2354,61979,149,Carry,,57.95076,64.681668,53.71947,57.382616,True,126283_7,126283_255
126283,1,7,320.2,4639,77845,161,Pass,Successful,10.67031,54.56898,0.5391266999999971,46.303716,False,126283_7,126283_256
126283,1,7,329.468,4639,491803,166,Carry,,9.189768,27.931272,11.448465,25.733444,False,126283_7,126283_256
126283,1,7,347.0,2354,500147,176,Recovery,,48.04842,12.319083999999997,46.21764,3.229184000000004,True,126283_7,126283_257
126283,1,7,422.667,2354,142106,244,Pass,Successful,64.713495,3.879128000000009,73.076325,0.5416880000000077,True,126283_7,126283_261
126283,1,7,432.197,4639,412018,252,Pass,Successful,41.889120000000005,59.93316,37.91581500000001,51.774996,False,126283_7,126283_262
126283,1,7,433.542,4639,188348,254,Pass,Successful,37.87854,51.707608,30.794925000000006,57.517528,False,126283_7,126283_262
