game_id,period_id,episode_id,time_seconds,team_id,player_id,action_id,type_name,result_name,start_x,start_y,end_x,end_y,is_home,game_episode,phase
126283,1,38,2717.433,4639,491802,1566,Error,,66.67846499999999,31.67066,66.67846499999999,31.67066,False,126283_38,126283_124
126283,1,38,2721.033,2354,142106,1569,Pass,Successful,17.476095,20.988336000000004,2.6751585,22.690172,True,126283_38,126283_125
126283,1,38,2722.6340000000005,2354,142109,1571,Carry,,2.6751585,22.690172,6.7380285,16.666868,True,126283_38,126283_125
126283,1,38,2735.668,2354,142106,1581,Carry,,54.63486,0.8026720000000012,72.795135,6.197792,True,126283_38,126283_127
126283,1,38,2738.933,2354,142106,1582,Cross,Unsuccessful,72.795135,6.197792,90.69459,28.585500000000003,True,126283_38,126283_127
126283,1,38,2750.4680000000003,2354,500145,1592,Carry,,70.87668,24.595600000000005,72.847005,29.179072000000005,True,126283_38,126283_129
126283,1,38,2755.2000000000003,4639,77845,1596,Duel,Successful,14.800695000000005,41.336928,14.800695000000005,41.336928,False,126283_38,126283_130
