game_id,period_id,episode_id,time_seconds,team_id,player_id,action_id,type_name,result_name,start_x,start_y,end_x,end_y,is_home,game_episode,phase
126283,2,63,1868.91,4639,491802,2637,Carry,,66.96858,50.42744,64.94397000000001,48.032752,False,126283_63,126283_248
126283,2,63,1878.768,2354,253677,2650,Carry,,91.30002,9.826680000000003,97.49523,15.259132,True,126283_63,126283_249
126283,2,63,1881.6670000000004,4639,77845,2653,Interception,,7.558918500000004,52.964792,7.558918500000004,52.964792,False,126283_63,126283_250
