game_id,period_id,episode_id,time_seconds,team_id,player_id,action_id,type_name,result_name,start_x,start_y,end_x,end_y,is_home,game_episode,phase
126283,2,45,306.3670000000002,2354,250036,1801,Pass,Successful,18.468975,45.673356,26.21913,30.106184,True,126283_45,126283_147
126283,2,45,316.9000000000001,2354,500145,1809,Pass,Successful,48.30861,15.496656000000002,43.498245,43.24596,True,126283_45,126283_147
126283,2,45,347.9670000000001,2354,500147,1828,Pass,Successful,47.164635,28.7776,49.03248,40.12952,True,126283_45,126283_147
