game_id,period_id,episode_id,time_seconds,team_id,player_id,action_id,type_name,result_name,start_x,start_y,end_x,end_y,is_home,game_episode,phase
126342,2,71,1150.667,4643,500118,1882,Carry,,33.593805,34.39746,31.474590000000003,30.846432,True,126342_71,126342_202
126342,2,71,1167.446,4643,500113,1894,Carry,,14.054985,16.128239999999998,15.62169,12.000708000000005,True,126342_71,126342_204
126342,2,71,1168.6330000000005,4643,500113,1895,Pass,Successful,15.62169,12.000708000000005,22.99731,3.213408000000001,True,126342_71,126342_204
