game_id,period_id,episode_id,time_seconds,team_id,player_id,action_id,type_name,result_name,start_x,start_y,end_x,end_y,is_home,game_episode,phase
126342,1,39,2168.256,4643,500117,1064,Throw-In,Successful,85.42978500000001,68.0,62.38701,62.4793996,True,126342_39,126342_96
126342,1,39,2204.7300000000005,4639,491803,1090,Carry,,6.789604499999996,58.543376,7.961194500000005,61.6210084,False,126342_39,126342_97
126342,1,39,2207.833,4639,491811,1095,Pass,Unsuccessful,16.537080000000003,59.597512,72.12219,62.6976048,False,126342_39,126342_97
126342,1,39,2212.0660000000003,4643,500115,1096,Recovery,,32.07771,5.517588000000004,32.07771,5.517588000000004,True,126342_39,126342_98
126342,1,39,2212.0670000000005,4643,500115,1097,Carry,,32.07771,5.517588000000004,30.695805000000004,1.903183999999996,True,126342_39,126342_98
126342,1,39,2216.933,4643,500116,1100,Pass,Successful,9.152556,21.488,17.213175,35.989068,True,126342_39,126342_98
126342,1,39,2329.867,4639,491803,1183,Duel,Successful,12.362700000000004,32.89296,12.362700000000004,32.89296,False,126342_39,126342_107
126342,1,39,2329.867,4639,491803,1184,Interception,,12.362700000000004,32.89296,12.362700000000004,32.89296,False,126342_39,126342_107
