game_id,period_id,episode_id,time_seconds,team_id,player_id,action_id,type_name,result_name,start_x,start_y,end_x,end_y,is_home,game_episode,phase
126342,2,100,3025.5330000000004,4639,250902,2821,Clearance,,15.87957,37.279300000000006,50.256255,53.526948,False,126342_100,126342_5
126342,2,100,3039.933,4643,410634,2832,Recovery,,93.15264,32.724864000000004,93.15264,32.724864000000004,True,126342_100,126342_6
