game_id,period_id,episode_id,time_seconds,team_id,player_id,action_id,type_name,result_name,start_x,start_y,end_x,end_y,is_home,game_episode,phase
126342,2,86,2119.7,4639,407605,2359,Pass,Unsuccessful,39.42750000000001,5.037168000000001,50.0136,16.095668000000003,False,126342_86,126342_269
126342,2,86,2125.8010000000004,4643,408792,2365,Carry,,45.885735,29.620868,71.69295,12.418228,True,126342_86,126342_270
