game_id,period_id,episode_id,time_seconds,team_id,player_id,action_id,type_name,result_name,start_x,start_y,end_x,end_y,is_home,game_episode,phase
126458,1,19,1204.333,4648,360165,618,Pass,Successful,52.256295,53.524976,43.28709,40.3495,True,126458_19,126458_39
126458,1,19,1261.058,4639,187316,655,Pass,Successful,15.394260000000004,9.721688,20.602364999999992,17.332043999999996,False,126458_19,126458_42
126458,1,19,1262.643,4639,407605,657,Carry,,20.602364999999992,17.332043999999996,11.678624999999997,7.886164000000001,False,126458_19,126458_42
126458,1,19,1271.367,4639,407605,663,Intervention,,17.20299,21.526488,17.20299,21.526488,False,126458_19,126458_44
