game_id,period_id,episode_id,time_seconds,team_id,player_id,action_id,type_name,result_name,start_x,start_y,end_x,end_y,is_home,game_episode,phase
126458,2,45,72.83300000000008,4648,360166,1415,Pass,Successful,35.619675,8.912419999999997,32.209799999999994,0.6277759999999972,True,126458_45,126458_145
126458,2,45,77.93299999999999,4639,527819,1422,Clearance,,37.60323,50.425128,36.83694,31.369284,False,126458_45,126458_146
