game_id,period_id,episode_id,time_seconds,team_id,player_id,action_id,type_name,result_name,start_x,start_y,end_x,end_y,is_home,game_episode,phase
126440,2,86,2623.233,316,344468,2551,Pass,Successful,96.04959,63.5001408,87.79659,59.947848,True,126440_86,126440_237
126440,2,86,2625.467000000001,316,188258,2554,Pass,Successful,83.80596,56.157188,78.291045,50.990548,True,126440_86,126440_237
126440,2,86,2646.433,4641,187313,2570,Pass,Successful,28.22484,45.067476,36.187305,53.910332,False,126440_86,126440_238
