game_id,period_id,episode_id,time_seconds,team_id,player_id,action_id,type_name,result_name,start_x,start_y,end_x,end_y,is_home,game_episode,phase
126440,2,54,379.2670000000003,4641,145831,1659,Recovery,,67.705155,59.137084,78.04272,67.19403,False,126440_54,126440_138
126440,2,54,395.7670000000003,4641,500602,1678,Pass,Successful,67.745055,51.358972,74.75097000000001,51.4794,False,126440_54,126440_140
126440,2,54,407.3000000000002,4641,528608,1690,Recovery,,82.75302,50.327072,76.966995,43.402972,False,126440_54,126440_144
126440,2,54,411.2000000000003,4641,187313,1695,Interception,,68.085255,51.073508,68.085255,51.073508,False,126440_54,126440_146
126440,2,54,422.5329999999999,316,407441,1708,Pass,Successful,40.786095,33.52366,34.694835000000005,48.629044,True,126440_54,126440_149
