game_id,period_id,episode_id,time_seconds,team_id,player_id,action_id,type_name,result_name,start_x,start_y,end_x,end_y,is_home,game_episode,phase
126455,1,6,209.567,4657,532191,96,Pass_Freekick,Successful,52.450230000000005,16.391399999999997,44.485245,15.485776,True,126455_6,126455_185
126455,1,6,218.633,4657,500476,107,Pass,Successful,66.23148,2.121668,62.45799,7.284432000000002,True,126455_6,126455_185
126455,1,6,244.433,4648,250101,128,Pass,Successful,56.74977,49.669036,64.199625,34.349724,False,126455_6,126455_186
126455,1,6,263.5,4648,345466,139,Duel,Successful,69.22712999999999,66.3610028,69.22712999999999,66.3610028,False,126455_6,126455_186
126455,1,6,264.933,4657,500472,143,Block,,43.464645,1.3373559999999998,43.464645,1.3373559999999998,True,126455_6,126455_187
126455,1,6,272.216,4648,145701,152,Tackle,Successful,26.230785,60.878292,26.230785,60.878292,False,126455_6,126455_190
126455,1,6,279.168,4648,500138,157,Carry,,26.296409999999995,38.922112,28.652715,30.75850800000001,False,126455_6,126455_190
126455,1,6,293.225,4648,500139,167,Pass,Successful,24.919754999999995,40.07172,21.39165,47.327388,False,126455_6,126455_190
