game_id,period_id,episode_id,time_seconds,team_id,player_id,action_id,type_name,result_name,start_x,start_y,end_x,end_y,is_home,game_episode,phase
126455,2,46,165.433,4648,500140,1469,Pass,Successful,59.30022,7.654216000000005,66.000585,1.1137039999999985,False,126455_46,126455_140
126455,2,46,170.934,4648,250101,1476,Carry,,59.16529499999999,2.3184600000000017,51.406425,1.8300160000000003,False,126455_46,126455_140
126455,2,46,174.38900000000012,4648,250101,1480,Pass,Successful,42.789285,4.511663999999996,32.814809999999994,39.276188000000005,False,126455_46,126455_142
126455,2,46,179.33300000000008,4648,500138,1483,Pass,Successful,40.88038499999999,47.888116,58.510515000000005,66.0005824,False,126455_46,126455_142
126455,2,46,186.0909999999999,4648,62365,1487,Pass,Successful,53.420955,54.882256,52.806705,36.237676,False,126455_46,126455_142
