game_id,period_id,episode_id,time_seconds,team_id,player_id,action_id,type_name,result_name,start_x,start_y,end_x,end_y,is_home,game_episode,phase
126455,2,76,2133.1680000000006,4648,500140,2249,Carry,,47.5818,17.512923999999998,49.968555,28.932912,False,126455_76,126455_248
126455,2,76,2146.839,4648,359624,2257,Pass,Successful,64.71087,2.680831999999995,56.31276,12.51574,False,126455_76,126455_248
126455,2,76,2156.633,4657,357146,2269,Carry,,37.077495,30.419391999999995,43.634115,27.129144000000004,True,126455_76,126455_253
