game_id,period_id,episode_id,time_seconds,team_id,player_id,action_id,type_name,result_name,start_x,start_y,end_x,end_y,is_home,game_episode,phase
126455,2,56,598.1669999999999,4657,213491,1674,Recovery,,87.59583,51.730796,87.59583,51.730796,True,126455_56,126455_163
126455,2,56,603.4520000000002,4648,500138,1677,Interception,,10.0349025,0.0,10.0349025,0.0,False,126455_56,126455_164
