game_id,period_id,episode_id,time_seconds,team_id,player_id,action_id,type_name,result_name,start_x,start_y,end_x,end_y,is_home,game_episode,phase
126455,1,16,898.834,4648,145701,449,Carry,,42.47901,24.352296000000003,55.94568,23.32128,False,126455_16,126455_20
126455,1,16,909.433,4648,359624,453,Pass,Successful,69.72546,20.034704,42.54789,19.641392,False,126455_16,126455_20
126455,1,16,918.201,4648,250101,458,Carry,,47.785605,32.172568000000005,45.169215,35.109691999999995,False,126455_16,126455_20
126455,1,16,937.467,4657,529334,469,Carry,,11.45025,61.6449104,24.890040000000003,64.7617312,True,126455_16,126455_21
126455,1,16,949.4,4657,360391,482,Pass,Successful,10.344705,60.082692,44.10189,64.4341548,True,126455_16,126455_23
