game_id,period_id,episode_id,time_seconds,team_id,player_id,action_id,type_name,result_name,start_x,start_y,end_x,end_y,is_home,game_episode,phase
126303,2,72,1154.2330000000002,4641,73228,2156,Pass,Successful,49.563885,46.668672,59.988075,49.835568,True,126303_72,126303_212
126303,2,72,1162.468,4639,250902,2168,Carry,,45.674685,2.8209119999999928,53.52816,4.9979999999999976,False,126303_72,126303_217
126303,2,72,1229.033,4639,491810,2178,Pass,Successful,33.08119500000001,26.098264,12.622469999999993,40.93736,False,126303_72,126303_217
126303,2,72,1246.7000000000005,4641,500604,2187,Tackle,Successful,37.323195000000005,28.332608,30.85782,26.307704,True,126303_72,126303_218
126303,2,72,1248.567,4641,500602,2192,Pass,Successful,32.130734999999994,29.412924000000004,44.999535,38.67568,True,126303_72,126303_218
126303,2,72,1250.2000000000005,4639,187316,2194,Intervention,,59.15301,28.620724,59.15301,28.620724,False,126303_72,126303_219
