game_id,period_id,episode_id,time_seconds,team_id,player_id,action_id,type_name,result_name,start_x,start_y,end_x,end_y,is_home,game_episode,phase
126303,2,91,2351.133,4639,187316,2701,Throw-In,Successful,71.254575,0.0,78.60814500000001,0.9681160000000092,False,126303_91,126303_293
126303,2,91,2352.0,4639,250902,2703,Pass,Successful,78.60814500000001,0.9681160000000092,71.472975,1.228352000000001,False,126303_91,126303_293
