game_id,period_id,episode_id,time_seconds,team_id,player_id,action_id,type_name,result_name,start_x,start_y,end_x,end_y,is_home,game_episode,phase
126303,2,70,1082.2330000000002,4639,187316,2109,Pass,Successful,7.868752499999999,7.822651999999998,33.33981,31.493724,False,126303_70,126303_207
126303,2,70,1086.667,4639,354806,2112,Pass,Successful,37.36068,19.30418,72.72783,2.460648000000006,False,126303_70,126303_207
126303,2,70,1092.3000000000002,4639,345445,2115,Cross,Unsuccessful,94.99371,8.148304000000003,103.16334,31.327124,False,126303_70,126303_207
126303,2,70,1093.567,4641,250957,2116,Recovery,,1.37949,37.263388,1.37949,37.263388,True,126303_70,126303_208
