game_id,period_id,episode_id,time_seconds,team_id,player_id,action_id,type_name,result_name,start_x,start_y,end_x,end_y,is_home,game_episode,phase
126303,2,62,627.0,4639,491810,1871,Pass,Successful,23.72464500000001,19.932227999999995,30.000914999999992,30.533632,False,126303_62,126303_177
126303,2,62,657.2670000000003,4641,73228,1887,Pass,Unsuccessful,36.46167,0.1156679999999994,39.030495,7.419955999999999,True,126303_62,126303_178
