game_id,period_id,episode_id,time_seconds,team_id,player_id,action_id,type_name,result_name,start_x,start_y,end_x,end_y,is_home,game_episode,phase
126439,2,79,2154.567,4644,62105,2226,Throw-In,Successful,32.822895,0.0,27.68955,4.336768000000006,True,126439_79,126439_245
126439,2,79,2156.133,4644,62086,2228,Pass,Unsuccessful,29.056965,3.4005439999999965,30.333555,3.0128760000000057,True,126439_79,126439_245
