game_id,period_id,episode_id,time_seconds,team_id,player_id,action_id,type_name,result_name,start_x,start_y,end_x,end_y,is_home,game_episode,phase
126439,2,82,2324.367,4644,250060,2236,Pass_Freekick,Successful,16.320674999999998,36.013684,76.776945,15.908531999999994,True,126439_82,126439_247
126439,2,82,2329.4000000000005,4644,62098,2238,Pass,Successful,76.776945,15.908531999999994,80.91216,3.6063800000000015,True,126439_82,126439_247
126439,2,82,2331.267,4644,259766,2240,Pass,Successful,80.91216,3.6063800000000015,101.381385,7.364943999999994,True,126439_82,126439_247
