game_id,period_id,episode_id,time_seconds,team_id,player_id,action_id,type_name,result_name,start_x,start_y,end_x,end_y,is_home,game_episode,phase
126439,2,88,2973.467000000001,4644,259766,2516,Throw-In,Successful,57.86634,0.0,61.675635,4.452504000000005,True,126439_88,126439_287
126439,2,88,2974.2340000000004,4644,62112,2518,Carry,,61.675635,4.452504000000005,58.60375500000001,4.340032000000001,True,126439_88,126439_287
126439,2,88,2975.133,4644,62112,2519,Pass,Successful,58.60375500000001,4.340032000000001,51.01446,3.114536000000001,True,126439_88,126439_287
126439,2,88,2976.3,4644,259766,2521,Pass,Successful,51.01446,3.114536000000001,21.750855,29.056536,True,126439_88,126439_287
126439,2,88,2979.934,4644,250060,2523,Carry,,21.750855,29.056536,20.231505,25.764180000000003,True,126439_88,126439_287
126439,2,88,2981.7,4644,250060,2524,Pass,Successful,20.231505,25.764180000000003,67.331355,11.988808,True,126439_88,126439_287
126439,2,88,2984.9000000000005,4644,250055,2526,Pass,Successful,67.331355,11.988808,70.36197,28.576252000000004,True,126439_88,126439_287
