game_id,period_id,episode_id,time_seconds,team_id,player_id,action_id,type_name,result_name,start_x,start_y,end_x,end_y,is_home,game_episode,phase
126364,2,43,732.6669999999999,4648,500140,1901,Throw-In,Successful,72.43089,67.92681092,72.0195,60.562772,False,126364_43,126364_141
126364,2,43,752.4670000000001,4648,188178,1915,Recovery,,78.34638000000001,45.59842,78.34638000000001,45.59842,False,126364_43,126364_143
126364,2,43,754.6330000000003,4646,500452,1918,Interception,,16.17399,29.202735999999994,16.17399,29.202735999999994,True,126364_43,126364_144
