game_id,period_id,episode_id,time_seconds,team_id,player_id,action_id,type_name,result_name,start_x,start_y,end_x,end_y,is_home,game_episode,phase
126364,1,29,2611.692,4648,500139,1403,Pass,Successful,81.497325,51.349656,76.111455,38.890356,False,126364_29,126364_93
126364,1,29,2615.933,4648,500140,1408,Pass,Successful,61.06233,32.449668,68.24832,7.939544000000005,False,126364_29,126364_93
