game_id,period_id,episode_id,time_seconds,team_id,player_id,action_id,type_name,result_name,start_x,start_y,end_x,end_y,is_home,game_episode,phase
126364,2,70,2889.0330000000004,4646,356604,3085,Duel,Successful,65.5578,61.101332,65.5578,61.101332,True,126364_70,126364_262
126364,2,70,2891.934,4646,356604,3092,Carry,,64.75685999999999,52.6031,68.487405,42.83728,True,126364_70,126364_264
126364,2,70,2893.9000000000005,4648,250101,3093,Tackle,Unsuccessful,35.505435000000006,23.560503999999995,35.505435000000006,23.560503999999995,False,126364_70,126364_265
