game_id,period_id,episode_id,time_seconds,team_id,player_id,action_id,type_name,result_name,start_x,start_y,end_x,end_y,is_home,game_episode,phase
126364,2,35,0.8330000000000837,4646,356603,1534,Pass,Successful,52.372005,33.228472000000004,29.34351,31.632444,True,126364_35,126364_102
126364,2,35,10.568000000000008,4648,250079,1542,Carry,,10.928714999999997,24.50754,11.051145000000004,31.153996,False,126364_35,126364_103
126364,2,35,13.932999999999993,4648,250079,1543,Pass,Successful,11.051145000000004,31.153996,18.075644999999994,43.852452,False,126364_35,126364_103
126364,2,35,50.80000000000018,4648,188178,1572,Pass,Unsuccessful,85.895355,67.2447784,86.22663,66.3907936,False,126364_35,126364_107
126364,2,35,56.66699999999992,4646,356603,1581,Pass,Successful,33.418245000000006,3.517300000000006,45.73233,1.4729480000000024,True,126364_35,126364_110
