game_id,period_id,episode_id,time_seconds,team_id,player_id,action_id,type_name,result_name,start_x,start_y,end_x,end_y,is_home,game_episode,phase
126364,1,23,1812.133,4646,500452,978,Pass_Freekick,Successful,20.309835,41.805516,8.5194375,27.426711999999995,True,126364_23,126364_58
126364,1,23,1838.333,4648,500140,1000,Block,,9.327790500000006,60.359248,9.327790500000006,60.359248,False,126364_23,126364_59
126364,1,23,1853.2,4646,146189,1014,Pass,Successful,68.205165,13.172008000000003,57.82119,5.067019999999999,True,126364_23,126364_60
126364,1,23,1863.3,4646,61616,1021,Pass,Successful,69.00768000000001,6.251852,61.0596,13.542744,True,126364_23,126364_60
126364,1,23,1869.967,4646,250148,1027,Pass,Successful,74.935875,15.427023999999996,66.02484,12.648748000000005,True,126364_23,126364_60
