game_id,period_id,episode_id,time_seconds,team_id,player_id,action_id,type_name,result_name,start_x,start_y,end_x,end_y,is_home,game_episode,phase
126338,2,40,1064.6,4220,354809,2288,Throw-In,Successful,26.617815,68.0,12.323955,60.684832,True,126338_40,126338_142
126338,2,40,1066.601,4220,500527,2290,Carry,,12.323955,60.684832,16.065945,54.508868,True,126338_40,126338_142
126338,2,40,1068.567,4220,500527,2291,Pass,Successful,16.065945,54.508868,11.701515,36.828732,True,126338_40,126338_142
126338,2,40,1070.534,4220,500552,2293,Carry,,11.701515,36.828732,33.420660000000005,34.792268,True,126338_40,126338_142
126338,2,40,1085.333,4220,500552,2294,Pass,Successful,33.420660000000005,34.792268,35.966384999999995,50.71882,True,126338_40,126338_142
126338,2,40,1086.468,4220,500527,2296,Carry,,35.966384999999995,50.71882,41.513535000000005,47.552332,True,126338_40,126338_142
126338,2,40,1090.033,4220,500527,2297,Pass,Successful,41.513535000000005,47.552332,39.55749,16.107839999999996,True,126338_40,126338_142
126338,2,40,1091.934,4220,500547,2299,Carry,,39.55749,16.107839999999996,43.02186,11.930259999999995,True,126338_40,126338_142
126338,2,40,1097.7000000000005,4220,500547,2300,Pass,Successful,43.02186,11.930259999999995,84.70056,1.2808479999999918,True,126338_40,126338_142
