game_id,period_id,episode_id,time_seconds,team_id,player_id,action_id,type_name,result_name,start_x,start_y,end_x,end_y,is_home,game_episode,phase
126338,1,13,830.8000000000001,4220,500533,489,Pass_Freekick,Successful,46.112325000000006,64.4041056,33.74889,53.203948,True,126338_13,126338_18
126338,1,13,832.568,4220,500527,491,Carry,,33.74889,53.203948,35.160825,47.959108,True,126338_13,126338_18
126338,1,13,834.3000000000001,4220,500527,492,Pass,Successful,35.160825,47.959108,31.22868,26.476344,True,126338_13,126338_18
126338,1,13,838.067,4220,500547,494,Pass,Successful,31.689105,25.338432,37.041795,50.45022,True,126338_13,126338_18
126338,1,13,839.701,4220,500527,496,Carry,,37.041795,50.45022,49.65072,55.87016,True,126338_13,126338_18
126338,1,13,847.333,4220,500527,497,Pass,Successful,49.65072,55.87016,35.372505,33.259276,True,126338_13,126338_18
126338,1,13,849.268,4220,500547,499,Carry,,35.372505,33.259276,34.86336,29.710424000000003,True,126338_13,126338_18
126338,1,13,850.367,4220,500547,500,Pass,Successful,34.86336,29.710424000000003,41.96703,6.676851999999997,True,126338_13,126338_18
126338,1,13,853.767,4220,188183,502,Pass,Successful,43.423275,4.3836200000000005,86.25582,9.784860000000002,True,126338_13,126338_18
