game_id,period_id,episode_id,time_seconds,team_id,player_id,action_id,type_name,result_name,start_x,start_y,end_x,end_y,is_home,game_episode,phase
126291,2,70,2182.2340000000004,2354,500152,2526,Carry,,26.292630000000003,6.408184000000006,29.645595,4.486572000000002,False,126291_70,126291_246
126291,2,70,2184.223,2353,500569,2528,Duel,Successful,63.55881,57.128024,63.55881,57.128024,True,126291_70,126291_247
126291,2,70,2185.5200000000004,2353,356612,2531,Pass,Successful,62.14288499999999,51.474844,40.25301,39.311684,True,126291_70,126291_247
