game_id,period_id,episode_id,time_seconds,team_id,player_id,action_id,type_name,result_name,start_x,start_y,end_x,end_y,is_home,game_episode,phase
126291,1,34,2539.333,2353,356618,1359,Pass_Freekick,Unsuccessful,66.99105,16.502443999999997,98.166285,36.890204,True,126291_34,126291_105
126291,1,34,2551.533,2354,500143,1367,Pass,Successful,28.99585500000001,62.1515308,19.713120000000004,50.51414,False,126291_34,126291_106
126291,1,34,2596.6,2354,500146,1405,Pass,Successful,53.140395,13.01146,64.74835499999999,5.143996000000001,False,126291_34,126291_106
126291,1,34,2648.934,2353,500569,1437,Carry,,28.751520000000003,15.381804000000002,33.24069,8.316808000000002,True,126291_34,126291_107
126291,1,34,2651.587,2353,500569,1438,Pass,Successful,33.24069,8.316808000000002,53.678625,4.951487999999998,True,126291_34,126291_107
