game_id,period_id,episode_id,time_seconds,team_id,player_id,action_id,type_name,result_name,start_x,start_y,end_x,end_y,is_home,game_episode,phase
126291,2,61,1513.5870000000004,2353,500569,2203,Pass,Successful,29.522430000000004,49.006444,27.398385,37.011584,True,126291_61,126291_205
126291,2,61,1544.3000000000002,2353,356616,2226,Pass,Successful,44.21991,19.243116,29.92122,23.931239999999995,True,126291_61,126291_207
126291,2,61,1578.567,2353,500569,2255,Recovery,,60.68517,29.022536,60.68517,29.022536,True,126291_61,126291_209
126291,2,61,1598.5740000000003,2353,356616,2272,Pass,Successful,55.39957499999999,63.502922,62.470905,67.108622,True,126291_61,126291_209
