game_id,period_id,episode_id,time_seconds,team_id,player_id,action_id,type_name,result_name,start_x,start_y,end_x,end_y,is_home,game_episode,phase
126291,2,71,2240.6000000000004,2353,356614,2565,Interception,,54.61428000000001,63.9785344,54.61428000000001,63.9785344,True,126291_71,126291_253
126291,2,71,2256.534000000001,2354,500145,2575,Carry,,71.77884,59.487352,67.737285,57.367588,False,126291_71,126291_256
126291,2,71,2266.063,2354,500152,2583,Pass,Successful,71.30802,2.7607320000000044,84.1596,14.400564000000005,False,126291_71,126291_256
126291,2,71,2281.1000000000004,2354,77545,2598,Pass,Successful,82.40778,16.439135999999998,77.347935,24.123135999999995,False,126291_71,126291_256
126291,2,71,2290.433,2354,77545,2607,Pass,Unsuccessful,93.49326,33.268660000000004,95.864265,40.578116,False,126291_71,126291_256
126291,2,71,2294.933,2353,356614,2613,Recovery,,12.71949,39.106256,20.367375000000003,45.56714,True,126291_71,126291_259
126291,2,71,2343.201,2353,500569,2637,Carry,,37.919385,37.831256,62.318760000000005,47.733076,True,126291_71,126291_261
