game_id,period_id,episode_id,time_seconds,team_id,player_id,action_id,type_name,result_name,start_x,start_y,end_x,end_y,is_home,game_episode,phase
126413,1,12,637.333,4640,61922,338,Pass,Successful,23.74239,19.527083999999995,32.3652,10.507019999999995,True,126413_12,126413_6
126413,1,12,651.933,4640,246402,344,Pass,Successful,34.999545,43.185236,33.886125,29.845676000000005,True,126413_12,126413_6
