game_id,period_id,episode_id,time_seconds,team_id,player_id,action_id,type_name,result_name,start_x,start_y,end_x,end_y,is_home,game_episode,phase
126413,2,57,716.3000000000002,4640,411440,1905,Pass,Successful,30.819915,26.853472000000004,37.237725,22.436872,True,126413_57,126413_168
126413,2,57,725.8340000000001,4640,491835,1912,Carry,,50.465415,67.35341588,47.40687,66.3978588,True,126413_57,126413_168
126413,2,57,751.1979999999999,4641,413677,1928,Pass,Unsuccessful,43.2852,13.164324,84.97461,42.313068,False,126413_57,126413_169
126413,2,57,763.2670000000003,4640,103630,1938,Pass,Successful,8.726046,36.545988,13.12332,46.725928,True,126413_57,126413_172
126413,2,57,828.4670000000001,4640,246402,1945,Pass,Successful,22.72998,46.710152,39.559065,63.1771884,True,126413_57,126413_172
