game_id,period_id,episode_id,time_seconds,team_id,player_id,action_id,type_name,result_name,start_x,start_y,end_x,end_y,is_home,game_episode,phase
126413,2,58,916.4,4640,491837,1983,Pass,Successful,66.18444,25.051132000000003,79.04777999999999,1.5688959999999952,True,126413_58,126413_176
126413,2,58,919.8670000000002,4640,215818,1985,Pass,Successful,79.04777999999999,1.5688959999999952,94.276245,15.03004,True,126413_58,126413_176
