game_id,period_id,episode_id,time_seconds,team_id,player_id,action_id,type_name,result_name,start_x,start_y,end_x,end_y,is_home,game_episode,phase
126413,1,41,2361.967,4640,491837,1220,Pass,Successful,65.54982,3.4305999999999983,56.531685,12.61468,True,126413_41,126413_104
126413,1,41,2372.4010000000003,4640,246402,1231,Carry,,44.92845,46.084076,41.295345,47.496436,True,126413_41,126413_104
126413,1,41,2389.067,4641,346035,1242,Recovery,,25.98067499999999,35.38856,25.98067499999999,35.38856,False,126413_41,126413_105
126413,1,41,2399.367,4640,246402,1251,Pass,Unsuccessful,55.44147,47.162896,64.10218499999999,46.728104,True,126413_41,126413_106
126413,1,41,2402.071,4641,500602,1254,Recovery,,34.654515,20.407412,34.654515,20.407412,False,126413_41,126413_107
