game_id,period_id,episode_id,time_seconds,team_id,player_id,action_id,type_name,result_name,start_x,start_y,end_x,end_y,is_home,game_episode,phase
126413,1,22,1295.267,4640,491837,707,Clearance,,31.65288,4.425440000000002,48.216315,22.010376,True,126413_22,126413_36
126413,1,22,1295.267,4640,491837,706,Interception,,31.65288,4.425440000000002,31.65288,4.425440000000002,True,126413_22,126413_36
126413,1,22,1300.589,4641,73228,712,Pass,Unsuccessful,71.937915,47.558928,81.420255,56.12754,False,126413_22,126413_37
126413,1,22,1304.533,4641,250965,718,Pass,Unsuccessful,75.180735,62.0127496,79.555455,56.242528,False,126413_22,126413_39
