game_id,period_id,episode_id,time_seconds,team_id,player_id,action_id,type_name,result_name,start_x,start_y,end_x,end_y,is_home,game_episode,phase
126368,2,81,2529.767,2353,356609,2600,Throw-In,Unsuccessful,96.09432,68.0,98.54376,50.419892,True,126368_81,126368_228
126368,2,81,2533.3330000000005,316,344468,2605,Clearance,,12.49248,19.034628,16.429244999999995,9.101528000000002,False,126368_81,126368_229
126368,2,81,2562.6000000000004,2353,500569,2633,Pass,Successful,14.19054,50.772064,18.967515,61.078688,True,126368_81,126368_236
