game_id,period_id,episode_id,time_seconds,team_id,player_id,action_id,type_name,result_name,start_x,start_y,end_x,end_y,is_home,game_episode,phase
126368,2,82,2601.8,2353,500576,2648,Pass,Successful,28.393575,25.343804,39.27462,56.638492,True,126368_82,126368_238
126368,2,82,2604.246,2353,356616,2650,Carry,,39.27462,56.638492,49.04844,55.150992,True,126368_82,126368_238
126368,2,82,2617.433,2353,500569,2654,Pass,Unsuccessful,51.965865,32.159852,86.521575,61.191296,True,126368_82,126368_238
