game_id,period_id,episode_id,time_seconds,team_id,player_id,action_id,type_name,result_name,start_x,start_y,end_x,end_y,is_home,game_episode,phase
126368,1,5,226.467,316,188258,128,Pass,Successful,51.462705,22.559816,54.48492,37.54518,False,126368_5,126368_133
126368,1,5,227.468,316,500124,130,Carry,,54.48492,37.54518,55.21782,51.697,False,126368_5,126368_133
126368,1,5,234.968,316,500124,136,Carry,,39.237345000000005,51.714476,37.514085,32.969732,False,126368_5,126368_133
126368,1,5,256.567,316,248886,149,Pass,Successful,55.499955,52.698776,67.117785,53.850288,False,126368_5,126368_133
126368,1,5,262.2,2353,356624,156,Pass,Successful,54.428955,12.812288000000002,60.67026,22.706900000000005,True,126368_5,126368_134
126368,1,5,266.233,2353,356625,159,Pass,Unsuccessful,62.77571999999999,23.820808,84.222075,0.0,True,126368_5,126368_136
