game_id,period_id,episode_id,time_seconds,team_id,player_id,action_id,type_name,result_name,start_x,start_y,end_x,end_y,is_home,game_episode,phase
126368,1,41,2728.4010000000003,316,188258,1392,Carry,,58.00893,56.536084,58.120965000000005,52.17232,False,126368_41,126368_109
126368,1,41,2735.533,316,248886,1398,Pass,Successful,24.296055,44.263172,11.152575,33.719024,False,126368_41,126368_111
126368,1,41,2747.067,2353,356615,1406,Recovery,,50.68896,54.564492,68.76387,45.504648,True,126368_41,126368_112
126368,1,41,2751.7010000000005,316,344467,1410,Carry,,33.053055,29.669827999999995,35.824425000000005,35.639956,False,126368_41,126368_113
126368,1,41,2775.568,316,503173,1425,Carry,,61.61043,65.7313636,86.644425,61.9512232,False,126368_41,126368_115
126368,1,41,2798.933,2353,356615,1436,Pass,Successful,83.26846499999999,59.963896,69.56544,51.528972,True,126368_41,126368_116
