game_id,period_id,episode_id,time_seconds,team_id,player_id,action_id,type_name,result_name,start_x,start_y,end_x,end_y,is_home,game_episode,phase
126368,1,25,1602.6,2353,356625,787,Pass,Successful,63.12327,2.433856000000006,57.716085,1.7679320000000018,True,126368_25,126368_56
126368,1,25,1604.629,2353,356624,791,Pass,Successful,62.17512,5.840384,65.18242500000001,2.426307999999992,True,126368_25,126368_56
126368,1,25,1605.633,2353,356625,793,Pass,Successful,64.65333,2.4734320000000025,62.003865,6.126732000000004,True,126368_25,126368_56
126368,1,25,1616.933,316,77582,805,Pass,Successful,7.919982000000004,34.522444,45.965535,54.877768,False,126368_25,126368_57
