game_id,period_id,episode_id,time_seconds,team_id,player_id,action_id,type_name,result_name,start_x,start_y,end_x,end_y,is_home,game_episode,phase
126466,1,37,2103.331,4648,500140,1082,Throw-In,Successful,94.004505,0.0,103.79523,15.021131999999994,True,126466_37,126466_106
126466,1,37,2104.853,4648,408383,1084,Pass,Unsuccessful,103.79523,15.021131999999994,92.74776,21.389128,True,126466_37,126466_106
126466,1,37,2114.768,4648,500135,1099,Carry,,47.912445000000005,65.1504328,43.006425,64.3108504,True,126466_37,126466_110
126466,1,37,2117.896,4648,500135,1100,Pass,Unsuccessful,43.006425,64.3108504,70.585725,63.6184268,True,126466_37,126466_110
