game_id,period_id,episode_id,time_seconds,team_id,player_id,action_id,type_name,result_name,start_x,start_y,end_x,end_y,is_home,game_episode,phase
126466,2,93,2959.927,4648,500138,2713,Pass,Unsuccessful,74.040435,51.912356,79.21137,11.778824,True,126466_93,126466_344
126466,2,93,2974.001,4641,250961,2719,Carry,,96.622575,21.260744000000003,96.94314,15.4003,False,126466_93,126466_347
126466,2,93,2984.867,4648,250079,2731,Pass,Successful,12.637485,38.776728,26.828445,42.354752,True,126466_93,126466_350
126466,2,93,3003.733,4648,360389,2745,Recovery,,75.956895,29.317316,75.956895,29.317316,True,126466_93,126466_354
