game_id,period_id,episode_id,time_seconds,team_id,player_id,action_id,type_name,result_name,start_x,start_y,end_x,end_y,is_home,game_episode,phase
126466,1,22,1269.233,4641,187313,690,Pass,Successful,57.567825,41.862568,55.648845,33.526788,False,126466_22,126466_59
126466,1,22,1271.467,4641,355790,693,Pass,Successful,56.058975,28.624123999999995,84.23120999999999,3.023144000000002,False,126466_22,126466_59
126466,1,22,1310.267,4641,346036,723,Duel,Successful,58.874655,38.774552,58.874655,38.774552,False,126466_22,126466_67
