game_id,period_id,episode_id,time_seconds,team_id,player_id,action_id,type_name,result_name,start_x,start_y,end_x,end_y,is_home,game_episode,phase
126289,2,49,640.1679999999999,4220,500547,1700,Carry,,62.491800000000005,9.459547999999998,65.83752,8.538420000000002,True,126289_49,126289_187
126289,2,49,671.903,4220,354812,1728,Carry,,63.217560000000006,33.983748,66.00783,43.005376,True,126289_49,126289_187
126289,2,49,687.1940000000002,4640,61932,1741,Carry,,23.297924999999992,21.445704000000006,28.23691500000001,16.854820000000004,False,126289_49,126289_190
