game_id,period_id,episode_id,time_seconds,team_id,player_id,action_id,type_name,result_name,start_x,start_y,end_x,end_y,is_home,game_episode,phase
126289,1,38,2543.967,4220,500552,1124,Pass_Freekick,Successful,4.9688835000000005,55.871792,16.50201,44.35198,True,126289_38,126289_133
126289,1,38,2581.5,4220,500547,1143,Pass,Successful,47.927985,28.937944,53.614575,44.124384000000006,True,126289_38,126289_133
126289,1,38,2583.967,4220,500527,1146,Pass,Successful,54.7638,47.319704,79.373805,66.1198612,True,126289_38,126289_133
126289,1,38,2595.3,4220,500530,1154,Shot,Blocked,82.15935,40.237436,84.625065,39.292644,True,126289_38,126289_133
126289,1,38,2598.833,4220,287282,1156,Recovery,,64.73124,29.428496000000003,57.382815,46.892188,True,126289_38,126289_135
126289,1,38,2600.568,4220,500527,1159,Carry,,57.382815,46.892188,52.860255,50.92282,True,126289_38,126289_135
126289,1,38,2601.833,4220,500527,1160,Pass,Successful,52.860255,50.92282,61.829460000000005,65.2846444,True,126289_38,126289_135
126289,1,38,2612.167,4220,354812,1165,Pass,Successful,71.289855,52.874896,79.977975,10.672532000000004,True,126289_38,126289_135
126289,1,38,2625.438,4220,500547,1173,Pass,Successful,52.48425,21.465084000000004,58.97199,46.894024,True,126289_38,126289_135
