game_id,period_id,episode_id,time_seconds,team_id,player_id,action_id,type_name,result_name,start_x,start_y,end_x,end_y,is_home,game_episode,phase
126289,1,37,2432.7000000000003,4220,500552,1041,Pass,Successful,14.59122,34.294168,24.469725,27.906112,True,126289_37,126289_115
126289,1,37,2469.3010000000004,4220,500527,1067,Carry,,48.646185,42.41806,55.921635,48.788028,True,126289_37,126289_117
126289,1,37,2471.6330000000003,4220,500527,1068,Pass,Successful,55.921635,48.788028,71.343405,52.874012,True,126289_37,126289_117
