game_id,period_id,episode_id,time_seconds,team_id,player_id,action_id,type_name,result_name,start_x,start_y,end_x,end_y,is_home,game_episode,phase
126289,2,47,483.00800000000027,4640,354794,1636,Goal Kick,Successful,1.5005654999999931,26.376248,2.123079000000004,22.239128,False,126289_47,126289_186
126289,2,47,483.90100000000007,4640,408811,1638,Carry,,2.123079000000004,22.239128,5.214614999999995,22.197852000000005,False,126289_47,126289_186
126289,2,47,484.9000000000001,4640,408811,1639,Pass,Successful,5.214614999999995,22.197852000000005,18.78723,24.66339600000001,False,126289_47,126289_186
126289,2,47,485.83400000000006,4640,500430,1641,Carry,,18.78723,24.66339600000001,33.94461000000001,35.361224,False,126289_47,126289_186
126289,2,47,490.6779999999999,4640,500430,1642,Pass,Successful,33.94461000000001,35.361224,58.004835,3.016344000000004,False,126289_47,126289_186
126289,2,47,493.4680000000001,4640,61921,1644,Carry,,58.004835,3.016344000000004,70.608825,3.8651880000000034,False,126289_47,126289_186
126289,2,47,496.0999999999999,4640,61921,1645,Pass,Successful,70.608825,3.8651880000000034,97.986735,17.148511999999997,False,126289_47,126289_186
