game_id,period_id,episode_id,time_seconds,team_id,player_id,action_id,type_name,result_name,start_x,start_y,end_x,end_y,is_home,game_episode,phase
126449,1,14,860.2330000000001,4641,250965,425,Throw-In,Successful,87.4083,67.63312164,82.86222,54.891504,False,126449_14,126449_18
126449,1,14,867.334,4641,346037,435,Carry,,100.38651,59.022232,97.259295,65.5838444,False,126449_14,126449_20
126449,1,14,870.4,4220,500534,440,Interception,,9.384186,10.631664,9.384186,10.631664,True,126449_14,126449_21
126449,1,14,918.858,4220,143588,474,Pass,Successful,37.95393,28.69049200000001,39.388650000000005,47.958768,True,126449_14,126449_25
126449,1,14,933.067,4220,500534,487,Pass,Successful,81.107355,8.159183999999996,93.10581,2.1077280000000087,True,126449_14,126449_25
126449,1,14,974.668,4641,250957,513,Carry,,1.4176365000000004,45.192868,8.446546499999997,37.440052,False,126449_14,126449_28
