game_id,period_id,episode_id,time_seconds,team_id,player_id,action_id,type_name,result_name,start_x,start_y,end_x,end_y,is_home,game_episode,phase
126449,1,40,2850.667,4641,250965,1519,Pass,Unsuccessful,70.164045,61.8220776,69.56628,59.300556,False,126449_40,126449_124
126449,1,40,2853.9,4641,145831,1526,Block,,65.85243,66.0654,65.85243,66.0654,False,126449_40,126449_126
126449,1,40,2862.1340000000005,4641,73228,1536,Carry,,85.737435,61.178172,86.61691499999999,55.423536,False,126449_40,126449_128
126449,1,40,2870.1330000000003,4641,145831,1542,Cross,Unsuccessful,85.752765,65.9909944,101.410155,34.47226,False,126449_40,126449_130
126449,1,40,2895.6,4220,500533,1560,Pass,Successful,86.29845,42.297156,90.405525,39.987672,True,126449_40,126449_133
