game_id,period_id,episode_id,time_seconds,team_id,player_id,action_id,type_name,result_name,start_x,start_y,end_x,end_y,is_home,game_episode,phase
126449,2,91,2685.567,4220,354809,2858,Interception,,34.441050000000004,56.745796,34.441050000000004,56.745796,True,126449_91,126449_259
126449,2,91,2688.767,4220,500534,2860,Recovery,,47.55324,66.081074,34.308435,65.2944024,True,126449_91,126449_259
