game_id,period_id,episode_id,time_seconds,team_id,player_id,action_id,type_name,result_name,start_x,start_y,end_x,end_y,is_home,game_episode,phase
126449,1,6,352.067,4641,413677,199,Cross,Unsuccessful,87.44484,62.6078108,87.95776500000001,61.485736,False,126449_6,126449_170
126449,1,6,395.967,4220,527822,219,Pass,Successful,63.598605000000006,24.944984,80.691135,44.093172,True,126449_6,126449_175
126449,1,6,398.433,4220,500554,221,Pass,Successful,80.691135,44.093172,75.819135,43.085208,True,126449_6,126449_175
126449,1,6,408.833,4220,500530,229,Pass,Successful,99.551865,59.20114,92.826825,65.3594648,True,126449_6,126449_175
