game_id,period_id,episode_id,time_seconds,team_id,player_id,action_id,type_name,result_name,start_x,start_y,end_x,end_y,is_home,game_episode,phase
126449,2,86,2409.166,4220,215699,2702,Pass,Successful,55.894020000000005,50.378820000000005,59.968965,56.890772,True,126449_86,126449_237
126449,2,86,2412.367,4220,354812,2704,Pass,Successful,59.50119,54.268284,91.050015,9.760379999999998,True,126449_86,126449_237
126449,2,86,2449.8540000000003,4220,500533,2736,Pass,Successful,49.91574,34.338504,53.95435499999999,43.2769,True,126449_86,126449_245
