game_id,period_id,episode_id,time_seconds,team_id,player_id,action_id,type_name,result_name,start_x,start_y,end_x,end_y,is_home,game_episode,phase
126310,1,19,1349.633,316,286696,727,Duel,Successful,50.80131,61.17416,43.6107,64.998412,True,126310_19,126310_60
126310,1,19,1351.8,2353,356610,735,Intervention,,56.428575,4.412927999999994,56.428575,4.412927999999994,False,126310_19,126310_65
126310,1,19,1364.895,2353,500569,752,Carry,,32.880015,40.353784000000005,35.88931500000001,44.296628,False,126310_19,126310_67
126310,1,19,1397.95,316,344466,772,Recovery,,11.205285,46.653508,11.205285,46.653508,True,126310_19,126310_70
126310,1,19,1421.013,316,503173,786,Pass,Successful,35.708715000000005,68.0,21.60963,55.631004,True,126310_19,126310_70
