game_id,period_id,episode_id,time_seconds,team_id,player_id,action_id,type_name,result_name,start_x,start_y,end_x,end_y,is_home,game_episode,phase
126310,1,1,24.068,316,77579,15,Carry,,17.27775,35.159604,16.998765000000002,42.077584,True,126310_1,126310_2
126310,1,1,28.867,316,503173,19,Pass,Successful,32.94522,60.33504,33.30306,51.267512,True,126310_1,126310_2
126310,1,1,30.63,316,161110,22,Pass,Successful,30.109695,56.996376,11.34189,60.254732,True,126310_1,126310_2
126310,1,1,73.06700000000001,316,344467,58,Pass,Successful,69.754965,40.25192,81.960795,24.26036000000001,True,126310_1,126310_10
126310,1,1,114.333,316,286696,95,Pass,Successful,72.136155,22.452240000000003,75.86061,13.43918,True,126310_1,126310_12
