game_id,period_id,episode_id,time_seconds,team_id,player_id,action_id,type_name,result_name,start_x,start_y,end_x,end_y,is_home,game_episode,phase
126377,1,8,451.4,4643,187259,206,Tackle,Unsuccessful,10.408755,19.136696,10.408755,19.136696,False,126377_8,126377_257
126377,1,8,453.301,4643,85175,211,Carry,,3.1301445,26.6798,10.505669999999997,32.608312,False,126377_8,126377_259
126377,1,8,487.407,4643,187722,235,Pass,Successful,52.07265,41.170192,51.512685,31.499912,False,126377_8,126377_259
126377,1,8,492.233,4643,500121,242,Pass,Unsuccessful,74.45298000000001,34.591464,87.965115,36.924884000000006,False,126377_8,126377_259
126377,1,8,493.7,4641,346035,243,Recovery,,17.30022,31.142911999999995,17.30022,31.142911999999995,True,126377_8,126377_260
126377,1,8,529.355,4641,346035,263,Carry,,43.416765,33.333056,40.983495000000005,27.943512,True,126377_8,126377_264
126377,1,8,547.096,4641,500602,273,Pass,Successful,34.0515,37.387012,41.457045,14.01106,True,126377_8,126377_264
