game_id,period_id,episode_id,time_seconds,team_id,player_id,action_id,type_name,result_name,start_x,start_y,end_x,end_y,is_home,game_episode,phase
126377,2,67,1546.08,4641,500602,2231,Pass,Successful,57.514275,43.550192,62.60740500000001,44.68926,True,126377_67,126377_220
126377,2,67,1552.9880000000005,4641,250965,2237,Pass,Successful,67.46565000000001,60.325044,65.063985,58.699708,True,126377_67,126377_220
126377,2,67,1599.857,4641,346035,2282,Tackle,Unsuccessful,56.01330000000001,60.781528,56.01330000000001,60.781528,True,126377_67,126377_226
126377,2,67,1600.567,4643,410634,2283,Pass,Unsuccessful,48.818805,8.140076,50.70219,20.739524,False,126377_67,126377_227
126377,2,67,1609.2390000000005,4641,500604,2291,Pass,Successful,54.52776,46.235648,47.258085,52.165248,True,126377_67,126377_230
126377,2,67,1613.5330000000004,4643,343590,2294,Tackle,Unsuccessful,45.79827,9.691291999999995,45.79827,9.691291999999995,False,126377_67,126377_231
126377,2,67,1660.933,4641,250965,2326,Pass,Successful,81.01149,62.52141,71.90799,60.517416,True,126377_67,126377_232
126377,2,67,1674.1670000000004,4643,500115,2341,Tackle,Unsuccessful,6.967789499999995,55.630120000000005,6.967789499999995,55.630120000000005,False,126377_67,126377_233
