game_id,period_id,episode_id,time_seconds,team_id,player_id,action_id,type_name,result_name,start_x,start_y,end_x,end_y,is_home,game_episode,phase
126377,1,2,50.8,4641,250965,27,Error,,54.39189,39.527584,54.39189,39.527584,True,126377_2,126377_34
126377,1,2,58.133,4643,500121,34,Recovery,,50.93802,2.027215999999996,30.10392,4.568240000000003,False,126377_2,126377_37
126377,1,2,63.0,4643,187259,37,Pass,Successful,29.510670000000005,5.745524000000003,15.979424999999992,5.010784000000001,False,126377_2,126377_37
126377,1,2,67.5,4643,187259,43,Pass,Successful,25.197165,1.0467239999999975,14.260260000000002,4.405244000000003,False,126377_2,126377_37
126377,1,2,74.433,4641,346035,48,Pass,Successful,30.018975,40.494816,11.5353,36.52178,True,126377_2,126377_38
