game_id,period_id,episode_id,time_seconds,team_id,player_id,action_id,type_name,result_name,start_x,start_y,end_x,end_y,is_home,game_episode,phase
126391,1,2,66.417,4220,354812,10,Pass_Corner,Unsuccessful,104.61549,67.012776,98.078295,34.415344,True,126391_2,126391_31
126391,1,2,67.833,4648,145703,11,Interception,,7.205939999999998,33.463888,7.205939999999998,33.463888,False,126391_2,126391_32
126391,1,2,67.833,4648,145703,12,Clearance,,7.205939999999998,33.463888,35.00584500000001,32.126124,False,126391_2,126391_32
126391,1,2,70.7,4220,287282,13,Recovery,,69.99415499999999,35.873876,80.258115,45.951272,True,126391_2,126391_33
126391,1,2,70.7,4220,287282,14,Pass,Unsuccessful,69.99415499999999,35.873876,80.258115,45.951272,True,126391_2,126391_33
