game_id,period_id,episode_id,time_seconds,team_id,player_id,action_id,type_name,result_name,start_x,start_y,end_x,end_y,is_home,game_episode,phase
126391,1,9,529.826,4220,500552,178,Pass,Successful,11.153625,34.853944,23.90451,53.022796,True,126391_9,126391_241
126391,1,9,564.767,4648,250101,209,Pass,Successful,50.58858,46.74898,55.478535,65.6947184,False,126391_9,126391_242
126391,1,9,595.668,4220,500530,236,Carry,,40.76016,61.3772896,44.3751,60.42106,True,126391_9,126391_243
126391,1,9,613.333,4648,145703,245,Pass,Successful,63.76902,42.326260000000005,46.317705,34.694212,False,126391_9,126391_244
126391,1,9,617.068,4648,62386,249,Carry,,47.916225,20.096652,52.04388,20.392996,False,126391_9,126391_244
126391,1,9,628.767,4220,500552,257,Interception,,1.0740660000000002,34.932348,1.0740660000000002,34.932348,True,126391_9,126391_245
126391,1,9,632.067,4648,500136,259,Recovery,,104.8047,55.73484,104.8047,55.73484,False,126391_9,126391_246
126391,1,9,632.068,4648,500136,260,Carry,,104.8047,55.73484,93.45546,61.18368,False,126391_9,126391_246
