game_id,period_id,episode_id,time_seconds,team_id,player_id,action_id,type_name,result_name,start_x,start_y,end_x,end_y,is_home,game_episode,phase
126371,2,62,1695.2330000000002,4644,325355,2487,Intervention,,17.709615,28.62766,17.709615,28.62766,False,126371_62,126371_227
126371,2,62,1711.9669999999996,4220,500534,2500,Recovery,,25.458195,26.689048,25.458195,26.689048,True,126371_62,126371_228
126371,2,62,1711.9679999999996,4220,500534,2501,Carry,,25.458195,26.689048,30.203565,29.846356,True,126371_62,126371_228
126371,2,62,1715.7669999999998,4644,500520,2504,Pass,Successful,66.94695,37.777536,68.780985,45.29514,False,126371_62,126371_229
