game_id,period_id,episode_id,time_seconds,team_id,player_id,action_id,type_name,result_name,start_x,start_y,end_x,end_y,is_home,game_episode,phase
126371,1,38,2690.667,4644,412005,1563,Pass,Successful,75.85599,37.613928,80.83362,57.416752,False,126371_38,126371_121
126371,1,38,2698.567,4220,500540,1570,Pass,Successful,12.717915,22.82182,18.982845,24.8472,True,126371_38,126371_124
126371,1,38,2702.721,4220,500552,1574,Pass,Successful,3.109701,30.133928000000004,76.24071,8.060719999999996,True,126371_38,126371_124
