game_id,period_id,episode_id,time_seconds,team_id,player_id,action_id,type_name,result_name,start_x,start_y,end_x,end_y,is_home,game_episode,phase
126371,1,7,412.611,4220,500527,248,Pass,Successful,30.30531,33.775056,55.191675,54.002336,True,126371_7,126371_278
126371,1,7,497.767,4220,500552,305,Pass,Successful,23.14242,28.427468,76.201545,65.6985468,True,126371_7,126371_282
126371,1,7,530.734,4220,500527,332,Carry,,37.860585,49.286332,39.547935,43.145456,True,126371_7,126371_286
