game_id,period_id,episode_id,time_seconds,team_id,player_id,action_id,type_name,result_name,start_x,start_y,end_x,end_y,is_home,game_episode,phase
126371,1,27,1915.753,4220,500533,1152,Pass,Unsuccessful,80.14692,34.432208,88.569705,42.57786,True,126371_27,126371_76
126371,1,27,1921.133,4644,62082,1159,Interception,,11.078760000000004,29.565992,11.078760000000004,29.565992,False,126371_27,126371_79
126371,1,27,1921.134,4644,62082,1160,Carry,,11.078760000000004,29.565992,16.343040000000002,26.455332,False,126371_27,126371_79
