game_id,period_id,episode_id,time_seconds,team_id,player_id,action_id,type_name,result_name,start_x,start_y,end_x,end_y,is_home,game_episode,phase
126371,1,15,849.3000000000001,4220,500533,508,Pass,Successful,78.01079999999999,14.127679999999998,74.052825,18.517692,True,126371_15,126371_8
126371,1,15,855.3679999999999,4644,62082,514,Carry,,7.259742000000003,25.877536,13.186530000000005,26.537612000000003,False,126371_15,126371_9
