game_id,period_id,episode_id,time_seconds,team_id,player_id,action_id,type_name,result_name,start_x,start_y,end_x,end_y,is_home,game_episode,phase
126399,1,25,2111.034,4657,500469,1257,Carry,,50.531985,48.110816,50.072925,43.910388,True,126399_25,126399_81
126399,1,25,2115.067,4657,500484,1261,Pass,Successful,54.4257,16.07078,68.40130500000001,2.7936440000000005,True,126399_25,126399_81
126399,1,25,2124.531,4657,500484,1270,Pass,Successful,53.519865,8.098731999999998,63.0378,10.458604,True,126399_25,126399_81
