game_id,period_id,episode_id,time_seconds,team_id,player_id,action_id,type_name,result_name,start_x,start_y,end_x,end_y,is_home,game_episode,phase
126399,1,10,637.567,4657,500472,352,Clearance,,10.2547095,38.672076,40.213530000000006,30.613532,True,126399_10,126399_11
126399,1,10,650.033,4657,62633,359,Recovery,,0.70198695,63.7017744,0.70198695,63.7017744,True,126399_10,126399_13
126399,1,10,654.7330000000001,4220,500547,363,Recovery,,78.55732499999999,13.454411999999998,86.93244,1.745900000000006,False,126399_10,126399_14
126399,1,10,658.4,4220,77715,367,Pass,Successful,87.04972500000001,2.974115999999995,69.017235,5.828484000000003,False,126399_10,126399_16
126399,1,10,665.433,4220,500534,370,Pass,Successful,63.238875,10.885099999999994,47.119695,31.388459999999995,False,126399_10,126399_16
126399,1,10,683.267,4220,500527,384,Pass,Successful,46.279065,50.646604,52.218495,41.589208,False,126399_10,126399_16
126399,1,10,693.634,4220,500554,397,Carry,,57.77289,16.555756000000002,60.478005,32.671552,False,126399_10,126399_18
126399,1,10,769.801,4220,500549,446,Carry,,62.62389,57.69902,62.572965,67.2168168,False,126399_10,126399_18
