game_id,period_id,episode_id,time_seconds,team_id,player_id,action_id,type_name,result_name,start_x,start_y,end_x,end_y,is_home,game_episode,phase
126399,1,1,7.2,4657,500465,8,Pass,Successful,45.354015,62.2409236,38.595585,58.49394,True,126399_1,126399_1
126399,1,1,29.133,4657,181858,29,Pass,Unsuccessful,5.462079,22.337115999999995,52.946775,10.194492000000004,True,126399_1,126399_1
126399,1,1,32.3,4220,500540,31,Pass,Successful,52.562685,58.091244,55.565265,52.902776,False,126399_1,126399_2
126399,1,1,81.43400000000001,4657,287281,70,Carry,,45.95976,57.834204,37.47996,54.278144,True,126399_1,126399_5
126399,1,1,104.867,4657,287281,84,Pass,Unsuccessful,79.63935,47.281284,87.55971000000001,36.157028,True,126399_1,126399_7
