game_id,period_id,episode_id,time_seconds,team_id,player_id,action_id,type_name,result_name,start_x,start_y,end_x,end_y,is_home,game_episode,phase
126399,1,22,1594.767,4220,500527,944,Interception,,21.52185,28.365928000000004,21.52185,28.365928000000004,False,126399_22,126399_58
126399,1,22,1599.3,4220,500549,949,Pass,Unsuccessful,43.85262,29.26992000000001,61.86453,24.38208,False,126399_22,126399_58
126399,1,22,1610.934,4657,500478,959,Carry,,37.85376,38.337448,44.458995,40.3954,True,126399_22,126399_59
126399,1,22,1623.601,4220,500552,968,Carry,,0.8869392000000005,24.635516000000003,14.994105000000005,29.741636,False,126399_22,126399_60
126399,1,22,1663.633,4657,360391,971,Recovery,,30.68877,57.613068,34.434225,44.827844,True,126399_22,126399_61
126399,1,22,1666.667,4657,500478,976,Pass,Successful,27.123075,43.878972000000005,34.552035,15.328764,True,126399_22,126399_61
