game_id,period_id,episode_id,time_seconds,team_id,player_id,action_id,type_name,result_name,start_x,start_y,end_x,end_y,is_home,game_episode,phase
126399,1,9,501.7,4657,500465,270,Pass,Successful,73.857525,57.816864,73.528035,47.899132,True,126399_9,126399_285
126399,1,9,529.6,4220,287282,291,Pass,Successful,33.94418999999999,9.453360000000004,42.576975,5.618907999999998,False,126399_9,126399_286
126399,1,9,532.567,4220,354812,293,Pass,Successful,40.49818500000001,5.089255999999999,41.505975,15.693039999999996,False,126399_9,126399_286
126399,1,9,549.267,4657,500469,303,Interception,,24.699885,58.550788,24.699885,58.550788,True,126399_9,126399_287
126399,1,9,577.333,4657,500484,323,Pass,Unsuccessful,50.41701,15.531744000000003,71.099385,11.177976,True,126399_9,126399_287
126399,1,9,587.934,4220,500554,330,Carry,,73.4307,49.267768,77.87241,49.3578,False,126399_9,126399_288
126399,1,9,595.933,4220,354812,338,Pass,Successful,71.93759999999999,52.800844,77.700735,51.399364,False,126399_9,126399_290
