game_id,period_id,episode_id,time_seconds,team_id,player_id,action_id,type_name,result_name,start_x,start_y,end_x,end_y,is_home,game_episode,phase
126399,2,38,207.70000000000027,4657,62633,1832,Pass,Successful,89.74224,65.0950604,85.85513999999999,55.386884,True,126399_38,126399_139
126399,2,38,214.70000000000027,4657,360391,1841,Intervention,,63.322875,62.8805928,63.322875,62.8805928,True,126399_38,126399_141
126399,2,38,214.70000000000027,4657,360391,1840,Duel,Successful,63.322875,62.8805928,63.322875,62.8805928,True,126399_38,126399_141
126399,2,38,234.73300000000012,4657,528271,1857,Pass,Successful,81.86388,21.449444,81.22831500000001,1.9350079999999965,True,126399_38,126399_141
