game_id,period_id,episode_id,time_seconds,team_id,player_id,action_id,type_name,result_name,start_x,start_y,end_x,end_y,is_home,game_episode,phase
126452,2,53,21.5,4646,500452,1341,Pass,Successful,37.755375,27.243112000000004,38.04234,46.213888,False,126452_53,126452_194
126452,2,53,43.633000000000266,4646,61616,1361,Pass,Successful,33.25822500000001,1.4509160000000063,44.29047,0.8345640000000003,False,126452_53,126452_198
