game_id,period_id,episode_id,time_seconds,team_id,player_id,action_id,type_name,result_name,start_x,start_y,end_x,end_y,is_home,game_episode,phase
126452,1,34,1839.634,4646,109160,899,Carry,,74.77323,13.645628000000002,80.603775,13.797744000000002,False,126452_34,126452_134
126452,1,34,1840.667,4644,250076,900,Tackle,Unsuccessful,26.774475,54.661664,26.774475,54.661664,True,126452_34,126452_135
126452,1,34,1860.067,4646,356599,914,Pass,Successful,60.222855,60.356664,46.99254,35.240864,False,126452_34,126452_136
126452,1,34,1866.333,4646,61616,919,Pass,Successful,58.319205,15.680935999999996,67.676175,3.2856919999999974,False,126452_34,126452_136
126452,1,34,1867.5,4646,250148,921,Pass,Successful,67.676175,3.2856919999999974,71.634885,11.302824,False,126452_34,126452_136
