game_id,period_id,episode_id,time_seconds,team_id,player_id,action_id,type_name,result_name,start_x,start_y,end_x,end_y,is_home,game_episode,phase
126452,2,73,955.6330000000004,4646,61616,1704,Pass,Successful,43.13295,21.319972,49.20972,22.078172,False,126452_73,126452_248
126452,2,73,959.0,4646,500452,1708,Pass,Successful,37.27416,34.220932,46.579785,36.849676,False,126452_73,126452_248
