game_id,period_id,episode_id,time_seconds,team_id,player_id,action_id,type_name,result_name,start_x,start_y,end_x,end_y,is_home,game_episode,phase
126452,2,71,865.433,4646,193858,1667,Catch,,3.617711999999997,32.13,3.617711999999997,32.13,False,126452_71,126452_242
126452,2,71,869.6669999999999,4646,356596,1671,Pass,Successful,5.073599999999999,8.919764,4.305178499999997,12.291136000000002,False,126452_71,126452_242
126452,2,71,870.4000000000001,4644,500505,1674,Tackle,Unsuccessful,101.689455,58.614912,101.689455,58.614912,True,126452_71,126452_243
