game_id,period_id,episode_id,time_seconds,team_id,player_id,action_id,type_name,result_name,start_x,start_y,end_x,end_y,is_home,game_episode,phase
126452,1,45,2442.268,4644,250060,1183,Carry,,3.8128965,33.202972,11.009355,30.340852,True,126452_45,126452_177
126452,1,45,2460.167,4644,62112,1197,Pass,Successful,49.94472,51.65246,48.98607,58.953076,True,126452_45,126452_179
126452,1,45,2482.4,4644,250076,1213,Pass,Successful,36.05679,34.671636,26.703705000000003,26.810088,True,126452_45,126452_179
126452,1,45,2506.333,4646,109160,1232,Interception,,62.64111,41.43002,81.429915,36.874428,False,126452_45,126452_180
