game_id,period_id,episode_id,time_seconds,team_id,player_id,action_id,type_name,result_name,start_x,start_y,end_x,end_y,is_home,game_episode,phase
126417,1,15,934.466,4639,491810,574,Pass,Successful,39.38676000000001,35.647844,41.450535,50.8657,False,126417_15,126417_38
126417,1,15,937.588,4639,491810,578,Carry,,37.174935000000005,34.714136,38.297595,29.924692,False,126417_15,126417_38
126417,1,15,943.133,4639,77828,581,Carry,,39.59781000000001,11.115552,62.33419500000001,11.752508,False,126417_15,126417_38
126417,1,15,949.434,4641,250965,586,Carry,,26.30628,59.600708,21.032445,59.64348,True,126417_15,126417_39
126417,1,15,964.967,4639,491811,594,Pass,Successful,51.7923,47.298216,56.862015,55.603056,False,126417_15,126417_40
126417,1,15,984.133,4641,215816,613,Pass,Successful,38.00223,18.911616,44.961315,14.495084,True,126417_15,126417_41
126417,1,15,995.301,4641,215816,622,Carry,,23.762655,15.967964000000002,37.491825000000006,9.269759999999998,True,126417_15,126417_41
126417,1,15,1012.934,4639,77828,635,Carry,,62.919885,2.406927999999993,50.002785,1.0193199999999931,False,126417_15,126417_42
