game_id,period_id,episode_id,time_seconds,team_id,player_id,action_id,type_name,result_name,start_x,start_y,end_x,end_y,is_home,game_episode,phase
126420,2,60,1044.6,4640,103630,1872,Pass,Successful,16.389134999999996,32.882624,24.407565000000005,49.104432,False,126420_60,126420_170
126420,2,60,1051.2000000000005,4640,411440,1877,Pass,Successful,45.627645,54.322956,61.19788500000001,67.76891084,False,126420_60,126420_170
126420,2,60,1055.1,2353,500576,1882,Pass,Successful,27.324675,17.150143999999997,7.608825,30.35588,True,126420_60,126420_171
126420,2,60,1096.467,2353,526919,1908,Cross,Successful,81.644535,49.907444,94.45842,26.216584000000005,True,126420_60,126420_171
126420,2,60,1106.833,2353,526920,1923,Recovery,,81.444405,33.991772,81.444405,33.991772,True,126420_60,126420_175
126420,2,60,1109.6,2353,526908,1927,Pass,Successful,85.24729500000001,41.361884,87.69453,56.594156,True,126420_60,126420_177
126420,2,60,1116.333,2353,526920,1936,Pass,Successful,93.84963,30.703496,89.65341,32.109124,True,126420_60,126420_179
126420,2,60,1118.1330000000005,2353,526918,1939,Pass,Successful,90.79077,30.641276,91.135485,21.547228000000004,True,126420_60,126420_181
