game_id,period_id,episode_id,time_seconds,team_id,player_id,action_id,type_name,result_name,start_x,start_y,end_x,end_y,is_home,game_episode,phase
126420,1,15,996.133,2353,500576,580,Pass,Successful,46.2588,9.220391999999997,31.40571,11.947055999999996,True,126420_15,126420_35
126420,1,15,1001.367,2353,526918,583,Pass,Successful,31.961265,15.1708,44.423505,23.288164,True,126420_15,126420_35
126420,1,15,1004.033,2353,526908,586,Pass,Successful,42.126315,27.778136000000003,40.06674,48.609596,True,126420_15,126420_35
