game_id,period_id,episode_id,time_seconds,team_id,player_id,action_id,type_name,result_name,start_x,start_y,end_x,end_y,is_home,game_episode,phase
126383,2,43,1072.933,4640,491834,2231,Interception,,53.401215,20.659828,62.14120500000001,16.298375999999998,True,126383_43,126383_165
126383,2,43,1106.6330000000005,4640,491834,2262,Pass,Successful,35.222775,57.420832,43.218735,66.8878668,True,126383_43,126383_165
126383,2,43,1135.601,4646,161122,2286,Pass,Successful,49.7364,55.415648,48.68871,46.996976,False,126383_43,126383_166
126383,2,43,1136.534,4646,356596,2288,Carry,,48.68871,46.996976,50.21541,51.870128,False,126383_43,126383_166
