game_id,period_id,episode_id,time_seconds,team_id,player_id,action_id,type_name,result_name,start_x,start_y,end_x,end_y,is_home,game_episode,phase
126383,1,21,1940.267,4640,354791,1151,Pass,Successful,27.68871,26.183808,27.879495,44.647916,True,126383_21,126383_41
126383,1,21,1975.501,4646,356605,1176,Carry,,19.026315,27.981796000000003,19.655055000000004,31.412124,False,126383_21,126383_42
126383,1,21,1989.267,4640,413673,1186,Pass,Successful,88.054575,34.248608,90.27732,27.523612,True,126383_21,126383_43
