game_id,period_id,episode_id,time_seconds,team_id,player_id,action_id,type_name,result_name,start_x,start_y,end_x,end_y,is_home,game_episode,phase
126383,2,30,4.867000000000189,4646,109160,1679,Pass,Successful,52.224375,34.412216,39.32732999999999,35.488384,False,126383_30,126383_106
126383,2,30,30.933,4640,61913,1698,Pass,Successful,47.02341,65.488012,49.068075,59.626004,True,126383_30,126383_109
126383,2,30,37.83300000000008,4640,354791,1705,Pass,Successful,28.34223,23.515556000000004,38.920875,9.907804,True,126383_30,126383_109
126383,2,30,59.93399999999999,4640,500430,1725,Carry,,48.536985,57.851,52.67304,57.87446,True,126383_30,126383_111
126383,2,30,63.16799999999992,4640,413675,1728,Carry,,55.515285,16.599752000000002,67.47363,13.565863999999998,True,126383_30,126383_111
126383,2,30,73.9670000000001,4640,413675,1737,Pass,Successful,97.783875,22.00786,93.77277,26.042027999999995,True,126383_30,126383_111
