game_id,period_id,episode_id,time_seconds,team_id,player_id,action_id,type_name,result_name,start_x,start_y,end_x,end_y,is_home,game_episode,phase
126383,1,3,112.868,4640,215818,89,Carry,,69.897345,55.523904,82.48474499999999,52.756576,True,126383_3,126383_101
126383,1,3,179.368,4646,161122,116,Carry,,39.850335,56.139372,44.29929,57.093072,False,126383_3,126383_106
126383,1,3,180.933,4646,161122,117,Pass,Successful,44.29929,57.093072,59.579835,66.2861552,False,126383_3,126383_106
