game_id,period_id,episode_id,time_seconds,team_id,player_id,action_id,type_name,result_name,start_x,start_y,end_x,end_y,is_home,game_episode,phase
126347,2,52,430.1669999999999,4641,250957,1682,Pass,Unsuccessful,15.64773,40.565128,59.98482,50.051468,True,126347_52,126347_200
126347,2,52,432.8330000000001,4644,62105,1684,Pass,Successful,45.30897,17.434723999999996,57.37242,19.17368800000001,False,126347_52,126347_201
126347,2,52,439.63300000000027,4644,62105,1689,Pass,Successful,60.939165,44.551968,60.82587,53.47248,False,126347_52,126347_201
126347,2,52,449.1340000000002,4644,250055,1701,Carry,,60.851805,54.645548,70.982205,51.987904,False,126347_52,126347_203
126347,2,52,493.0450000000001,4644,412005,1730,Pass,Successful,74.58381,10.826484,85.05189,2.2909879999999987,False,126347_52,126347_205
126347,2,52,514.877,4644,412005,1742,Pass,Successful,52.76575499999999,8.053852,55.10946,17.92174,False,126347_52,126347_207
126347,2,52,519.068,4644,412005,1746,Carry,,54.61239,10.919848000000002,50.12469,17.223652,False,126347_52,126347_207
