game_id,period_id,episode_id,time_seconds,team_id,player_id,action_id,type_name,result_name,start_x,start_y,end_x,end_y,is_home,game_episode,phase
126296,1,16,1304.133,4220,500530,802,Recovery,,28.997955000000005,22.232192,28.997955000000005,22.232192,False,126296_16,126296_37
126296,1,16,1308.567,4220,287282,806,Pass,Unsuccessful,9.431320499999998,4.588708000000004,41.85804,7.975107999999999,False,126296_16,126296_39
