game_id,period_id,episode_id,time_seconds,team_id,player_id,action_id,type_name,result_name,start_x,start_y,end_x,end_y,is_home,game_episode,phase
126296,1,8,522.9,4220,500527,340,Pass,Successful,55.02546,56.556144,57.721230000000006,65.5161844,False,126296_8,126296_311
126296,1,8,540.7330000000001,4220,500527,349,Pass,Successful,52.826235,28.726668000000004,48.60576,18.433576,False,126296_8,126296_311
126296,1,8,551.434,4220,500554,358,Carry,,45.76656,39.907908,54.683475,50.185836,False,126296_8,126296_311
126296,1,8,581.834,4220,143588,375,Carry,,47.616975,25.822728000000005,54.322695,20.984596000000003,False,126296_8,126296_311
