game_id,period_id,episode_id,time_seconds,team_id,player_id,action_id,type_name,result_name,start_x,start_y,end_x,end_y,is_home,game_episode,phase
126296,2,60,2211.633,4644,62112,2620,Take-On,Unsuccessful,89.311845,65.5712712,89.311845,65.5712712,True,126296_60,126296_246
126296,2,60,2224.1680000000006,4220,500534,2640,Carry,,16.794119999999992,13.409872,15.039465000000009,10.701091999999996,False,126296_60,126296_249
126296,2,60,2231.4000000000005,4220,500534,2650,Pass,Successful,11.00148,2.192183999999997,4.003324500000005,8.319255999999996,False,126296_60,126296_249
126296,2,60,2253.433,4220,500552,2667,Pass,Successful,15.184155000000004,33.341012,25.710300000000004,33.757648,False,126296_60,126296_255
126296,2,60,2269.3,4220,500534,2675,Pass,Successful,58.18197,47.23926,57.990765,27.942152,False,126296_60,126296_255
