game_id,period_id,episode_id,time_seconds,team_id,player_id,action_id,type_name,result_name,start_x,start_y,end_x,end_y,is_home,game_episode,phase
126314,2,120,2674.0330000000004,4646,356603,2778,Pass_Freekick,Successful,32.919915,59.411328,31.46325,37.556128,True,126314_120,126314_87
126314,2,120,2676.5,4646,146185,2780,Pass,Successful,31.46325,37.556128,35.082809999999995,39.656784,True,126314_120,126314_87
126314,2,120,2678.3680000000004,4646,356603,2782,Carry,,35.082809999999995,39.656784,44.245005,32.224724,True,126314_120,126314_87
126314,2,120,2680.867,4646,356603,2783,Pass,Successful,44.245005,32.224724,87.71175000000001,49.057444,True,126314_120,126314_87
