game_id,period_id,episode_id,time_seconds,team_id,player_id,action_id,type_name,result_name,start_x,start_y,end_x,end_y,is_home,game_episode,phase
126314,2,80,785.4670000000001,4641,346036,1925,Tackle,Unsuccessful,55.53135,4.96264,55.53135,4.96264,False,126314_80,126314_374
126314,2,80,802.933,4641,187313,1938,Pass,Successful,57.71724,56.266192,58.55535,66.603076,False,126314_80,126314_374
126314,2,80,807.4670000000001,4641,500604,1942,Pass,Successful,63.55188,60.502524,71.94736499999999,64.94034,False,126314_80,126314_374
126314,2,80,821.9670000000001,4641,346037,1960,Pass,Successful,68.45496,26.594732,67.57674,22.44782,False,126314_80,126314_376
126314,2,80,824.2670000000003,4646,356599,1963,Tackle,Successful,27.72252,47.48066,27.72252,47.48066,True,126314_80,126314_377
126314,2,80,833.2330000000002,4646,356599,1968,Recovery,,33.866595000000004,56.201456,33.866595000000004,56.201456,True,126314_80,126314_381
