game_id,period_id,episode_id,time_seconds,team_id,player_id,action_id,type_name,result_name,start_x,start_y,end_x,end_y,is_home,game_episode,phase
126314,1,56,2400.667,4646,146185,1312,Pass,Successful,64.566915,6.571791999999995,73.746435,2.4380040000000065,True,126314_56,126314_265
126314,1,56,2404.667,4646,146185,1319,Interception,,58.321515000000005,12.092304,58.321515000000005,12.092304,True,126314_56,126314_267
126314,1,56,2416.567,4641,250965,1331,Pass,Successful,38.1045,6.237843999999996,50.26392,9.278327999999997,False,126314_56,126314_272
