game_id,period_id,episode_id,time_seconds,team_id,player_id,action_id,type_name,result_name,start_x,start_y,end_x,end_y,is_home,game_episode,phase
126314,1,43,1801.667,4641,500604,1015,Intervention,,55.22748,14.962855999999997,55.22748,14.962855999999997,False,126314_43,126314_240
126314,1,43,1812.9,4641,346037,1020,Pass,Unsuccessful,77.34825000000001,48.41736,84.02058,57.887856,False,126314_43,126314_240
126314,1,43,1816.433,4641,346037,1023,Recovery,,85.86207,68.0,85.86207,68.0,False,126314_43,126314_242
126314,1,43,1825.7,4641,73228,1036,Pass,Successful,82.54018500000001,37.529472,87.37207500000001,40.618372,False,126314_43,126314_242
126314,1,43,1830.033,4646,500460,1042,Catch,,1.161867,30.486304,1.161867,30.486304,True,126314_43,126314_245
