game_id,period_id,episode_id,time_seconds,team_id,player_id,action_id,type_name,result_name,start_x,start_y,end_x,end_y,is_home,game_episode,phase
126314,2,100,1758.6999999999998,4646,356599,2317,Duel,Successful,53.77344,49.756348,53.77344,49.756348,True,126314_100,126314_9
126314,2,100,1761.6329999999998,4641,500586,2321,Interception,,37.95592500000001,3.406459999999996,37.95592500000001,3.406459999999996,False,126314_100,126314_10
126314,2,100,1799.1999999999998,4641,187313,2349,Recovery,,33.167190000000005,64.7060324,80.378445,65.1998824,False,126314_100,126314_16
126314,2,100,1810.633,4646,250141,2355,Pass,Successful,40.47099,29.92136,44.717715,54.571904,True,126314_100,126314_17
126314,2,100,1826.6670000000004,4646,356599,2370,Pass,Successful,64.67811,67.1814772,102.77841,53.343076,True,126314_100,126314_19
