game_id,period_id,episode_id,time_seconds,team_id,player_id,action_id,type_name,result_name,start_x,start_y,end_x,end_y,is_home,game_episode,phase
126314,2,72,519.2000000000003,4641,346037,1807,Pass_Freekick,Unsuccessful,63.73143,34.61132,91.8603,41.414584000000005,False,126314_72,126314_350
126314,2,72,521.0329999999999,4646,500452,1808,Interception,,14.784210000000002,23.796803999999995,14.784210000000002,23.796803999999995,True,126314_72,126314_351
