game_id,period_id,episode_id,time_seconds,team_id,player_id,action_id,type_name,result_name,start_x,start_y,end_x,end_y,is_home,game_episode,phase
126314,2,70,329.0,4641,346035,1700,Block,,14.124390000000004,46.221776,14.124390000000004,46.221776,False,126314_70,126314_336
126314,2,70,333.30100000000016,4641,346036,1707,Carry,,42.859005,39.727572,40.262775000000005,36.703544,False,126314_70,126314_336
126314,2,70,350.0,4646,500452,1723,Pass,Successful,40.24209,30.139503999999995,43.57605,45.698856,True,126314_70,126314_339
