game_id,period_id,episode_id,time_seconds,team_id,player_id,action_id,type_name,result_name,start_x,start_y,end_x,end_y,is_home,game_episode,phase
126358,1,36,2571.887,4644,62112,1527,Carry,,100.96611,0.3348320000000058,95.477445,7.637148000000003,False,126358_36,126358_117
126358,1,36,2578.557,4644,62105,1531,Recovery,,61.262145,25.896372,89.114445,46.666836,False,126358_36,126358_119
