game_id,period_id,episode_id,time_seconds,team_id,player_id,action_id,type_name,result_name,start_x,start_y,end_x,end_y,is_home,game_episode,phase
126358,2,83,3428.1000000000004,4644,145716,3176,Clearance,,39.53187,5.277819999999998,48.092625,23.434976,False,126358_83,126358_309
126358,2,83,3430.067,316,161110,3177,Recovery,,56.907375,44.565024,49.96971,38.868188,True,126358_83,126358_310
126358,2,83,3430.067,316,161110,3178,Pass,Successful,56.907375,44.565024,49.96971,38.868188,True,126358_83,126358_310
