game_id,period_id,episode_id,time_seconds,team_id,player_id,action_id,type_name,result_name,start_x,start_y,end_x,end_y,is_home,game_episode,phase
126358,2,52,916.833,316,248886,2087,Pass,Successful,30.642255,36.776168,41.07726,34.023392,True,126358_52,126358_170
126358,2,52,922.468,316,248886,2092,Carry,,47.1198,51.623492,50.7402,54.04946,True,126358_52,126358_170
126358,2,52,938.667,316,344467,2103,Pass,Successful,37.471665,20.859815999999995,50.290695,3.192056000000008,True,126358_52,126358_170
126358,2,52,959.3670000000002,4644,412005,2119,Pass,Successful,43.634745,36.40958,58.63294500000001,30.145692000000004,False,126358_52,126358_171
