game_id,period_id,episode_id,time_seconds,team_id,player_id,action_id,type_name,result_name,start_x,start_y,end_x,end_y,is_home,game_episode,phase
126358,2,78,3046.7,316,161110,2938,Pass_Freekick,Unsuccessful,79.108995,7.653536000000003,93.99306,28.124936000000005,True,126358_78,126358_264
126358,2,78,3053.267,4644,500520,2943,Interception,,7.991654999999994,37.038920000000005,7.991654999999994,37.038920000000005,False,126358_78,126358_267
126358,2,78,3055.067,4644,145716,2946,Pass,Successful,16.165485000000004,18.438132,7.701036000000002,12.446379999999998,False,126358_78,126358_267
126358,2,78,3078.267,316,503173,2968,Pass,Successful,81.369855,7.973612000000003,77.121765,11.609640000000006,True,126358_78,126358_268
126358,2,78,3092.201,4644,412005,2982,Carry,,28.04151,36.35178,32.41360499999999,35.682252,False,126358_78,126358_271
126358,2,78,3127.9750000000004,4644,250060,3003,Pass,Successful,13.635509999999996,32.160259999999994,58.569945,21.440196,False,126358_78,126358_275
126358,2,78,3134.9000000000005,316,188267,3007,Pass,Unsuccessful,33.076995,56.622988,37.094505,55.815352,True,126358_78,126358_276
