game_id,period_id,episode_id,time_seconds,team_id,player_id,action_id,type_name,result_name,start_x,start_y,end_x,end_y,is_home,game_episode,phase
126358,1,24,1624.634,316,248886,975,Carry,,42.54999,37.9712,45.316005,40.383024,True,126358_24,126358_66
126358,1,24,1632.667,316,188267,979,Pass,Successful,55.78996500000001,50.909016,49.825125,44.609496,True,126358_24,126358_66
126358,1,24,1661.601,316,161110,1001,Carry,,61.50984,6.015348000000003,68.99676000000001,4.680712,True,126358_24,126358_66
126358,1,24,1666.0,316,500126,1004,Pass,Unsuccessful,75.4047,19.277728,75.63517499999999,21.003704,True,126358_24,126358_66
126358,1,24,1703.368,4644,259766,1035,Carry,,67.272135,66.9072196,82.99074,57.568936,False,126358_24,126358_69
