game_id,period_id,episode_id,time_seconds,team_id,player_id,action_id,type_name,result_name,start_x,start_y,end_x,end_y,is_home,game_episode,phase
126358,1,17,828.05,4644,500520,549,Carry,,18.247005,52.015988,16.887675,42.583096,False,126358_17,126358_25
126358,1,17,847.367,316,344467,560,Pass,Successful,55.988835,49.219964,66.00499500000001,45.560068,True,126358_17,126358_26
126358,1,17,849.501,316,161110,564,Carry,,61.232955,39.961492,63.444570000000006,32.703648,True,126358_17,126358_26
