game_id,period_id,episode_id,time_seconds,team_id,player_id,action_id,type_name,result_name,start_x,start_y,end_x,end_y,is_home,game_episode,phase
126358,2,79,3191.3330000000005,4644,62086,3037,Interception,,9.386244000000003,38.164592,9.386244000000003,38.164592,False,126358_79,126358_279
126358,2,79,3196.467000000001,316,161110,3040,Cross,Unsuccessful,79.72545,15.276676000000002,99.276765,36.271812,True,126358_79,126358_280
126358,2,79,3212.233,316,344467,3056,Cross,Unsuccessful,95.535825,63.9353136,96.276495,61.442488,True,126358_79,126358_284
