game_id,period_id,episode_id,time_seconds,team_id,player_id,action_id,type_name,result_name,start_x,start_y,end_x,end_y,is_home,game_episode,phase
126358,1,21,1222.233,316,344467,729,Pass,Unsuccessful,7.7133105,11.685052,54.229665,13.701320000000004,True,126358_21,126358_42
126358,1,21,1234.725,4644,259766,743,Pass,Successful,49.28217,67.0261924,11.542125,31.353235999999995,False,126358_21,126358_45
126358,1,21,1259.267,4644,259766,759,Pass,Unsuccessful,84.381045,60.524624,92.319465,44.716868,False,126358_21,126358_45
