game_id,period_id,episode_id,time_seconds,team_id,player_id,action_id,type_name,result_name,start_x,start_y,end_x,end_y,is_home,game_episode,phase
126358,1,38,2671.949,4644,250060,1577,Recovery,,9.306129,39.45904,9.306129,39.45904,False,126358_38,126358_125
126358,1,38,2717.9,316,500126,1605,Pass,Successful,76.79206500000001,18.479000000000006,75.112695,16.366852,True,126358_38,126358_128
