game_id,period_id,episode_id,time_seconds,team_id,player_id,action_id,type_name,result_name,start_x,start_y,end_x,end_y,is_home,game_episode,phase
126358,1,4,134.0,316,188266,94,Pass,Successful,47.263125,12.627395999999996,42.561435,4.038927999999999,True,126358_4,126358_134
126358,1,4,135.201,316,161110,96,Carry,,42.561435,4.038927999999999,31.727745,7.532427999999996,True,126358_4,126358_134
126358,1,4,177.8,316,407441,122,Pass,Successful,36.70485,37.91136,44.518215,22.766944,True,126358_4,126358_134
