game_id,period_id,episode_id,time_seconds,team_id,player_id,action_id,type_name,result_name,start_x,start_y,end_x,end_y,is_home,game_episode,phase
126349,1,27,1737.333,4646,61645,947,Pass,Successful,59.29707,62.300988,59.28153,67.0108312,True,126349_27,126349_82
126349,1,27,1747.309,316,500126,959,Recovery,,40.92878999999999,4.734839999999998,45.311175,7.999452000000005,False,126349_27,126349_85
126349,1,27,1870.644,4646,109160,996,Pass,Successful,55.369755,43.233584,47.78634,51.851428,True,126349_27,126349_90
126349,1,27,1881.064,4646,61623,1006,Pass,Successful,61.371975,2.1673640000000063,46.7355,10.430248,True,126349_27,126349_90
