game_id,period_id,episode_id,time_seconds,team_id,player_id,action_id,type_name,result_name,start_x,start_y,end_x,end_y,is_home,game_episode,phase
126349,2,52,631.683,4646,146185,1902,Pass,Successful,37.855335,12.727356,43.20561,16.78512,True,126349_52,126349_186
126349,2,52,655.2340000000002,316,344468,1927,Carry,,71.728545,52.539316,68.22837,46.716,False,126349_52,126349_187
