game_id,period_id,episode_id,time_seconds,team_id,player_id,action_id,type_name,result_name,start_x,start_y,end_x,end_y,is_home,game_episode,phase
126349,2,73,1971.001,316,248886,2608,Carry,,46.895625,26.863808,46.322955,30.026828,False,126349_73,126349_245
126349,2,73,1977.322,316,500126,2613,Pass,Successful,64.771245,0.9607040000000068,69.11793,10.56516,False,126349_73,126349_245
126349,2,73,2001.874,316,503173,2630,Pass,Successful,42.65856,64.5044736,36.167460000000005,49.389488,False,126349_73,126349_247
126349,2,73,2008.733,316,407441,2635,Pass,Successful,44.113125,36.889252,36.39184499999999,26.079700000000003,False,126349_73,126349_247
126349,2,73,2061.5,4646,500452,2668,Intervention,,24.25773,51.448732,24.25773,51.448732,True,126349_73,126349_250
