game_id,period_id,episode_id,time_seconds,team_id,player_id,action_id,type_name,result_name,start_x,start_y,end_x,end_y,is_home,game_episode,phase
126339,2,57,1199.6,2354,61981,2176,Pass_Freekick,Successful,40.502175,32.781236,53.48385,55.27142,False,126339_57,126339_226
126339,2,57,1202.2340000000002,2354,61979,2178,Carry,,53.48385,55.27142,81.057795,58.759888,False,126339_57,126339_226
126339,2,57,1208.8000000000002,2354,61979,2179,Pass,Successful,81.057795,58.759888,78.740235,50.1738,False,126339_57,126339_226
126339,2,57,1209.534,2354,250037,2181,Carry,,78.740235,50.1738,102.1501005,53.83288,False,126339_57,126339_226
126339,2,57,1213.967,4644,250055,2182,Tackle,Successful,2.8498995,14.167119999999995,2.8498995,14.167119999999995,True,126339_57,126339_227
126339,2,57,1213.967,4644,250055,2183,Interception,,2.8498995,14.167119999999995,2.8498995,14.167119999999995,True,126339_57,126339_227
126339,2,57,1213.968,4644,250055,2184,Carry,,2.8498995,14.167119999999995,19.174575,0.3187840000000079,True,126339_57,126339_227
126339,2,57,1218.7000000000005,4644,250055,2185,Pass,Unsuccessful,19.174575,0.3187840000000079,19.69023,0.965124000000003,True,126339_57,126339_227
