game_id,period_id,episode_id,time_seconds,team_id,player_id,action_id,type_name,result_name,start_x,start_y,end_x,end_y,is_home,game_episode,phase
126339,1,14,904.233,4644,62105,478,Throw-In,Successful,80.421915,0.0,77.52381,6.367927999999999,True,126339_14,126339_17
126339,1,14,905.733,4644,412005,480,Pass,Successful,76.52326500000001,7.810547999999997,54.622575,19.452556,True,126339_14,126339_17
126339,1,14,908.268,4644,500520,482,Carry,,54.622575,19.452556,56.135415,27.682868000000006,True,126339_14,126339_17
126339,1,14,911.5,4644,500520,483,Pass,Successful,56.135415,27.682868000000006,56.004585,5.52908,True,126339_14,126339_17
126339,1,14,913.101,4644,62086,485,Carry,,56.004585,5.52908,61.476345,5.512148000000003,True,126339_14,126339_17
126339,1,14,915.633,4644,62086,486,Pass,Unsuccessful,61.476345,5.512148000000003,62.892165,6.181812000000001,True,126339_14,126339_17
