game_id,period_id,episode_id,time_seconds,team_id,player_id,action_id,type_name,result_name,start_x,start_y,end_x,end_y,is_home,game_episode,phase
126393,2,55,197.30000000000013,4644,500515,1393,Interception,,59.207085,49.488972,66.37827,54.005736,False,126393_55,126393_176
126393,2,55,198.5329999999999,4644,500508,1396,Pass,Unsuccessful,66.37827,54.005736,72.718065,34.922964,False,126393_55,126393_176
