game_id,period_id,episode_id,time_seconds,team_id,player_id,action_id,type_name,result_name,start_x,start_y,end_x,end_y,is_home,game_episode,phase
126393,1,44,2522.3660000000004,4644,62098,1191,Carry,,45.358425,3.902044000000004,53.863425,3.0338199999999915,False,126393_44,126393_140
126393,1,44,2534.8,2354,500152,1200,Interception,,42.856695,6.196227999999998,42.856695,6.196227999999998,True,126393_44,126393_141
