game_id,period_id,episode_id,time_seconds,team_id,player_id,action_id,type_name,result_name,start_x,start_y,end_x,end_y,is_home,game_episode,phase
126376,2,73,2234.433,4644,62105,2291,Throw-In,Successful,52.94268,68.0,44.06997,64.61377,False,126376_73,126376_225
126376,2,73,2236.5330000000004,4644,500520,2293,Pass,Successful,45.223290000000006,64.826134,51.5676,66.6995476,False,126376_73,126376_225
