game_id,period_id,episode_id,time_seconds,team_id,player_id,action_id,type_name,result_name,start_x,start_y,end_x,end_y,is_home,game_episode,phase
126376,2,69,1781.433,4644,412005,2128,Pass,Successful,51.264675,62.4854992,51.0111,49.37684,False,126376_69,126376_209
126376,2,69,1783.433,4644,500505,2130,Pass,Successful,50.86746,47.318684000000005,55.28449499999999,16.664012,False,126376_69,126376_209
126376,2,69,1793.433,4644,62086,2133,Pass,Successful,72.11399999999999,23.973468,55.658190000000005,24.683252000000003,False,126376_69,126376_209
