game_id,period_id,episode_id,time_seconds,team_id,player_id,action_id,type_name,result_name,start_x,start_y,end_x,end_y,is_home,game_episode,phase
126333,1,19,1583.167,4643,500115,951,Pass,Successful,52.21062,44.177968,68.10006,66.1710652,False,126333_19,126333_47
126333,1,19,1594.533,4643,500116,959,Pass,Successful,12.993224999999995,41.71732,19.69464,50.359576,False,126333_19,126333_47
