game_id,period_id,episode_id,time_seconds,team_id,player_id,action_id,type_name,result_name,start_x,start_y,end_x,end_y,is_home,game_episode,phase
126333,1,14,1133.567,4643,500116,658,Pass,Successful,8.171414999999996,28.759716,50.021265,0.471580000000003,False,126333_14,126333_17
126333,1,14,1137.6,2353,500569,663,Interception,,44.256345,60.673068,44.256345,60.673068,True,126333_14,126333_18
126333,1,14,1146.8,2353,356609,671,Pass,Successful,71.520645,62.3632148,74.197095,65.677562,True,126333_14,126333_18
126333,1,14,1167.288,2353,356609,689,Carry,,80.4342,60.909776,83.8005,57.6011,True,126333_14,126333_20
126333,1,14,1203.068,4643,500117,724,Carry,,50.10999,55.700636,65.74533,66.24832,False,126333_14,126333_25
126333,1,14,1211.801,4643,500117,731,Carry,,74.514195,67.1765812,77.470365,66.2710252,False,126333_14,126333_27
