game_id,period_id,episode_id,time_seconds,team_id,player_id,action_id,type_name,result_name,start_x,start_y,end_x,end_y,is_home,game_episode,phase
126333,2,51,1358.3000000000002,2353,500576,2252,Duel,Successful,25.23129,41.07302,25.23129,41.07302,True,126333_51,126333_202
126333,2,51,1383.567,2353,356611,2273,Pass,Successful,38.713080000000005,11.299968,27.60219,21.283116,True,126333_51,126333_208
126333,2,51,1515.7790000000005,2353,500569,2297,Pass,Successful,31.269630000000003,52.642268,39.400515,63.8977232,True,126333_51,126333_208
126333,2,51,1533.5340000000003,2353,356615,2310,Carry,,86.537955,63.5548944,98.7638505,61.921072,True,126333_51,126333_208
126333,2,51,1537.7669999999998,4643,408792,2315,Pass,Successful,7.179879,16.360460000000003,7.606137000000004,1.3719000000000108,False,126333_51,126333_209
