game_id,period_id,episode_id,time_seconds,team_id,player_id,action_id,type_name,result_name,start_x,start_y,end_x,end_y,is_home,game_episode,phase
126333,2,52,1573.9669999999996,4643,500116,2320,Pass_Freekick,Unsuccessful,10.785809999999998,10.113096,75.56367,18.275272,False,126333_52,126333_209
126333,2,52,1584.8670000000002,4643,187794,2331,Tackle,Unsuccessful,54.567240000000005,40.171408,54.567240000000005,40.171408,False,126333_52,126333_211
126333,2,52,1630.8670000000002,4643,500115,2365,Pass,Successful,3.7802625000000063,16.431724000000003,1.1978189999999955,10.695856,False,126333_52,126333_217
126333,2,52,1635.3330000000003,2353,356609,2368,Recovery,,69.5772,58.926964,69.5772,58.926964,True,126333_52,126333_218
