game_id,period_id,episode_id,time_seconds,team_id,player_id,action_id,type_name,result_name,start_x,start_y,end_x,end_y,is_home,game_episode,phase
126333,2,50,1284.013,2353,500576,2233,Pass,Successful,35.56119,23.82754,40.02831,7.7519319999999965,True,126333_50,126333_200
126333,2,50,1285.101,2353,356616,2235,Carry,,40.02831,7.7519319999999965,43.820805,8.661431999999998,True,126333_50,126333_200
126333,2,50,1288.0120000000002,2353,356616,2236,Pass,Successful,43.820805,8.661431999999998,33.10776,21.666024,True,126333_50,126333_200
