game_id,period_id,episode_id,time_seconds,team_id,player_id,action_id,type_name,result_name,start_x,start_y,end_x,end_y,is_home,game_episode,phase
126359,1,30,2598.033,4643,187794,1525,Pass_Freekick,Unsuccessful,84.57351,53.7931,98.84448,39.671268,True,126359_30,126359_89
126359,1,30,2601.467,2354,188332,1530,Clearance,,14.839335000000004,28.263316000000003,47.13009,37.608624,False,126359_30,126359_90
126359,1,30,2606.1,4643,187259,1533,Pass,Successful,59.487225,23.835496,71.049825,9.016460000000002,True,126359_30,126359_91
