game_id,period_id,episode_id,time_seconds,team_id,player_id,action_id,type_name,result_name,start_x,start_y,end_x,end_y,is_home,game_episode,phase
126359,1,20,1783.767,2354,500147,1068,Pass,Successful,12.355559999999995,44.587532,22.927800000000005,42.108524,False,126359_20,126359_38
126359,1,20,1793.868,2354,500147,1077,Carry,,26.660445,42.204404,42.91539,45.174848,False,126359_20,126359_38
126359,1,20,1801.433,2354,500147,1078,Pass,Successful,42.91539,45.174848,45.521175,24.657344,False,126359_20,126359_38
126359,1,20,1828.634,2354,250037,1097,Carry,,51.814665,27.958404,63.888825,47.901716,False,126359_20,126359_38
126359,1,20,1834.633,4643,187259,1099,Recovery,,33.629715,12.623044,33.629715,12.623044,True,126359_20,126359_39
