game_id,period_id,episode_id,time_seconds,team_id,player_id,action_id,type_name,result_name,start_x,start_y,end_x,end_y,is_home,game_episode,phase
126359,2,34,7.068000000000008,2354,150850,1707,Carry,,31.729215,27.926988,40.309920000000005,23.855012,False,126359_34,126359_102
126359,2,34,16.26800000000028,2354,150850,1712,Carry,,39.395265,22.981484,51.089745,10.897135999999996,False,126359_34,126359_102
126359,2,34,56.733000000000175,2354,150851,1737,Interception,,81.34108499999999,67.1607916,82.210275,63.18764,False,126359_34,126359_104
