game_id,period_id,episode_id,time_seconds,team_id,player_id,action_id,type_name,result_name,start_x,start_y,end_x,end_y,is_home,game_episode,phase
126396,1,33,1675.201,4641,500602,944,Carry,,64.344525,12.185124000000002,63.561645000000006,16.542224000000004,True,126396_33,126396_62
126396,1,33,1679.8,4641,355790,947,Pass,Successful,54.881400000000006,33.921800000000005,59.491110000000006,59.344552,True,126396_33,126396_62
126396,1,33,1691.067,4646,109160,960,Recovery,,35.285250000000005,28.12956,35.285250000000005,28.12956,False,126396_33,126396_65
