game_id,period_id,episode_id,time_seconds,team_id,player_id,action_id,type_name,result_name,start_x,start_y,end_x,end_y,is_home,game_episode,phase
126396,2,76,1567.6010000000003,4641,145831,2405,Carry,,26.618025,57.319444,29.834805,62.2438,True,126396_76,126396_202
126396,2,76,1576.6010000000003,4641,413678,2411,Carry,,54.99291,57.655704,54.76968,52.122,True,126396_76,126396_202
126396,2,76,1593.3330000000003,4641,250965,2427,Pass,Successful,54.840030000000006,59.017268,33.3921,53.02674,True,126396_76,126396_202
126396,2,76,1628.4679999999996,4641,413677,2456,Carry,,48.427890000000005,2.7432560000000024,44.34423,5.412255999999999,True,126396_76,126396_202
