game_id,period_id,episode_id,time_seconds,team_id,player_id,action_id,type_name,result_name,start_x,start_y,end_x,end_y,is_home,game_episode,phase
126396,2,54,183.8010000000002,4646,356607,1596,Carry,,64.064385,15.334339999999996,84.495915,15.056083999999998,False,126396_54,126396_113
126396,2,54,186.66699999999992,4641,355790,1598,Recovery,,20.504085,52.943916,20.504085,52.943916,True,126396_54,126396_114
126396,2,54,193.933,4641,355790,1603,Pass,Successful,19.166385,39.54404,25.02969,20.56673600000001,True,126396_54,126396_114
