game_id,period_id,episode_id,time_seconds,team_id,player_id,action_id,type_name,result_name,start_x,start_y,end_x,end_y,is_home,game_episode,phase
126396,2,51,3.9329999999999927,4641,73228,1516,Pass,Successful,48.420225,48.245796,45.17079,41.403908,True,126396_51,126396_112
126396,2,51,30.934,4641,355790,1542,Carry,,43.03068,38.518056,44.3772,35.290164000000004,True,126396_51,126396_112
126396,2,51,57.43299999999999,4641,73228,1567,Pass,Successful,51.72636,63.3860844,38.028585,42.869376,True,126396_51,126396_112
126396,2,51,61.06700000000001,4641,355790,1570,Pass,Successful,37.77837,36.838932,41.70978,20.408228,True,126396_51,126396_112
126396,2,51,65.70100000000028,4641,346037,1576,Carry,,53.146695,10.258344,42.75453,20.541780000000003,True,126396_51,126396_112
