game_id,period_id,episode_id,time_seconds,team_id,player_id,action_id,type_name,result_name,start_x,start_y,end_x,end_y,is_home,game_episode,phase
126385,2,66,1430.8330000000003,4640,413675,2083,Pass,Successful,54.25203,3.4351560000000063,53.552415,13.190843999999998,False,126385_66,126385_227
126385,2,66,1443.567,4640,146174,2100,Pass,Successful,61.36473,10.601948,59.62540499999999,3.208376000000001,False,126385_66,126385_229
