game_id,period_id,episode_id,time_seconds,team_id,player_id,action_id,type_name,result_name,start_x,start_y,end_x,end_y,is_home,game_episode,phase
126385,2,71,1749.2679999999998,4640,503221,2260,Carry,,9.491212500000003,10.854432000000005,17.18608499999999,15.855968000000004,False,126385_71,126385_255
126385,2,71,1787.9669999999996,4640,491833,2290,Interception,,84.931455,43.724272,84.931455,43.724272,False,126385_71,126385_257
126385,2,71,1787.9679999999996,4640,491833,2291,Carry,,84.931455,43.724272,82.0869,48.080488,False,126385_71,126385_257
126385,2,71,1790.0330000000004,4640,491833,2292,Pass,Successful,82.0869,48.080488,88.890165,56.5539,False,126385_71,126385_257
