game_id,period_id,episode_id,time_seconds,team_id,player_id,action_id,type_name,result_name,start_x,start_y,end_x,end_y,is_home,game_episode,phase
126385,1,25,1405.333,4640,491834,798,Pass_Freekick,Successful,25.115894999999995,59.38372,8.301436499999994,42.43404,False,126385_25,126385_59
126385,1,25,1433.833,4644,250060,818,Pass,Unsuccessful,5.000058,29.139360000000003,68.11833,19.98486,True,126385_25,126385_60
126385,1,25,1476.2,4644,250076,841,Pass,Successful,16.282875,9.951188000000002,38.623935,8.859039999999993,True,126385_25,126385_62
