game_id,period_id,episode_id,time_seconds,team_id,player_id,action_id,type_name,result_name,start_x,start_y,end_x,end_y,is_home,game_episode,phase
126403,2,83,2120.983,2353,500583,2546,Cross,Unsuccessful,103.520025,16.704472000000003,101.978205,30.199072,False,126403_83,126403_246
126403,2,83,2144.821,4646,161122,2556,Pass,Unsuccessful,51.921975,48.390228,88.64982,16.223440000000004,True,126403_83,126403_247
126403,2,83,2156.674,2353,500576,2562,Duel,Successful,8.3610975,28.484588,8.3610975,28.484588,False,126403_83,126403_250
