game_id,period_id,episode_id,time_seconds,team_id,player_id,action_id,type_name,result_name,start_x,start_y,end_x,end_y,is_home,game_episode,phase
126318,2,77,2409.6500000000005,4639,354806,2770,Pass,Successful,71.85811500000001,51.555152,73.04639999999999,66.775796,False,126318_77,126318_249
126318,2,77,2423.0330000000004,4639,491810,2783,Recovery,,61.227075000000006,24.869980000000005,61.227075000000006,24.869980000000005,False,126318_77,126318_251
126318,2,77,2431.067,4639,250902,2787,Pass,Successful,83.79714,4.191859999999998,78.796305,21.279988000000003,False,126318_77,126318_251
126318,2,77,2444.124,4639,491810,2794,Pass,Successful,65.359035,11.659416,62.785275,6.089740000000006,False,126318_77,126318_251
