game_id,period_id,episode_id,time_seconds,team_id,player_id,action_id,type_name,result_name,start_x,start_y,end_x,end_y,is_home,game_episode,phase
126318,2,88,3037.1000000000004,4657,500486,3073,Throw-In,Successful,59.103975000000005,0.0,78.11370000000001,5.8452800000000025,True,126318_88,126318_290
126318,2,88,3038.8,4657,500484,3075,Pass,Unsuccessful,78.11370000000001,5.8452800000000025,88.04711999999999,10.421272000000002,True,126318_88,126318_290
