game_id,period_id,episode_id,time_seconds,team_id,player_id,action_id,type_name,result_name,start_x,start_y,end_x,end_y,is_home,game_episode,phase
126437,1,26,2266.2000000000003,4657,215807,1121,Pass,Successful,61.113150000000005,36.813296,54.910485,35.449284,False,126437_26,126437_92
126437,1,26,2275.8680000000004,4657,250168,1128,Carry,,45.86169,25.040184,47.88315,22.747699999999995,False,126437_26,126437_92
126437,1,26,2315.601,4220,500549,1155,Carry,,78.25996500000001,52.622004,74.56932,55.933808,True,126437_26,126437_95
126437,1,26,2328.6,4657,532190,1169,Pass,Unsuccessful,10.565730000000002,54.795216,17.298434999999998,68.0,False,126437_26,126437_98
