game_id,period_id,episode_id,time_seconds,team_id,player_id,action_id,type_name,result_name,start_x,start_y,end_x,end_y,is_home,game_episode,phase
126437,2,46,982.833,4220,287282,1886,Pass,Successful,63.520695,2.262224000000004,57.22709999999999,1.6067039999999937,True,126437_46,126437_197
126437,2,46,1008.7000000000004,4220,500533,1906,Pass,Successful,79.42137,55.265844,87.04993499999999,54.682064,True,126437_46,126437_197
126437,2,46,1042.8680000000002,4220,500534,1929,Carry,,77.71995,27.569036,82.93362,26.01714,True,126437_46,126437_199
126437,2,46,1088.967,4657,532191,1964,Pass,Successful,75.663735,34.181016,85.942605,13.625364000000005,False,126437_46,126437_202
126437,2,46,1092.1,4220,500540,1967,Interception,,18.14253,52.536392,18.14253,52.536392,True,126437_46,126437_203
126437,2,46,1092.833,4220,500540,1968,Error,,18.504465,52.847356,18.504465,52.847356,True,126437_46,126437_203
