game_id,period_id,episode_id,time_seconds,team_id,player_id,action_id,type_name,result_name,start_x,start_y,end_x,end_y,is_home,game_episode,phase
126437,1,33,3038.9,4657,250167,1446,Pass,Successful,14.970164999999994,28.414548000000003,51.11274,44.977988,False,126437_33,126437_140
126437,1,33,3049.467,4657,532191,1451,Recovery,,69.243405,22.519084,79.58453999999999,12.140107999999998,False,126437_33,126437_142
