game_id,period_id,episode_id,time_seconds,team_id,player_id,action_id,type_name,result_name,start_x,start_y,end_x,end_y,is_home,game_episode,phase
126432,2,39,456.5999999999999,2353,500580,1736,Recovery,,18.35694000000001,17.168028,18.35694000000001,17.168028,False,126432_39,126432_152
126432,2,39,462.1340000000002,4639,187316,1740,Carry,,46.94403,50.149864,47.58894,46.76292,True,126432_39,126432_153
126432,2,39,476.933,2353,500558,1751,Recovery,,5.185782000000003,29.26142,5.185782000000003,29.26142,False,126432_39,126432_154
126432,2,39,476.934,2353,500558,1752,Carry,,5.185782000000003,29.26142,14.145809999999996,33.558272,False,126432_39,126432_154
126432,2,39,500.8709999999999,2353,526911,1760,Carry,,51.39498,7.455587999999999,54.947025,5.976723999999997,False,126432_39,126432_154
