game_id,period_id,episode_id,time_seconds,team_id,player_id,action_id,type_name,result_name,start_x,start_y,end_x,end_y,is_home,game_episode,phase
126432,2,73,2614.5,4639,345446,2556,Recovery,,19.41765,66.1127756,19.41765,66.1127756,True,126432_73,126432_261
126432,2,73,2614.501,4639,345446,2557,Carry,,19.41765,66.1127756,14.485485,64.7494096,True,126432_73,126432_261
126432,2,73,2617.934,4639,142258,2560,Carry,,0.4182244499999999,48.548532,2.4553095,53.543472,True,126432_73,126432_261
126432,2,73,2636.9680000000008,4639,491810,2571,Carry,,38.67276,24.117016,41.85909,22.160928,True,126432_73,126432_261
126432,2,73,2639.267,4639,491810,2572,Pass,Successful,41.85909,22.160928,52.43658,9.711692,True,126432_73,126432_261
