game_id,period_id,episode_id,time_seconds,team_id,player_id,action_id,type_name,result_name,start_x,start_y,end_x,end_y,is_home,game_episode,phase
126432,1,26,2562.067,4639,491810,1323,Pass_Freekick,Successful,21.704445,41.910508,26.21388,52.164228,True,126432_26,126432_81
126432,1,26,2580.333,2353,500581,1335,Pass,Unsuccessful,32.847255000000004,8.118927999999997,33.34548000000001,11.461536000000002,False,126432_26,126432_82
126432,1,26,2580.367,4639,77845,1336,Block,,71.12826,59.024136,71.12826,59.024136,True,126432_26,126432_83
126432,1,26,2582.568,2353,500569,1338,Carry,,26.085359999999994,13.842692,33.90281999999999,27.24896,False,126432_26,126432_84
