game_id,period_id,episode_id,time_seconds,team_id,player_id,action_id,type_name,result_name,start_x,start_y,end_x,end_y,is_home,game_episode,phase
126432,2,41,649.3330000000001,2353,526911,1782,Clearance,,35.200095000000005,5.689763999999997,51.752505,15.791979999999995,False,126432_41,126432_158
126432,2,41,653.4220000000003,2353,526910,1786,Carry,,54.241845,6.620139999999999,59.61364499999999,11.650848000000003,False,126432_41,126432_158
