game_id,period_id,episode_id,time_seconds,team_id,player_id,action_id,type_name,result_name,start_x,start_y,end_x,end_y,is_home,game_episode,phase
126432,2,36,267.13300000000027,4639,77828,1623,Pass,Successful,58.268595,58.269132,62.097840000000005,49.154276,True,126432_36,126432_139
126432,2,36,280.40100000000007,4639,250902,1637,Carry,,83.278545,3.6558160000000015,87.755745,10.811591999999996,True,126432_36,126432_141
126432,2,36,303.4670000000001,4639,142258,1651,Pass,Successful,19.339425,29.988544,36.21387,0.149872000000002,True,126432_36,126432_143
126432,2,36,335.8000000000002,2353,500562,1669,Pass,Successful,38.968965,54.681452,41.73372,48.681812,False,126432_36,126432_144
126432,2,36,339.067,4639,491801,1675,Pass,Successful,56.049105,7.024535999999998,61.152,6.72486,True,126432_36,126432_145
