game_id,period_id,episode_id,time_seconds,team_id,player_id,action_id,type_name,result_name,start_x,start_y,end_x,end_y,is_home,game_episode,phase
126432,2,43,694.6669999999999,4639,187316,1801,Throw-In,Successful,5.414073,0.0,4.2707385,22.686568,True,126432_43,126432_159
126432,2,43,697.1009999999999,4639,142258,1803,Carry,,4.2707385,22.686568,1.92297,18.920932,True,126432_43,126432_159
126432,2,43,698.5,4639,142258,1804,Pass,Successful,1.92297,18.920932,20.05332,2.8961199999999963,True,126432_43,126432_159
126432,2,43,700.0999999999999,4639,250902,1806,Pass,Successful,20.05332,2.8961199999999963,10.786335,3.999963999999992,True,126432_43,126432_159
126432,2,43,701.3330000000001,4639,187316,1808,Pass,Unsuccessful,10.786335,3.999963999999992,30.626400000000004,19.319683999999995,True,126432_43,126432_159
