game_id,period_id,episode_id,time_seconds,team_id,player_id,action_id,type_name,result_name,start_x,start_y,end_x,end_y,is_home,game_episode,phase
126432,1,19,1738.224,2353,500569,907,Carry,,52.123155,25.364272,53.539605,29.468004,False,126432_19,126432_38
126432,1,19,1772.661,2353,500581,934,Carry,,73.64385,5.634071999999996,84.08746500000001,3.365319999999997,False,126432_19,126432_42
126432,1,19,1827.733,4639,77845,961,Pass,Successful,38.86827,63.0065628,36.49611,52.978936,True,126432_19,126432_45
126432,1,19,1862.433,4639,345444,988,Pass,Unsuccessful,50.882265,12.022332000000006,54.520095,28.346208,True,126432_19,126432_45
126432,1,19,2128.867,4639,491810,1064,Pass,Successful,38.073105,38.731168,43.67286,46.15398,True,126432_19,126432_53
