game_id,period_id,episode_id,time_seconds,team_id,player_id,action_id,type_name,result_name,start_x,start_y,end_x,end_y,is_home,game_episode,phase
126432,2,49,981.8000000000002,4639,345446,1964,Pass,Successful,46.175745,45.968272,56.320530000000005,47.21376,True,126432_49,126432_173
126432,2,49,1012.533,4639,77845,1989,Pass,Successful,61.03093499999999,66.4633156,73.390905,47.840856,True,126432_49,126432_173
126432,2,49,1018.6330000000004,2353,500576,1999,Pass,Unsuccessful,22.48029,0.7717999999999989,23.52378,1.707887999999997,False,126432_49,126432_174
126432,2,49,1030.101,4639,491801,2010,Carry,,65.21235,27.330288000000003,68.91160500000001,22.049884,True,126432_49,126432_177
