game_id,period_id,episode_id,time_seconds,team_id,player_id,action_id,type_name,result_name,start_x,start_y,end_x,end_y,is_home,game_episode,phase
126304,1,34,1548.1,4220,500527,648,Pass,Successful,56.131005,41.159856000000005,56.424585,22.982912,True,126304_34,126304_76
126304,1,34,1554.534,4220,500554,654,Carry,,59.50014,37.937404,54.821760000000005,27.023948,True,126304_34,126304_78
126304,1,34,1563.833,2353,356615,660,Intervention,,62.308995,64.8663084,62.308995,64.8663084,False,126304_34,126304_79
126304,1,34,1568.5,2353,356616,665,Duel,Successful,64.60429500000001,62.9458184,64.60429500000001,62.9458184,False,126304_34,126304_81
126304,1,34,1583.867,2353,356614,681,Take-On,Unsuccessful,26.33557500000001,1.7175440000000035,26.33557500000001,1.7175440000000035,False,126304_34,126304_85
126304,1,34,1624.633,2353,356615,715,Take-On,Successful,44.099895,66.1353788,44.099895,66.1353788,False,126304_34,126304_91
126304,1,34,1631.867,2353,356615,718,Pass,Unsuccessful,89.069925,61.053324,84.30135,40.855352,False,126304_34,126304_93
126304,1,34,1633.8,2353,356621,722,Tackle,Unsuccessful,84.880635,42.315244,84.880635,42.315244,False,126304_34,126304_95
