game_id,period_id,episode_id,time_seconds,team_id,player_id,action_id,type_name,result_name,start_x,start_y,end_x,end_y,is_home,game_episode,phase
126304,2,76,1159.2330000000002,2353,356618,2090,Pass,Successful,61.93236,59.328028,49.081305,46.456784,False,126304_76,126304_201
126304,2,76,1181.3000000000002,4220,500546,2109,Tackle,Successful,32.557455,12.244555999999996,32.557455,12.244555999999996,True,126304_76,126304_202
126304,2,76,1184.6330000000005,4220,77715,2114,Pass,Unsuccessful,38.214225,3.5368160000000017,30.184665,3.3492040000000003,True,126304_76,126304_202
