game_id,period_id,episode_id,time_seconds,team_id,player_id,action_id,type_name,result_name,start_x,start_y,end_x,end_y,is_home,game_episode,phase
126304,1,33,1509.833,4220,500527,620,Pass,Successful,26.561745,48.712684,29.181915,17.149124,True,126304_33,126304_72
126304,1,33,1513.733,4220,143588,623,Pass,Successful,33.56409,15.158288,53.73543000000001,3.3050039999999967,True,126304_33,126304_72
126304,1,33,1515.2,4220,287282,625,Pass,Unsuccessful,53.73543000000001,3.3050039999999967,76.78261499999999,8.059224,True,126304_33,126304_72
