,game_id,period_id,episode_id,time_seconds,team_id,player_id,action_id,type_name,result_name,start_x,start_y,end_x,end_y,is_home,game_episode,phase
0,153363,1,24,1530.733,4639,345446,688,Pass_Freekick,Successful,62.03484,58.904592,65.92215,65.4886104,True,153363_24,153363_55
1,153363,1,24,1535.067,4639,77845,690,Pass,Unsuccessful,68.295675,63.774208,86.780715,49.010456,True,153363_24,153363_55
2,153363,1,24,1536.867,4220,287282,691,Interception,,17.998050000000006,18.870952000000003,17.998050000000006,18.870952000000003,False,153363_24,153363_56
3,153363,1,24,1536.867,4220,287282,692,Clearance,,17.998050000000006,18.870952000000003,6.038119499999993,35.39672,False,153363_24,153363_56
4,153363,1,24,1539.7,4220,500552,693,Recovery,,6.038119499999993,35.39672,6.038119499999993,35.39672,False,153363_24,153363_56
5,153363,1,24,1539.701,4220,500552,694,Carry,,6.038119499999993,35.39672,14.420280000000004,35.473764,False,153363_24,153363_56
6,153363,1,24,1550.033,4220,500552,695,Pass,Unsuccessful,14.420280000000004,35.473764,,,False,153363_24,153363_56
