,game_id,period_id,episode_id,time_seconds,team_id,player_id,action_id,type_name,result_name,start_x,start_y,end_x,end_y,is_home,game_episode,phase
0,153374,1,24,2148.067,4640,61922,1119,Pass_Freekick,Successful,45.01707,40.94586,45.022845,53.24196,False,153374_24,153374_70
1,153374,1,24,2150.2,4640,533476,1121,Pass,Successful,46.481190000000005,52.979888,59.987025,66.5053396,False,153374_24,153374_70
2,153374,1,24,2152.433,4640,491835,1123,Pass,Successful,58.12191,66.0679636,59.181360000000005,60.386516,False,153374_24,153374_70
3,153374,1,24,2153.0,4640,500430,1125,Pass,Successful,59.181360000000005,60.386516,,,False,153374_24,153374_70
