,game_id,period_id,episode_id,time_seconds,team_id,player_id,action_id,type_name,result_name,start_x,start_y,end_x,end_y,is_home,game_episode,phase
0,153374,2,83,2777.3,4640,411440,2726,Pass_Freekick,Successful,33.12960000000001,20.5955,39.05769000000001,15.027116000000008,False,153374_83,153374_280
1,153374,2,83,2778.501,4640,261824,2728,Carry,,39.05769000000001,15.027116000000008,63.54117,17.84218,False,153374_83,153374_280
2,153374,2,83,2785.6000000000004,4640,261824,2729,Pass,Unsuccessful,63.54117,17.84218,,,False,153374_83,153374_280
