game_id,period_id,episode_id,time_seconds,team_id,player_id,action_id,type_name,result_name,start_x,start_y,end_x,end_y,is_home,game_episode,phase
126294,1,28,1833.633,316,344467,991,Throw-In,Successful,52.39626,0.0,36.97176,12.796444,True,126294_28,126294_68
126294,1,28,1835.968,316,77579,993,Carry,,36.97176,12.796444,42.40026,32.766956,True,126294_28,126294_68
126294,1,28,1839.876,316,77579,994,Pass,Successful,42.40026,32.766956,48.283515,35.489064,True,126294_28,126294_68
126294,1,28,1841.001,316,161110,996,Carry,,48.283515,35.489064,51.34017,39.00004,True,126294_28,126294_68
126294,1,28,1842.887,316,161110,997,Pass,Successful,51.34017,39.00004,60.801300000000005,64.63893,True,126294_28,126294_68
126294,1,28,1845.805,316,188267,999,Pass,Successful,61.46343,63.4651276,54.47284499999999,59.886444,True,126294_28,126294_68
126294,1,28,1848.366,316,500124,1001,Pass,Successful,54.248985000000005,58.516788,55.73253,52.004564,True,126294_28,126294_68
126294,1,28,1850.8,316,161110,1003,Pass,Successful,55.92846,50.636132,79.754955,3.247271999999996,True,126294_28,126294_68
126294,1,28,1854.218,316,62009,1005,Pass,Successful,79.754955,3.247271999999996,92.097075,5.486920000000005,True,126294_28,126294_68
