game_id,period_id,episode_id,time_seconds,team_id,player_id,action_id,type_name,result_name,start_x,start_y,end_x,end_y,is_home,game_episode,phase
126294,1,46,2855.719,4646,146185,1556,Pass,Successful,52.077795,12.595299999999996,47.61687,24.705216,False,126294_46,126294_119
126294,1,46,2864.237,4646,250141,1561,Pass,Successful,58.749075,16.790899999999993,49.21707,26.92902,False,126294_46,126294_119
126294,1,46,2868.9410000000003,4646,500452,1564,Pass,Unsuccessful,54.73398,25.790224,100.720095,25.661568000000003,False,126294_46,126294_119
126294,1,46,2904.9790000000003,316,187326,1582,Pass,Successful,30.68919,47.01996,18.654825,49.577916,True,126294_46,126294_120
