game_id,period_id,episode_id,time_seconds,team_id,player_id,action_id,type_name,result_name,start_x,start_y,end_x,end_y,is_home,game_episode,phase
126294,2,86,2221.7340000000004,4646,356597,2846,Carry,,58.03497,8.241191999999998,50.810970000000005,11.363139999999994,False,126294_86,126294_247
126294,2,86,2229.226,316,77579,2853,Pass,Successful,12.09768,56.490116,3.248784,42.360872,True,126294_86,126294_250
126294,2,86,2237.6000000000004,4646,356597,2857,Recovery,,74.561865,15.936956000000002,74.561865,15.936956000000002,False,126294_86,126294_251
126294,2,86,2237.601000000001,4646,356597,2858,Carry,,74.561865,15.936956000000002,74.639775,19.200004,False,126294_86,126294_251
126294,2,86,2250.867,316,77579,2869,Recovery,,18.026715,34.459,23.151975,33.14320000000001,True,126294_86,126294_254
126294,2,86,2252.233,316,161110,2872,Pass,Successful,23.526195,34.900728,34.18506,40.814348,True,126294_86,126294_254
