game_id,period_id,episode_id,time_seconds,team_id,player_id,action_id,type_name,result_name,start_x,start_y,end_x,end_y,is_home,game_episode,phase
126294,1,11,664.7330000000001,4646,500452,424,Pass,Successful,41.9811,46.88634,47.63745,61.6419048,False,126294_11,126294_23
126294,1,11,669.633,316,77579,430,Intervention,,36.249255,20.29562,36.249255,20.29562,True,126294_11,126294_24
126294,1,11,671.091,316,344467,431,Recovery,,36.45264,13.988348000000002,36.45264,13.988348000000002,True,126294_11,126294_24
126294,1,11,704.533,4646,250148,461,Pass,Successful,27.14481,2.7086440000000067,28.54047,10.191908000000003,False,126294_11,126294_25
