game_id,period_id,episode_id,time_seconds,team_id,player_id,action_id,type_name,result_name,start_x,start_y,end_x,end_y,is_home,game_episode,phase
126294,2,79,1612.0,316,187326,2502,Tackle,Unsuccessful,21.006405,67.2885364,21.006405,67.2885364,True,126294_79,126294_208
126294,2,79,1615.1329999999998,316,77579,2504,Duel,Successful,11.70162,42.706108,11.70162,42.706108,True,126294_79,126294_210
126294,2,79,1615.6999999999998,316,344467,2507,Clearance,,11.640825,37.498668,43.46202,50.718208,True,126294_79,126294_210
