game_id,period_id,episode_id,time_seconds,team_id,player_id,action_id,type_name,result_name,start_x,start_y,end_x,end_y,is_home,game_episode,phase
126294,2,47,4.001,316,187326,1621,Carry,,44.867025,43.000956,46.07904,45.83948,True,126294_47,126294_122
126294,2,47,11.234000000000174,316,161110,1628,Carry,,39.832905,28.968067999999995,41.18142,21.895796,True,126294_47,126294_122
126294,2,47,24.80499999999984,316,77579,1639,Pass,Successful,49.307475,56.465636,52.95297000000001,50.955052,True,126294_47,126294_122
