game_id,period_id,episode_id,time_seconds,team_id,player_id,action_id,type_name,result_name,start_x,start_y,end_x,end_y,is_home,game_episode,phase
126343,2,78,3183.467000000001,2354,250037,2878,Pass,Successful,81.8496,3.249448000000001,63.83685,4.909395999999994,False,126343_78,126343_235
126343,2,78,3187.933,2354,500152,2884,Pass,Successful,67.492215,7.163392000000002,75.99627000000001,3.650648000000004,False,126343_78,126343_235
126343,2,78,3195.5,316,286696,2892,Pass,Successful,43.510005,43.065488,47.6742,45.13092,True,126343_78,126343_236
