game_id,period_id,episode_id,time_seconds,team_id,player_id,action_id,type_name,result_name,start_x,start_y,end_x,end_y,is_home,game_episode,phase
126343,2,56,1362.833,2354,500147,2185,Pass,Successful,22.771455000000003,13.956795999999995,27.203189999999992,24.489316,False,126343_56,126343_169
126343,2,56,1404.5340000000003,2354,344559,2214,Carry,,56.786205,54.435088,59.91531,54.072852,False,126343_56,126343_169
