game_id,period_id,episode_id,time_seconds,team_id,player_id,action_id,type_name,result_name,start_x,start_y,end_x,end_y,is_home,game_episode,phase
126447,1,8,295.367,316,286696,109,Pass,Unsuccessful,44.104935,9.072491999999995,52.11066,12.330780000000004,True,126447_8,126447_337
126447,1,8,314.567,4643,187253,124,Block,,51.82485,21.326976,51.82485,21.326976,False,126447_8,126447_342
126447,1,8,324.867,4643,408792,129,Pass,Successful,30.44286,19.228972,39.887715,16.194404,False,126447_8,126447_342
126447,1,8,343.067,4643,85175,139,Pass,Successful,13.300664999999997,35.487908,22.82227499999999,21.661808,False,126447_8,126447_342
126447,1,8,350.001,4643,145673,144,Carry,,26.1219,46.733204,28.948395000000005,48.742536,False,126447_8,126447_342
126447,1,8,356.90000000000003,316,530218,155,Pass,Successful,56.383005,9.890667999999998,65.40387,9.572836000000002,True,126447_8,126447_343
