game_id,period_id,episode_id,time_seconds,team_id,player_id,action_id,type_name,result_name,start_x,start_y,end_x,end_y,is_home,game_episode,phase
126447,2,78,2866.1670000000004,316,286696,2781,Interception,,6.141555,34.847076,6.141555,34.847076,True,126447_78,126447_317
126447,2,78,2866.1670000000004,316,286696,2782,Clearance,,6.141555,34.847076,22.293915,25.548212,True,126447_78,126447_317
126447,2,78,2868.0,4643,500115,2783,Recovery,,82.706085,42.451788,82.706085,42.451788,False,126447_78,126447_318
126447,2,78,2959.8,4643,85175,2790,Pass,Unsuccessful,56.811195,11.00376,79.384305,42.291784,False,126447_78,126447_320
126447,2,78,2980.1670000000004,4643,500115,2801,Recovery,,50.36934,30.843236,62.763435,7.016852,False,126447_78,126447_326
