game_id,period_id,episode_id,time_seconds,team_id,player_id,action_id,type_name,result_name,start_x,start_y,end_x,end_y,is_home,game_episode,phase
126447,2,41,49.001,4643,145673,1409,Carry,,61.23768,59.314564,58.94133,57.089332,False,126447_41,126447_138
126447,2,41,56.968000000000096,4643,187253,1415,Carry,,57.713355,13.998684000000004,60.802455,10.494167999999997,False,126447_41,126447_138
126447,2,41,62.9670000000001,4643,500502,1421,Pass,Successful,67.642785,17.770167999999998,56.598255,5.276935999999999,False,126447_41,126447_138
126447,2,41,76.26700000000028,4643,187253,1430,Pass,Unsuccessful,55.089405000000006,1.4772320000000008,83.62095000000001,24.043372,False,126447_41,126447_138
126447,2,41,78.76700000000028,316,530218,1432,Pass,Successful,21.759465,44.524224,36.651615,60.864556,True,126447_41,126447_139
