game_id,period_id,episode_id,time_seconds,team_id,player_id,action_id,type_name,result_name,start_x,start_y,end_x,end_y,is_home,game_episode,phase
126447,2,75,2631.5330000000004,4643,529741,2692,Duel,Successful,36.858675000000005,5.0399559999999965,36.858675000000005,5.0399559999999965,False,126447_75,126447_308
126447,2,75,2655.3330000000005,4643,500115,2706,Cross,Unsuccessful,76.48336499999999,56.429664,100.803339,7.687944000000002,False,126447_75,126447_308
126447,2,75,2660.967000000001,316,344468,2708,Clearance,,4.196661000000001,60.312056,54.032265,64.45312,True,126447_75,126447_309
126447,2,75,2660.967000000001,316,344468,2707,Interception,,4.196661000000001,60.312056,4.196661000000001,60.312056,True,126447_75,126447_309
126447,2,75,2675.568,4643,500115,2716,Carry,,57.30039000000001,53.87402,60.85338,56.73444,False,126447_75,126447_310
126447,2,75,2682.8,316,500126,2719,Recovery,,23.70984,32.761108,23.70984,32.761108,True,126447_75,126447_311
126447,2,75,2700.367,4643,408792,2733,Pass,Successful,76.45575,14.422663999999996,91.492275,24.170192,False,126447_75,126447_312
