game_id,period_id,episode_id,time_seconds,team_id,player_id,action_id,type_name,result_name,start_x,start_y,end_x,end_y,is_home,game_episode,phase
126295,1,28,2258.768,4657,287281,1230,Carry,,27.167175,58.725684,31.297665,56.167524,True,126295_28,126295_98
126295,1,28,2263.067,4643,187259,1237,Pass,Successful,58.86615,10.957452000000004,56.47089,21.816711999999995,False,126295_28,126295_99
126295,1,28,2285.967,4657,500490,1259,Clearance,,11.473245,33.008628,31.084515,33.82456,True,126295_28,126295_100
126295,1,28,2294.1,4643,187259,1267,Recovery,,62.90739000000001,15.304896000000006,62.90739000000001,15.304896000000006,False,126295_28,126295_101
126295,1,28,2297.1330000000003,4643,500118,1271,Pass,Successful,60.61335,18.517692,52.986990000000006,16.401328,False,126295_28,126295_101
126295,1,28,2298.6330000000003,4643,187259,1273,Pass,Successful,52.986990000000006,16.401328,40.906215,16.059968000000005,False,126295_28,126295_101
126295,1,28,2320.467,4643,500113,1286,Pass,Successful,34.297934999999995,5.559136000000002,34.684965000000005,12.219464000000002,False,126295_28,126295_101
126295,1,28,2322.333,4643,412017,1290,Pass,Unsuccessful,49.6377,11.427264,58.951935000000006,6.217987999999998,False,126295_28,126295_101
