game_id,period_id,episode_id,time_seconds,team_id,player_id,action_id,type_name,result_name,start_x,start_y,end_x,end_y,is_home,game_episode,phase
126295,1,9,466.0,4643,500502,272,Throw-In,Successful,34.439055,0.0,27.469995,30.868532,False,126295_9,126295_307
126295,1,9,471.801,4643,500118,277,Carry,,34.97570999999999,36.009604,37.34934000000001,39.34616,False,126295_9,126295_307
126295,1,9,488.101,4643,500118,287,Carry,,37.53771,48.568184,38.83498499999999,55.410548,False,126295_9,126295_307
126295,1,9,516.033,4657,500483,292,Recovery,,68.23824,32.564316,60.357885,32.169236,True,126295_9,126295_310
126295,1,9,539.167,4643,500502,310,Intervention,,31.525305000000003,2.4189640000000026,31.525305000000003,2.4189640000000026,False,126295_9,126295_311
126295,1,9,551.601,4657,412010,322,Carry,,58.23888,53.914344,55.538070000000005,45.183484,True,126295_9,126295_312
126295,1,9,552.133,4643,500118,323,Tackle,Unsuccessful,46.55385,15.160259999999994,46.55385,15.160259999999994,False,126295_9,126295_313
126295,1,9,616.2,4657,500484,346,Pass,Successful,35.930895,16.690191999999996,35.170379999999994,40.499032,True,126295_9,126295_314
