game_id,period_id,episode_id,time_seconds,team_id,player_id,action_id,type_name,result_name,start_x,start_y,end_x,end_y,is_home,game_episode,phase
126362,1,8,516.567,4657,357146,291,Pass,Successful,10.352999999999994,45.870556,7.208512499999998,25.495648000000003,False,126362_8,126362_316
126362,1,8,529.234,2354,358583,301,Carry,,33.33057,62.817856,36.180795,64.6821916,True,126362_8,126362_319
126362,1,8,530.867,2354,500146,305,Pass,Successful,42.70014,57.73778,36.394155,53.036532,True,126362_8,126362_321
126362,1,8,555.128,2354,150850,325,Pass,Successful,42.08778,23.221456000000003,42.481005,36.45038,True,126362_8,126362_323
126362,1,8,560.716,2354,61979,329,Pass,Successful,56.598465,62.8127832,70.078155,59.390996,True,126362_8,126362_323
126362,1,8,561.601,2354,500146,331,Carry,,70.078155,59.390996,71.66218500000001,65.284284,True,126362_8,126362_323
