game_id,period_id,episode_id,time_seconds,team_id,player_id,action_id,type_name,result_name,start_x,start_y,end_x,end_y,is_home,game_episode,phase
126362,2,78,2963.6670000000004,2354,82938,3068,Pass,Successful,56.8785,33.718956,54.84906,21.513024,True,126362_78,126362_313
126362,2,78,2983.601000000001,2354,344560,3079,Carry,,49.592865,39.632576,48.66414,35.788740000000004,True,126362_78,126362_315
