game_id,period_id,episode_id,time_seconds,team_id,player_id,action_id,type_name,result_name,start_x,start_y,end_x,end_y,is_home,game_episode,phase
126362,1,2,46.301,2354,358583,32,Carry,,71.06127,67.53483444,73.375575,63.5390232,True,126362_2,126362_27
126362,1,2,52.067,4657,500478,38,Block,,26.236665,15.24492,26.236665,15.24492,False,126362_2,126362_30
