game_id,period_id,episode_id,time_seconds,team_id,player_id,action_id,type_name,result_name,start_x,start_y,end_x,end_y,is_home,game_episode,phase
126362,2,68,1679.4669999999996,2354,500145,2367,Intervention,,27.24372,10.329132,27.24372,10.329132,True,126362_68,126362_249
126362,2,68,1686.0330000000004,2354,250036,2374,Pass,Successful,16.334535000000002,31.471012,27.3714,53.728228,True,126362_68,126362_249
126362,2,68,1706.5,2354,215806,2387,Cross,Unsuccessful,97.488405,14.269323999999996,97.41669,22.921508,True,126362_68,126362_249
126362,2,68,1721.6670000000004,4657,187343,2402,Recovery,,29.486835,40.371532,29.486835,40.371532,False,126362_68,126362_252
