game_id,period_id,episode_id,time_seconds,team_id,player_id,action_id,type_name,result_name,start_x,start_y,end_x,end_y,is_home,game_episode,phase
126418,2,66,1911.467,4646,146188,2504,Throw-In,Successful,88.80007499999999,0.0,73.58043,2.6161639999999977,False,126418_66,126418_209
126418,2,66,1913.035,4646,146189,2506,Pass,Successful,73.58043,2.6161639999999977,56.75691,11.889936,False,126418_66,126418_209
126418,2,66,1915.434,4646,500452,2508,Carry,,56.75691,11.889936,58.972725,9.840892000000004,False,126418_66,126418_209
126418,2,66,1917.3330000000003,4646,500452,2509,Pass,Successful,58.972725,9.840892000000004,73.051755,10.754335999999997,False,126418_66,126418_209
126418,2,66,1918.0330000000004,4646,250147,2511,Pass,Unsuccessful,73.051755,10.754335999999997,84.68376,34.058344000000005,False,126418_66,126418_209
