game_id,period_id,episode_id,time_seconds,team_id,player_id,action_id,type_name,result_name,start_x,start_y,end_x,end_y,is_home,game_episode,phase
126418,1,32,2261.167,4648,145703,1204,Pass,Successful,30.576210000000003,42.555284,39.50856,20.519,True,126418_32,126418_66
126418,1,32,2269.2490000000003,4648,145703,1209,Carry,,40.915875,48.26028,43.411935,53.568904,True,126418_32,126418_66
126418,1,32,2283.367,4646,356604,1220,Tackle,Unsuccessful,62.85972,44.983904,62.85972,44.983904,False,126418_32,126418_67
126418,1,32,2289.233,4648,500139,1226,Pass,Successful,49.43778,54.53532,40.57725,48.459656,True,126418_32,126418_68
126418,1,32,2326.533,4646,61623,1240,Pass,Successful,24.619770000000003,66.571728,39.422775,62.6044516,False,126418_32,126418_69
