game_id,period_id,episode_id,time_seconds,team_id,player_id,action_id,type_name,result_name,start_x,start_y,end_x,end_y,is_home,game_episode,phase
126418,2,43,122.30000000000018,4648,250100,1540,Duel,Successful,67.7502,60.972268,67.7502,60.972268,True,126418_43,126418_106
126418,2,43,127.91999999999987,4646,500452,1547,Carry,,20.4918,22.172012,23.504040000000003,20.136908000000005,False,126418_43,126418_107
126418,2,43,128.73300000000015,4646,500452,1548,Pass,Successful,23.504040000000003,20.136908000000005,43.054515,21.379812,False,126418_43,126418_107
126418,2,43,185.1330000000003,4646,61645,1584,Pass,Successful,38.19081,38.946184,25.605194999999995,24.800144000000003,False,126418_43,126418_109
