game_id,period_id,episode_id,time_seconds,team_id,player_id,action_id,type_name,result_name,start_x,start_y,end_x,end_y,is_home,game_episode,phase
126352,1,7,413.534,4220,77715,208,Carry,,59.318070000000006,3.2586280000000016,60.74481,10.002052,False,126352_7,126352_269
126352,1,7,435.533,4640,413675,219,Interception,,9.098187,23.413556,9.098187,23.413556,True,126352_7,126352_270
126352,1,7,438.2,4640,411440,224,Pass,Unsuccessful,20.1474,23.128976,36.35121,8.273627999999995,True,126352_7,126352_270
126352,1,7,440.167,4220,500527,226,Pass,Unsuccessful,68.542635,60.637232,69.962655,60.897536,False,126352_7,126352_271
