game_id,period_id,episode_id,time_seconds,team_id,player_id,action_id,type_name,result_name,start_x,start_y,end_x,end_y,is_home,game_episode,phase
126374,2,59,670.3000000000002,4220,500552,1978,Goal Kick,Successful,5.6388675,32.859844,4.7269005,21.548996,True,126374_59,126374_146
126374,2,59,729.5329999999999,4220,500549,2026,Take-On,Unsuccessful,45.96438,45.242576,45.96438,45.242576,True,126374_59,126374_148
126374,2,59,729.7330000000002,4646,146189,2027,Tackle,Successful,58.76409,22.610408,58.76409,22.610408,False,126374_59,126374_149
126374,2,59,729.7340000000002,4646,146189,2029,Carry,,58.76409,22.610408,64.66603500000001,45.911492,False,126374_59,126374_149
126374,2,59,741.8330000000001,4646,500452,2032,Pass,Successful,61.515825,36.69722,75.173595,51.583508,False,126374_59,126374_149
126374,2,59,746.7670000000003,4220,287282,2038,Recovery,,7.497063,26.979476000000005,7.497063,26.979476000000005,True,126374_59,126374_150
