game_id,period_id,episode_id,time_seconds,team_id,player_id,action_id,type_name,result_name,start_x,start_y,end_x,end_y,is_home,game_episode,phase
126374,2,50,148.1330000000003,4646,356597,1628,Pass,Successful,79.88106,63.9590932,82.03314,67.209772,False,126374_50,126374_123
126374,2,50,150.5329999999999,4646,356599,1630,Pass,Successful,81.65304,66.4275544,80.998365,61.3453024,False,126374_50,126374_123
126374,2,50,161.16699999999992,4646,109160,1642,Pass,Successful,88.72122,67.36342344,89.77248,61.3346944,False,126374_50,126374_125
