game_id,period_id,episode_id,time_seconds,team_id,player_id,action_id,type_name,result_name,start_x,start_y,end_x,end_y,is_home,game_episode,phase
126374,2,69,1492.067,4220,500552,2258,Goal Kick,Unsuccessful,5.4653865,32.49074,66.037755,6.8218279999999965,True,126374_69,126374_178
126374,2,69,1503.1670000000004,4220,500547,2263,Pass,Unsuccessful,9.420957,1.6328160000000054,45.15294,12.629435999999998,True,126374_69,126374_180
126374,2,69,1539.3340000000003,4646,356599,2294,Carry,,82.988535,64.991986,85.85114999999999,63.4338068,False,126374_69,126374_183
