game_id,period_id,episode_id,time_seconds,team_id,player_id,action_id,type_name,result_name,start_x,start_y,end_x,end_y,is_home,game_episode,phase
126326,2,93,2632.567,4641,500586,2787,Throw-In,Unsuccessful,65.727585,0.0,91.213605,4.984603999999997,False,126326_93,126326_355
126326,2,93,2638.1000000000004,4641,500602,2793,Interception,,65.876895,19.507092,65.876895,19.507092,False,126326_93,126326_359
126326,2,93,2651.067,4220,500533,2805,Tackle,Successful,11.833395,44.719656,11.833395,44.719656,True,126326_93,126326_360
