game_id,period_id,episode_id,time_seconds,team_id,player_id,action_id,type_name,result_name,start_x,start_y,end_x,end_y,is_home,game_episode,phase
126424,2,59,773.8000000000002,4644,250076,1711,Throw-In,Successful,70.331205,67.2076368,70.46434500000001,61.890506,True,126424_59,126424_160
126424,2,59,774.6009999999999,4644,325355,1713,Carry,,70.46434500000001,61.890506,67.92450000000001,59.087512,True,126424_59,126424_160
126424,2,59,778.0,4644,325355,1714,Pass,Successful,67.92450000000001,59.087512,58.776900000000005,27.430248,True,126424_59,126424_160
126424,2,59,780.193,4644,500520,1716,Carry,,58.776900000000005,27.430248,61.263195,23.360992,True,126424_59,126424_160
126424,2,59,781.7330000000002,4644,500520,1717,Pass,Successful,61.263195,23.360992,72.931215,1.671440000000004,True,126424_59,126424_160
126424,2,59,784.0329999999999,4644,250055,1719,Pass,Unsuccessful,73.980585,2.286432000000005,78.49065,2.390675999999999,True,126424_59,126424_160
