game_id,period_id,episode_id,time_seconds,team_id,player_id,action_id,type_name,result_name,start_x,start_y,end_x,end_y,is_home,game_episode,phase
126424,2,76,2310.567,4644,62112,2422,Pass_Freekick,Unsuccessful,83.25292499999999,59.760236,96.601995,35.39706,True,126424_76,126424_234
126424,2,76,2311.967000000001,4648,408383,2423,Interception,,7.907738999999992,32.232068,7.907738999999992,32.232068,False,126424_76,126424_235
126424,2,76,2311.967000000001,4648,408383,2424,Clearance,,7.907738999999992,32.232068,5.789805000000001,43.894816,False,126424_76,126424_235
126424,2,76,2313.0330000000004,4644,500520,2425,Recovery,,99.210195,24.105184,95.31018,28.493088,True,126424_76,126424_236
126424,2,76,2313.0330000000004,4644,500520,2426,Pass,Successful,99.210195,24.105184,95.31018,28.493088,True,126424_76,126424_236
