game_id,period_id,episode_id,time_seconds,team_id,player_id,action_id,type_name,result_name,start_x,start_y,end_x,end_y,is_home,game_episode,phase
126402,2,65,1660.6329999999998,4646,61645,2100,Duel,Successful,61.524855,45.554424,61.524855,45.554424,True,126402_65,126402_134
126402,2,65,1663.6000000000004,4646,109160,2106,Cross,Unsuccessful,71.31285000000001,63.1660568,74.146275,57.887244,True,126402_65,126402_134
126402,2,65,1728.8330000000003,4643,408792,2114,Pass,Successful,20.99475,20.556196,34.115759999999995,9.603095999999994,False,126402_65,126402_135
126402,2,65,1760.014,4643,500121,2138,Recovery,,62.84050500000001,15.194463999999996,62.84050500000001,15.194463999999996,False,126402_65,126402_135
126402,2,65,1766.5330000000004,4646,188514,2145,Pass,Unsuccessful,10.0171995,39.968972,45.299205,46.600672,True,126402_65,126402_136
126402,2,65,1771.7030000000004,4643,187259,2148,Pass,Successful,72.03493499999999,34.882708,68.75841,56.289924,False,126402_65,126402_137
126402,2,65,1789.1680000000003,4643,500118,2160,Carry,,57.732045,60.356256,56.854245,55.27414,False,126402_65,126402_137
126402,2,65,1809.255,4643,408792,2173,Pass,Successful,51.55437,13.715464000000004,65.944515,10.931612,False,126402_65,126402_137
126402,2,65,1810.7660000000003,4643,500121,2175,Pass,Successful,64.193535,10.945279999999997,55.48767,0.9985120000000052,False,126402_65,126402_137
