game_id,period_id,episode_id,time_seconds,team_id,player_id,action_id,type_name,result_name,start_x,start_y,end_x,end_y,is_home,game_episode,phase
126402,2,49,620.8680000000002,4643,85175,1632,Carry,,2.758707000000001,35.240728,15.471540000000005,24.769272,False,126402_49,126402_101
126402,2,49,626.0,4643,85175,1633,Pass,Successful,15.471540000000005,24.769272,64.34463,4.555660000000003,False,126402_49,126402_101
126402,2,49,649.9569999999999,4646,356596,1647,Pass,Successful,53.770815,29.229188,57.2481,3.2790279999999967,True,126402_49,126402_102
