game_id,period_id,episode_id,time_seconds,team_id,player_id,action_id,type_name,result_name,start_x,start_y,end_x,end_y,is_home,game_episode,phase
126402,1,21,1492.472,4643,408792,678,Pass,Successful,57.456,20.914284,75.002655,5.637336000000005,False,126402_21,126402_21
126402,1,21,1503.715,4643,500118,687,Pass,Successful,67.65444000000001,23.910296,70.62846,45.133776,False,126402_21,126402_21
