game_id,period_id,episode_id,time_seconds,team_id,player_id,action_id,type_name,result_name,start_x,start_y,end_x,end_y,is_home,game_episode,phase
126402,2,56,983.033,4646,500452,1787,Pass,Successful,18.551505,17.379440000000002,19.088685,5.815224000000001,True,126402_56,126402_112
126402,2,56,996.8670000000002,4646,61623,1796,Pass,Successful,66.8451,64.71806839999999,64.850625,55.869684,True,126402_56,126402_112
126402,2,56,1002.2670000000004,4646,109160,1802,Pass,Successful,62.059305,65.0827592,74.46809999999999,54.939512,True,126402_56,126402_112
126402,2,56,1018.9,4646,109160,1814,Cross,Unsuccessful,98.44002,59.907048,99.500415,56.141548,True,126402_56,126402_114
126402,2,56,1021.567,4646,61623,1817,Recovery,,100.267755,48.66964,81.68496,33.06092,True,126402_56,126402_116
126402,2,56,1081.1330000000005,4646,356603,1864,Pass,Successful,50.72067,25.317692,51.09153,25.362232,True,126402_56,126402_120
