game_id,period_id,episode_id,time_seconds,team_id,player_id,action_id,type_name,result_name,start_x,start_y,end_x,end_y,is_home,game_episode,phase
126402,2,43,26.86800000000019,4643,187259,1359,Carry,,40.712385,4.4091200000000015,49.656495,4.747896000000004,False,126402_43,126402_79
126402,2,43,30.92599999999993,4643,187259,1360,Pass,Successful,49.656495,4.747896000000004,38.22041999999999,14.076680000000003,False,126402_43,126402_79
126402,2,43,37.79100000000017,4643,145673,1365,Pass,Successful,40.625445,49.570708,38.330775,28.761824000000004,False,126402_43,126402_79
126402,2,43,39.26800000000028,4643,408792,1367,Carry,,38.330775,28.761824000000004,43.07856,28.397888,False,126402_43,126402_79
126402,2,43,47.81899999999996,4643,145673,1370,Pass,Successful,44.04414,43.922696,53.647965,4.106452000000004,False,126402_43,126402_79
126402,2,43,51.733000000000175,4643,187259,1372,Pass,Successful,54.00213,3.417475999999993,66.88647,4.159695999999997,False,126402_43,126402_79
