game_id,period_id,episode_id,time_seconds,team_id,player_id,action_id,type_name,result_name,start_x,start_y,end_x,end_y,is_home,game_episode,phase
126355,1,19,1088.1,4657,250167,526,Goal Kick,Unsuccessful,5.3698155000000005,35.538772,65.67833999999999,56.5437,True,126355_19,126355_43
126355,1,19,1108.633,4657,357146,541,Pass,Successful,43.562925,50.297424,47.224065,63.852306,True,126355_19,126355_47
126355,1,19,1112.559,4657,500481,545,Pass,Successful,58.0377,67.0844208,69.55578,57.897172,True,126355_19,126355_47
