game_id,period_id,episode_id,time_seconds,team_id,player_id,action_id,type_name,result_name,start_x,start_y,end_x,end_y,is_home,game_episode,phase
126355,1,31,1723.033,4646,61623,893,Throw-In,Unsuccessful,37.065945,0.0,41.97333,3.9353639999999928,False,126355_31,126355_80
126355,1,31,1742.322,4657,360391,914,Pass,Successful,62.91621,55.508536,58.099755,34.234804,True,126355_31,126355_83
126355,1,31,1743.901,4657,357146,916,Carry,,58.099755,34.234804,59.095785,29.461,True,126355_31,126355_83
126355,1,31,1766.658,4657,357146,931,Carry,,47.06289,31.632307999999995,46.20252,38.612304,True,126355_31,126355_83
126355,1,31,1787.768,4646,188514,950,Carry,,19.28913,55.157316,13.601070000000009,53.285956,False,126355_31,126355_84
126355,1,31,1798.634,4657,360392,958,Carry,,88.37556,13.760072,92.88678,16.938868,True,126355_31,126355_85
