game_id,period_id,episode_id,time_seconds,team_id,player_id,action_id,type_name,result_name,start_x,start_y,end_x,end_y,is_home,game_episode,phase
126480,2,59,1215.433,4639,345446,2156,Pass,Successful,23.289105,63.933566,17.16141,65.8966444,True,126480_59,126480_182
126480,2,59,1238.8670000000002,4639,250896,2167,Recovery,,3.6528135,28.77284,3.6528135,28.77284,True,126480_59,126480_184
126480,2,59,1260.1330000000005,4639,345446,2172,Recovery,,52.942995,45.804664,52.942995,45.804664,True,126480_59,126480_186
126480,2,59,1281.7000000000005,4639,250904,2187,Pass,Successful,54.39924,50.315444,38.17254,32.155704,True,126480_59,126480_188
