game_id,period_id,episode_id,time_seconds,team_id,player_id,action_id,type_name,result_name,start_x,start_y,end_x,end_y,is_home,game_episode,phase
126480,2,81,2533.467000000001,4220,500552,2782,Goal Kick,Successful,2.141338500000004,26.35578,13.039005000000005,26.223384000000003,False,126480_81,126480_251
126480,2,81,2571.633,4639,528953,2807,Pass,Successful,63.42314999999999,6.512563999999998,56.506275,7.223844,True,126480_81,126480_254
126480,2,81,2628.8340000000007,4639,77845,2853,Carry,,34.79553,51.50558,63.640710000000006,61.365172,True,126480_81,126480_258
