,game_id,period_id,episode_id,time_seconds,team_id,player_id,action_id,type_name,result_name,start_x,start_y,end_x,end_y,is_home,game_episode,phase
0,153381,2,85,2521.3,4643,500502,2582,Throw-In,Successful,55.711635,0.0,56.138985000000005,19.679948,False,153381_85,153381_268
1,153381,2,85,2524.068,4643,500113,2584,Carry,,56.138985000000005,19.679948,63.36393,38.7277,False,153381_85,153381_268
2,153381,2,85,2527.067,4643,500113,2585,Pass,Successful,63.36393,38.7277,56.00385,36.110788,False,153381_85,153381_268
3,153381,2,85,2529.3330000000005,4643,500115,2587,Pass,Successful,54.06765,34.813892,49.44513,20.858116000000003,False,153381_85,153381_268
4,153381,2,85,2530.601000000001,4643,500119,2589,Carry,,49.44513,20.858116000000003,62.716395000000006,31.648696,False,153381_85,153381_268
5,153381,2,85,2533.8,4643,500119,2590,Pass,Successful,62.716395000000006,31.648696,65.349375,47.384236,False,153381_85,153381_268
6,153381,2,85,2534.9680000000008,4643,500113,2592,Carry,,65.349375,47.384236,68.46514499999999,48.788708,False,153381_85,153381_268
7,153381,2,85,2535.967000000001,4643,500113,2593,Pass,Successful,68.46514499999999,48.788708,,,False,153381_85,153381_268
