game_id,period_id,episode_id,time_seconds,team_id,player_id,action_id,type_name,result_name,start_x,start_y,end_x,end_y,is_home,game_episode,phase
126404,1,11,668.767,4220,354812,416,Pass,Successful,42.321195,19.334304000000003,41.813205,3.476432000000002,True,126404_11,126404_5
126404,1,11,699.433,4220,500552,430,Pass,Unsuccessful,12.625725,35.613232,61.34037,55.719676,True,126404_11,126404_5
126404,1,11,739.846,2354,188332,464,Pass,Successful,80.87835,15.388332000000004,72.156735,24.354676,False,126404_11,126404_6
126404,1,11,754.9,4220,500530,479,Pass,Successful,51.92586,9.228008000000004,44.624055,30.398312000000004,True,126404_11,126404_9
126404,1,11,766.693,4220,500540,489,Carry,,57.72753,62.4065376,56.60361,56.234028,True,126404_11,126404_9
126404,1,11,773.644,4220,500547,496,Pass,Successful,45.89235,18.389036,46.53201,2.216391999999999,True,126404_11,126404_9
126404,1,11,780.9,2354,61981,502,Pass,Unsuccessful,17.597790000000003,66.4322056,19.57494,67.40498232,False,126404_11,126404_10
