game_id,period_id,episode_id,time_seconds,team_id,player_id,action_id,type_name,result_name,start_x,start_y,end_x,end_y,is_home,game_episode,phase
126404,1,1,35.533,2354,61981,16,Recovery,,9.987285,55.516764,3.0611279999999965,41.122592,False,126404_1,126404_2
126404,1,1,49.078,4220,500552,30,Carry,,15.749579999999998,18.89788,17.185455,22.684324000000004,True,126404_1,126404_3
