game_id,period_id,episode_id,time_seconds,team_id,player_id,action_id,type_name,result_name,start_x,start_y,end_x,end_y,is_home,game_episode,phase
126404,1,6,338.796,4220,500534,204,Recovery,,91.54467,34.554472,91.54467,34.554472,True,126404_6,126404_221
126404,1,6,385.994,2354,253677,241,Pass,Successful,12.531014999999996,15.078252,9.296395500000004,18.706528,False,126404_6,126404_226
126404,1,6,392.784,4220,500527,244,Recovery,,37.79706,65.004294,37.79706,65.004294,True,126404_6,126404_227
126404,1,6,405.014,4220,354812,257,Pass,Successful,61.73328,63.626444,56.52906,53.505120000000005,True,126404_6,126404_227
126404,1,6,424.584,2354,253677,273,Recovery,,18.460049999999995,15.173724,18.460049999999995,15.173724,False,126404_6,126404_228
126404,1,6,425.633,2354,253677,275,Pass,Successful,13.65777,13.209816000000004,3.680974500000005,21.475488,False,126404_6,126404_228
