game_id,period_id,episode_id,time_seconds,team_id,player_id,action_id,type_name,result_name,start_x,start_y,end_x,end_y,is_home,game_episode,phase
126404,2,71,2796.184,2354,215806,3149,Cross,Unsuccessful,85.88307,2.888164000000004,103.714485,35.52218,False,126404_71,126404_286
126404,2,71,2798.206,4220,500552,3150,Recovery,,2.392761,33.724396,2.392761,33.724396,True,126404_71,126404_287
126404,2,71,2820.151,4220,527822,3160,Pass,Successful,54.786795,28.902448,53.468205000000005,33.977696,True,126404_71,126404_291
