game_id,period_id,episode_id,time_seconds,team_id,player_id,action_id,type_name,result_name,start_x,start_y,end_x,end_y,is_home,game_episode,phase
126404,1,34,2370.1330000000003,4220,500534,1270,Pass,Successful,60.161745,30.860032000000004,51.10518,12.752924,True,126404_34,126404_81
126404,1,34,2384.033,4220,500527,1280,Pass,Successful,52.24044,52.67688,63.05376,64.8687088,True,126404_34,126404_81
126404,1,34,2400.394,4220,500527,1295,Pass,Successful,58.49844,45.626844,56.55993,10.796020000000006,True,126404_34,126404_81
126404,1,34,2403.833,4220,287282,1298,Pass,Successful,60.134235,10.499880000000005,78.40245,2.0523079999999965,True,126404_34,126404_81
126404,1,34,2417.6330000000003,4220,500547,1311,Pass,Successful,61.228335,26.021016,49.847175,33.206576,True,126404_34,126404_83
