game_id,period_id,episode_id,time_seconds,team_id,player_id,action_id,type_name,result_name,start_x,start_y,end_x,end_y,is_home,game_episode,phase
126453,2,97,2595.867,2353,526908,2372,Pass_Corner,Unsuccessful,105.0,1.2641880000000043,98.036295,39.071508,False,126453_97,126453_299
126453,2,97,2597.767,4641,500602,2373,Interception,,6.520857,28.429712,6.520857,28.429712,True,126453_97,126453_300
126453,2,97,2597.767,4641,500602,2374,Clearance,,6.520857,28.429712,25.71985500000001,32.348484,True,126453_97,126453_300
126453,2,97,2601.8,2353,500565,2378,Shot,On Target,94.897635,38.739124,101.6234205,35.335724,False,126453_97,126453_301
126453,2,97,2641.3,2353,500565,2393,Pass,Successful,25.361385,37.96644,37.393125,45.118952,False,126453_97,126453_305
126453,2,97,2659.3,2353,500580,2407,Cross,Unsuccessful,90.16119,57.845288,99.54231,36.532932,False,126453_97,126453_307
126453,2,97,2660.567,4641,215816,2409,Interception,,5.063625,31.610412000000004,5.063625,31.610412000000004,True,126453_97,126453_308
