game_id,period_id,episode_id,time_seconds,team_id,player_id,action_id,type_name,result_name,start_x,start_y,end_x,end_y,is_home,game_episode,phase
126453,1,46,2669.501,4641,250965,1173,Carry,,57.580215,61.8494544,61.756695,56.071304,True,126453_46,126453_150
126453,1,46,2673.561,4641,250965,1174,Pass,Successful,61.756695,56.071304,46.023705,44.560196000000005,True,126453_46,126453_150
126453,1,46,2681.304,4641,532198,1179,Pass,Successful,57.12735000000001,19.210612,76.495125,34.601256,True,126453_46,126453_150
