game_id,period_id,episode_id,time_seconds,team_id,player_id,action_id,type_name,result_name,start_x,start_y,end_x,end_y,is_home,game_episode,phase
126453,1,27,1310.133,2353,500565,699,Pass,Successful,70.127295,52.791052,75.55527000000001,58.840468,False,126453_27,126453_89
126453,1,27,1312.567,4641,532198,704,Block,,16.596405,11.970108000000003,16.596405,11.970108000000003,True,126453_27,126453_90
126453,1,27,1314.301,4641,215816,706,Carry,,9.8889105,21.527712,4.106508,10.131591999999998,True,126453_27,126453_90
126453,1,27,1328.433,2353,500565,721,Pass,Successful,69.091785,37.429104,69.02154,24.4188,False,126453_27,126453_91
