game_id,period_id,episode_id,time_seconds,team_id,player_id,action_id,type_name,result_name,start_x,start_y,end_x,end_y,is_home,game_episode,phase
126370,1,21,1389.233,4641,250965,664,Block,,40.507425,1.9110040000000053,40.507425,1.9110040000000053,False,126370_21,126370_42
126370,1,21,1390.967,4641,500602,666,Pass,Successful,36.1263,3.474800000000002,36.968085,0.9627440000000008,False,126370_21,126370_42
126370,1,21,1392.6,4641,250965,670,Pass,Successful,40.15221,1.0849400000000031,47.60238,6.591716000000005,False,126370_21,126370_44
126370,1,21,1487.133,4657,500476,720,Duel,Successful,46.76322,52.51946,46.76322,52.51946,True,126370_21,126370_51
