game_id,period_id,episode_id,time_seconds,team_id,player_id,action_id,type_name,result_name,start_x,start_y,end_x,end_y,is_home,game_episode,phase
126370,2,73,1501.1000000000004,4641,250957,2256,Goal Kick,Unsuccessful,5.606181000000007,26.232428,62.011215,0.0429759999999959,False,126370_73,126370_262
126370,2,73,1521.8000000000002,4641,187313,2272,Interception,,39.28543500000001,38.940608,39.28543500000001,38.940608,False,126370_73,126370_266
