game_id,period_id,episode_id,time_seconds,team_id,player_id,action_id,type_name,result_name,start_x,start_y,end_x,end_y,is_home,game_episode,phase
126370,2,83,2170.321,4657,500478,2568,Carry,,48.732075,17.903788000000006,53.257575,28.458816,True,126370_83,126370_317
126370,2,83,2180.367,4657,500465,2574,Pass,Successful,59.68704,62.5476512,40.590795,61.2885768,True,126370_83,126370_317
126370,2,83,2183.5200000000004,4657,500476,2577,Pass,Successful,39.49218,53.637448,35.63994,43.800024,True,126370_83,126370_317
126370,2,83,2194.534000000001,4641,413677,2587,Carry,,33.995954999999995,41.29096,29.773695000000004,38.455496,False,126370_83,126370_318
