game_id,period_id,episode_id,time_seconds,team_id,player_id,action_id,type_name,result_name,start_x,start_y,end_x,end_y,is_home,game_episode,phase
126370,2,88,2598.3005000000003,4641,500602,2804,Intervention,,65.76507000000001,14.204791999999998,65.76507000000001,14.204791999999998,False,126370_88,126370_346
126370,2,88,2603.067,4641,413677,2811,Error,,66.25437000000001,19.210272,66.25437000000001,19.210272,False,126370_88,126370_350
