game_id,period_id,episode_id,time_seconds,team_id,player_id,action_id,type_name,result_name,start_x,start_y,end_x,end_y,is_home,game_episode,phase
126370,2,44,10.733000000000176,4641,187313,1541,Pass,Successful,26.490660000000005,42.27662,39.06461999999999,36.316896,False,126370_44,126370_154
126370,2,44,17.9670000000001,4641,346035,1550,Pass,Successful,36.67891499999999,8.300351999999997,32.996984999999995,16.222759999999994,False,126370_44,126370_154
