game_id,period_id,episode_id,time_seconds,team_id,player_id,action_id,type_name,result_name,start_x,start_y,end_x,end_y,is_home,game_episode,phase
126410,2,85,2581.867,2353,500577,2619,Pass,Successful,49.69335,61.9708412,42.05649,49.110552,True,126410_85,126410_270
126410,2,85,2587.3,2353,500562,2624,Pass,Successful,44.911125000000006,26.808932,45.198195,35.968804,True,126410_85,126410_270
