game_id,period_id,episode_id,time_seconds,team_id,player_id,action_id,type_name,result_name,start_x,start_y,end_x,end_y,is_home,game_episode,phase
126410,2,67,1565.4669999999996,2353,500565,2201,Pass,Successful,43.63002,49.669512,35.851725,45.7249,True,126410_67,126410_216
126410,2,67,1577.3140000000003,4220,143588,2216,Tackle,Unsuccessful,21.330225,20.52818,21.330225,20.52818,False,126410_67,126410_217
126410,2,67,1584.4669999999996,4220,500527,2230,Clearance,,13.096125,35.715436,43.14009,57.502364,False,126410_67,126410_219
