game_id,period_id,episode_id,time_seconds,team_id,player_id,action_id,type_name,result_name,start_x,start_y,end_x,end_y,is_home,game_episode,phase
126410,2,69,1740.1010000000003,2353,526921,2300,Carry,,77.14833,61.9730444,86.029545,57.059344,True,126410_69,126410_228
126410,2,69,1745.933,4220,500552,2305,Catch,,2.038617000000002,30.915928,2.038617000000002,30.915928,False,126410_69,126410_229
126410,2,69,1748.1670000000004,4220,500540,2309,Recovery,,3.915859499999996,44.969284,3.915859499999996,44.969284,False,126410_69,126410_231
126410,2,69,1763.6339999999998,2353,500565,2318,Carry,,59.688825,39.934428,64.438395,51.311712,True,126410_69,126410_232
126410,2,69,1782.9669999999996,2353,500576,2330,Recovery,,87.24891,15.317951999999998,87.24891,15.317951999999998,True,126410_69,126410_234
126410,2,69,1782.9679999999996,2353,500576,2331,Carry,,87.24891,15.317951999999998,83.123355,18.571344000000003,True,126410_69,126410_234
