game_id,period_id,episode_id,time_seconds,team_id,player_id,action_id,type_name,result_name,start_x,start_y,end_x,end_y,is_home,game_episode,phase
126336,2,75,2538.967000000001,2354,142109,2721,Pass_Freekick,Successful,22.676115,44.472136,31.96683,58.060372,True,126336_75,126336_312
126336,2,75,2546.722,2354,142106,2729,Pass,Successful,31.02855,59.161972,16.83045,51.189788,True,126336_75,126336_312
