game_id,period_id,episode_id,time_seconds,team_id,player_id,action_id,type_name,result_name,start_x,start_y,end_x,end_y,is_home,game_episode,phase
126336,2,65,1742.251,2354,500147,2327,Carry,,33.290775,17.345032000000003,42.19992,37.096108,True,126336_65,126336_260
126336,2,65,1770.1670000000004,4641,250957,2350,Interception,,3.1125360000000057,31.986792,3.1125360000000057,31.986792,False,126336_65,126336_265
