game_id,period_id,episode_id,time_seconds,team_id,player_id,action_id,type_name,result_name,start_x,start_y,end_x,end_y,is_home,game_episode,phase
126363,2,45,244.83300000000008,316,344467,1549,Pass,Successful,53.034555,31.579812,50.384985,49.976872,False,126363_45,126363_122
126363,2,45,247.067,316,248886,1551,Pass,Successful,50.665545,49.509304,59.842965,43.594528,False,126363_45,126363_122
126363,2,45,286.4680000000001,4639,142258,1584,Carry,,0.0,36.982004,13.441995,33.201204000000004,True,126363_45,126363_123
