game_id,period_id,episode_id,time_seconds,team_id,player_id,action_id,type_name,result_name,start_x,start_y,end_x,end_y,is_home,game_episode,phase
126363,1,37,2754.5,4639,491811,1359,Interception,,22.753185,8.839184000000003,22.753185,8.839184000000003,True,126363_37,126363_103
126363,1,37,2760.667,4639,250901,1366,Pass,Successful,38.022705,21.051100000000005,38.23911,26.040056,True,126363_37,126363_105
126363,1,37,2765.568,4639,77828,1370,Pass,Successful,27.79917,42.391676,56.69076,44.709728,True,126363_37,126363_105
126363,1,37,2770.433,316,344467,1373,Recovery,,23.65503,25.071736,23.65503,25.071736,False,126363_37,126363_106
126363,1,37,2796.101,316,161110,1393,Carry,,47.31027,15.477276000000003,68.5587,4.6798280000000005,False,126363_37,126363_106
126363,1,37,2811.2010000000005,316,407441,1411,Carry,,74.506635,6.6074919999999935,79.397955,3.1049751999999984,False,126363_37,126363_108
126363,1,37,2818.1,316,286696,1423,Tackle,Successful,49.884765,11.073732,33.64242,23.171612000000003,False,126363_37,126363_112
126363,1,37,2824.4,316,248886,1428,Pass,Successful,41.216385,39.976724,45.008355,59.202296,False,126363_37,126363_112
126363,1,37,2878.833,4639,491801,1467,Pass,Successful,46.190025,3.7366679999999945,72.29733,22.993724,True,126363_37,126363_113
