game_id,period_id,episode_id,time_seconds,team_id,player_id,action_id,type_name,result_name,start_x,start_y,end_x,end_y,is_home,game_episode,phase
126363,2,84,2840.1090000000004,4639,491801,2664,Pass,Successful,58.180185,5.075315999999994,62.46828,0.0,True,126363_84,126363_223
126363,2,84,2860.514,4639,345446,2684,Carry,,46.632495,8.752076000000002,54.31880999999999,8.980556,True,126363_84,126363_223
