game_id,period_id,episode_id,time_seconds,team_id,player_id,action_id,type_name,result_name,start_x,start_y,end_x,end_y,is_home,game_episode,phase
126363,1,3,167.733,316,407441,85,Interception,,40.47771,52.301656,40.47771,52.301656,False,126363_3,126363_78
126363,1,3,172.867,316,344471,91,Recovery,,58.53351,59.141232,58.53351,59.141232,False,126363_3,126363_80
126363,1,3,194.633,316,143410,108,Pass,Successful,80.62635,8.444988000000002,69.23826,3.596112000000005,False,126363_3,126363_80
126363,1,3,207.5,316,188267,121,Pass,Successful,71.234835,57.290748,77.674065,45.305068,False,126363_3,126363_80
