game_id,period_id,episode_id,time_seconds,team_id,player_id,action_id,type_name,result_name,start_x,start_y,end_x,end_y,is_home,game_episode,phase
126311,2,98,1459.0,4640,354793,1840,Recovery,,51.51405,31.75702,51.51405,31.75702,False,126311_98,126311_363
126311,2,98,1459.6000000000004,4640,354793,1841,Pass,Successful,52.160745,33.095804,56.24440500000001,40.967892,False,126311_98,126311_363
126311,2,98,1482.3999999999996,4640,61921,1858,Pass,Unsuccessful,81.097065,1.4460200000000043,101.075415,13.102716,False,126311_98,126311_365
