game_id,period_id,episode_id,time_seconds,team_id,player_id,action_id,type_name,result_name,start_x,start_y,end_x,end_y,is_home,game_episode,phase
126311,1,31,1051.433,4641,500586,447,Pass,Successful,88.972065,11.935291999999995,80.62299,1.604935999999995,True,126311_31,126311_140
126311,1,31,1065.0,4641,250957,455,Pass,Unsuccessful,32.813655,21.9317,99.974133,68.0,True,126311_31,126311_140
