game_id,period_id,episode_id,time_seconds,team_id,player_id,action_id,type_name,result_name,start_x,start_y,end_x,end_y,is_home,game_episode,phase
126311,1,56,2637.7340000000004,4641,500592,1080,Carry,,86.96016,2.6249360000000053,83.948025,12.726336000000003,True,126311_56,126311_242
126311,1,56,2637.9790000000003,4640,61913,1081,Intervention,,21.051975,55.273664,21.051975,55.273664,False,126311_56,126311_243
126311,1,56,2639.233,4640,146174,1083,Pass,Unsuccessful,18.581009999999992,59.042904,21.46452,59.273832,False,126311_56,126311_243
126311,1,56,2643.653,4640,215818,1089,Pass,Successful,36.82455,63.69458,34.37532,56.424972,False,126311_56,126311_245
126311,1,56,2644.7670000000003,4640,146174,1091,Carry,,34.37532,56.424972,36.41011499999999,53.979012,False,126311_56,126311_245
