game_id,period_id,episode_id,time_seconds,team_id,player_id,action_id,type_name,result_name,start_x,start_y,end_x,end_y,is_home,game_episode,phase
126311,2,79,519.0339999999999,4640,146174,1451,Carry,,35.282205000000005,60.436972,50.709435,55.295492,False,126311_79,126311_297
126311,2,79,556.9000000000001,4641,187313,1467,Pass,Successful,50.03775,27.065904000000003,53.499390000000005,23.276672000000005,True,126311_79,126311_300
126311,2,79,570.1669999999999,4641,500602,1479,Recovery,,69.733755,43.6322,69.733755,43.6322,True,126311_79,126311_302
