game_id,period_id,episode_id,time_seconds,team_id,player_id,action_id,type_name,result_name,start_x,start_y,end_x,end_y,is_home,game_episode,phase
126311,2,99,1512.2330000000002,4640,61921,1864,Recovery,,58.62507,23.686916000000004,58.62507,23.686916000000004,False,126311_99,126311_367
126311,2,99,1522.6859999999997,4640,61913,1871,Duel,Successful,73.792425,31.826924,73.792425,31.826924,False,126311_99,126311_369
126311,2,99,1544.1660000000002,4640,354794,1883,Pass,Successful,14.537144999999995,32.114156,14.749875000000005,40.994684,False,126311_99,126311_373
126311,2,99,1554.667,4640,500430,1892,Carry,,42.433755000000005,53.651932,51.143085,53.3477,False,126311_99,126311_373
