game_id,period_id,episode_id,time_seconds,team_id,player_id,action_id,type_name,result_name,start_x,start_y,end_x,end_y,is_home,game_episode,phase
126311,2,66,12.76700000000028,4640,61913,1249,Recovery,,47.75211,58.028072,65.273355,40.872284,False,126311_66,126311_275
126311,2,66,30.36700000000019,4641,187313,1270,Interception,,6.614202000000001,32.134488000000005,6.614202000000001,32.134488000000005,True,126311_66,126311_282
126311,2,66,44.36900000000014,4640,354793,1285,Pass,Successful,90.729555,1.3969239999999985,72.242835,5.814679999999996,False,126311_66,126311_283
126311,2,66,46.75500000000011,4640,61921,1287,Pass,Successful,72.242835,5.814679999999996,76.66344,17.432956000000004,False,126311_66,126311_283
126311,2,66,48.86700000000019,4641,500602,1290,Interception,,18.333315,54.991056,18.333315,54.991056,True,126311_66,126311_284
