game_id,period_id,episode_id,time_seconds,team_id,player_id,action_id,type_name,result_name,start_x,start_y,end_x,end_y,is_home,game_episode,phase
126284,2,57,1232.667,4657,412010,2136,Intervention,,75.66279,30.194448,75.66279,30.194448,False,126284_57,126284_243
126284,2,57,1234.433,4657,250183,2137,Recovery,,75.357135,30.68874,75.357135,30.68874,False,126284_57,126284_243
126284,2,57,1236.7330000000002,4640,146174,2141,Recovery,,29.202285,42.17972,29.202285,42.17972,True,126284_57,126284_244
126284,2,57,1243.567,4657,181858,2145,Clearance,,16.814594999999997,17.548284000000002,51.552375,13.996848,False,126284_57,126284_245
126284,2,57,1282.2000000000005,4657,412010,2165,Pass,Successful,74.05272,16.30028,82.61683500000001,1.6021479999999997,False,126284_57,126284_247
126284,2,57,1284.568,4657,187341,2167,Carry,,82.61683500000001,1.6021479999999997,81.38109,10.843824000000003,False,126284_57,126284_247
