game_id,period_id,episode_id,time_seconds,team_id,player_id,action_id,type_name,result_name,start_x,start_y,end_x,end_y,is_home,game_episode,phase
126284,1,3,132.9,4640,61913,48,Pass,Successful,54.258645,64.5193112,42.106365,55.414152,True,126284_3,126284_110
126284,1,3,134.201,4640,61922,50,Carry,,42.106365,55.414152,41.369895,49.06914,True,126284_3,126284_110
126284,1,3,140.233,4640,354791,54,Pass,Successful,47.350905,16.066564,48.446475,7.297148,True,126284_3,126284_110
126284,1,3,142.067,4640,491837,56,Pass,Unsuccessful,50.345505,5.315083999999999,86.51391,17.701556000000004,True,126284_3,126284_110
