,game_id,period_id,episode_id,time_seconds,team_id,player_id,action_id,type_name,result_name,start_x,start_y,end_x,end_y,is_home,game_episode,phase
0,153391,2,56,783.7000000000003,4644,325355,1911,Pass_Freekick,Unsuccessful,97.40388,57.448508,100.95729,32.469048,True,153391_56,153391_219
1,153391,2,56,785.067,4646,500460,1912,Aerial Clearance,Successful,2.513594999999995,34.514624,2.513594999999995,34.514624,False,153391_56,153391_220
2,153391,2,56,785.067,4646,500460,1913,Catch,,2.513594999999995,34.514624,2.513594999999995,34.514624,False,153391_56,153391_220
3,153391,2,56,785.067,4646,500460,1914,Interception,,2.513594999999995,34.514624,2.513594999999995,34.514624,False,153391_56,153391_220
4,153391,2,56,785.068,4646,500460,1915,Carry,,2.513594999999995,34.514624,13.20039,35.879792,False,153391_56,153391_220
5,153391,2,56,788.3240000000001,4646,500460,1916,Pass,Unsuccessful,13.20039,35.879792,,,False,153391_56,153391_220
