game_id,period_id,episode_id,time_seconds,team_id,player_id,action_id,type_name,result_name,start_x,start_y,end_x,end_y,is_home,game_episode,phase
126293,1,37,2179.568,4648,250079,1056,Carry,,5.2962735,30.959924,10.73625,23.515692,True,126293_37,126293_92
126293,1,37,2186.033,4648,62386,1060,Pass,Unsuccessful,27.9153,3.759923999999998,47.09859,24.804156,True,126293_37,126293_92
126293,1,37,2187.867,4643,500115,1061,Interception,,60.167205,42.793352,60.167205,42.793352,False,126293_37,126293_93
126293,1,37,2206.433,4648,77414,1072,Pass,Successful,77.80941,53.597532,96.16236,18.9635,True,126293_37,126293_94
126293,1,37,2210.267,4643,500121,1075,Tackle,Unsuccessful,11.527214999999998,46.458348,11.527214999999998,46.458348,False,126293_37,126293_95
126293,1,37,2216.167,4648,62365,1084,Pass,Successful,74.2497,15.049284,81.48567,10.440379999999998,True,126293_37,126293_98
