game_id,period_id,episode_id,time_seconds,team_id,player_id,action_id,type_name,result_name,start_x,start_y,end_x,end_y,is_home,game_episode,phase
126293,2,88,2119.433,4648,369783,2518,Pass,Successful,55.64853,28.315676,49.623525,51.814436,True,126293_88,126293_262
126293,2,88,2124.4680000000008,4648,369783,2522,Carry,,57.35635500000001,48.150188,56.89677,56.232532,True,126293_88,126293_262
