game_id,period_id,episode_id,time_seconds,team_id,player_id,action_id,type_name,result_name,start_x,start_y,end_x,end_y,is_home,game_episode,phase
126293,2,101,3187.434,4648,250079,2975,Carry,,7.3089765,33.100427999999994,16.601445,29.687168,True,126293_101,126293_8
126293,2,101,3198.8330000000005,4643,500115,2977,Duel,Successful,33.53909999999999,47.17738,33.53909999999999,47.17738,False,126293_101,126293_9
