game_id,period_id,episode_id,time_seconds,team_id,player_id,action_id,type_name,result_name,start_x,start_y,end_x,end_y,is_home,game_episode,phase
126293,1,8,332.801,4643,83615,113,Carry,,29.932455000000004,51.67048,36.517005,54.627256,False,126293_8,126293_233
126293,1,8,372.8,4648,250101,146,Recovery,,48.93063,47.20798,48.68682,53.121668,True,126293_8,126293_240
126293,1,8,403.367,4648,500141,170,Pass,Successful,17.494995,8.917316,23.89989,15.724728,True,126293_8,126293_242
