game_id,period_id,episode_id,time_seconds,team_id,player_id,action_id,type_name,result_name,start_x,start_y,end_x,end_y,is_home,game_episode,phase
126293,2,65,614.2000000000003,4648,250079,1812,Pass,Successful,22.54938,29.569664000000003,25.88019,17.434452,True,126293_65,126293_190
126293,2,65,660.8330000000001,4643,500116,1844,Catch,,3.602633999999995,36.221288,3.602633999999995,36.221288,False,126293_65,126293_191
