game_id,period_id,episode_id,time_seconds,team_id,player_id,action_id,type_name,result_name,start_x,start_y,end_x,end_y,is_home,game_episode,phase
126293,2,73,1135.2670000000005,4643,500115,2096,Pass_Freekick,Successful,51.0216,57.473600000000005,45.31401,59.983276,False,126293_73,126293_207
126293,2,73,1155.434,4643,500113,2115,Carry,,24.638459999999995,5.154195999999999,27.032985,2.3470879999999994,False,126293_73,126293_207
