game_id,period_id,episode_id,time_seconds,team_id,player_id,action_id,type_name,result_name,start_x,start_y,end_x,end_y,is_home,game_episode,phase
126467,2,74,2514.433,2354,344558,2765,Interception,,44.104725,52.363672,44.104725,52.363672,False,126467_74,126467_306
126467,2,74,2514.434,2354,344558,2766,Carry,,44.104725,52.363672,47.52447,54.724156,False,126467_74,126467_306
126467,2,74,2542.9000000000005,2354,187292,2788,Pass,Unsuccessful,89.17135499999999,35.929568,89.776785,33.988032000000004,False,126467_74,126467_308
126467,2,74,2557.0330000000004,2354,215806,2796,Recovery,,17.481030000000004,27.102896,42.5985,47.51636,False,126467_74,126467_310
