game_id,period_id,episode_id,time_seconds,team_id,player_id,action_id,type_name,result_name,start_x,start_y,end_x,end_y,is_home,game_episode,phase
126467,2,57,1346.933,2354,500152,2142,Throw-In,Successful,6.240958500000005,0.0,28.66815,7.810344000000001,False,126467_57,126467_206
126467,2,57,1349.3000000000002,2354,530659,2143,Duel,Successful,28.66815,7.810344000000001,24.747029999999995,0.0,False,126467_57,126467_206
126467,2,57,1349.3000000000002,2354,530659,2145,Pass,Successful,28.66815,7.810344000000001,24.747029999999995,0.0,False,126467_57,126467_206
