game_id,period_id,episode_id,time_seconds,team_id,player_id,action_id,type_name,result_name,start_x,start_y,end_x,end_y,is_home,game_episode,phase
126467,2,58,1373.033,2354,187292,2157,Duel,Successful,49.309785,20.236799999999995,49.309785,20.236799999999995,False,126467_58,126467_210
126467,2,58,1386.667,2354,358583,2168,Pass,Successful,69.36384,40.157604,74.69920499999999,49.00624,False,126467_58,126467_214
