game_id,period_id,episode_id,time_seconds,team_id,player_id,action_id,type_name,result_name,start_x,start_y,end_x,end_y,is_home,game_episode,phase
126467,1,9,515.833,4646,61645,304,Duel,Successful,64.799595,28.764067999999995,64.799595,28.764067999999995,True,126467_9,126467_339
126467,1,9,515.834,4646,61645,306,Carry,,64.799595,28.764067999999995,77.50596,27.730332000000004,True,126467_9,126467_339
126467,1,9,517.633,2354,150850,308,Recovery,,27.49404,40.269668,24.39233999999999,61.5915236,False,126467_9,126467_340
126467,1,9,526.433,4646,250141,315,Tackle,Unsuccessful,54.38055,12.54056,54.38055,12.54056,True,126467_9,126467_341
126467,1,9,534.3679999999999,4646,61623,321,Carry,,38.527545,28.02178,41.1747,25.642052,True,126467_9,126467_345
126467,1,9,535.267,4646,61623,322,Pass,Successful,41.1747,25.642052,50.812965,26.177755999999995,True,126467_9,126467_345
126467,1,9,558.533,4646,250147,337,Pass,Successful,99.192975,0.6506240000000076,92.76036,5.618023999999998,True,126467_9,126467_345
