game_id,period_id,episode_id,time_seconds,team_id,player_id,action_id,type_name,result_name,start_x,start_y,end_x,end_y,is_home,game_episode,phase
126300,2,73,2186.267,2354,77545,2672,Pass_Freekick,Successful,100.24581,1.351227999999992,100.431135,22.463324,True,126300_73,126300_228
126300,2,73,2190.067,4646,500460,2676,Catch,,1.0346794499999987,35.032988,1.0346794499999987,35.032988,False,126300_73,126300_229
126300,2,73,2204.2,2354,61979,2682,Pass,Successful,25.072005,58.040244,6.0098535,47.929324,True,126300_73,126300_230
