game_id,period_id,episode_id,time_seconds,team_id,player_id,action_id,type_name,result_name,start_x,start_y,end_x,end_y,is_home,game_episode,phase
126300,2,54,828.134,4646,500452,2035,Pass_Freekick,Successful,20.67975,33.465724,23.309685,21.820656,False,126300_54,126300_159
126300,2,54,850.5450000000001,4646,61623,2047,Pass,Successful,95.932095,60.344968,86.83100999999999,60.406236,False,126300_54,126300_161
126300,2,54,878.2629999999999,4646,61623,2073,Pass,Unsuccessful,68.334105,64.900832,95.112108,65.72131999999999,False,126300_54,126300_161
126300,2,54,883.0,2354,142106,2075,Recovery,,9.887892,2.2786800000000085,9.887892,2.2786800000000085,True,126300_54,126300_162
