game_id,period_id,episode_id,time_seconds,team_id,player_id,action_id,type_name,result_name,start_x,start_y,end_x,end_y,is_home,game_episode,phase
126300,1,19,1051.433,2354,250037,618,Pass,Successful,61.181715,60.653824,35.223299999999995,54.169684,True,126300_19,126300_40
126300,1,19,1054.2,2354,250036,620,Pass,Successful,35.223299999999995,54.169684,44.355465,47.993652,True,126300_19,126300_40
126300,1,19,1056.8,4646,500452,623,Interception,,51.647925,21.301136,51.647925,21.301136,False,126300_19,126300_41
126300,1,19,1059.367,2354,344558,625,Interception,,49.66059,35.760452,49.66059,35.760452,True,126300_19,126300_42
