game_id,period_id,episode_id,time_seconds,team_id,player_id,action_id,type_name,result_name,start_x,start_y,end_x,end_y,is_home,game_episode,phase
126460,1,19,1355.3,4644,529335,695,Interception,,20.82549,39.665012,20.82549,39.665012,False,126460_19,126460_49
126460,1,19,1355.301,4644,529335,696,Carry,,20.82549,39.665012,12.733980000000004,43.130972,False,126460_19,126460_49
126460,1,19,1465.267,4644,500520,704,Pass,Successful,33.06933000000001,54.740748,38.849895,62.095118,False,126460_19,126460_49
126460,1,19,1495.667,4641,529743,727,Shot,Blocked,80.865225,27.340284,83.61927,29.618216000000004,True,126460_19,126460_50
126460,1,19,1502.701,4641,187313,730,Carry,,41.493375,67.1192028,44.182635000000005,64.5953828,True,126460_19,126460_52
