game_id,period_id,episode_id,time_seconds,team_id,player_id,action_id,type_name,result_name,start_x,start_y,end_x,end_y,is_home,game_episode,phase
126460,2,77,2071.8460000000005,4644,187277,2229,Recovery,,45.54123,51.361284,38.378235,62.7374528,False,126460_77,126460_231
126460,2,77,2081.5330000000004,4641,529743,2243,Error,,68.5083,29.557492,68.5083,29.557492,True,126460_77,126460_232
