game_id,period_id,episode_id,time_seconds,team_id,player_id,action_id,type_name,result_name,start_x,start_y,end_x,end_y,is_home,game_episode,phase
126460,1,40,2531.333,4644,342721,1157,Tackle,Unsuccessful,8.730193499999999,0.6677600000000012,8.730193499999999,0.6677600000000012,False,126460_40,126460_109
126460,1,40,2536.8,4644,325355,1161,Intervention,,34.024725000000004,1.2244079999999968,34.024725000000004,1.2244079999999968,False,126460_40,126460_111
126460,1,40,2540.467,4641,500602,1164,Recovery,,77.21416500000001,52.192584,87.44347499999999,65.6009736,True,126460_40,126460_112
