game_id,period_id,episode_id,time_seconds,team_id,player_id,action_id,type_name,result_name,start_x,start_y,end_x,end_y,is_home,game_episode,phase
126460,2,59,723.0339999999999,4641,500586,1683,Carry,,66.325875,5.259732,69.11268,2.6851839999999925,True,126460_59,126460_162
126460,2,59,730.3330000000001,4644,250060,1687,Recovery,,1.1039174999999943,33.173324,1.1039174999999943,33.173324,False,126460_59,126460_163
126460,2,59,749.3000000000002,4641,215816,1694,Intervention,,39.228,41.80776,39.228,41.80776,True,126460_59,126460_166
126460,2,59,754.2670000000003,4644,62119,1695,Recovery,,92.71815,60.582288,92.71815,60.582288,False,126460_59,126460_167
