game_id,period_id,episode_id,time_seconds,team_id,player_id,action_id,type_name,result_name,start_x,start_y,end_x,end_y,is_home,game_episode,phase
126306,2,55,571.3809999999999,4648,500133,1806,Pass,Successful,52.153605,13.037232000000005,50.203125,27.825804,True,126306_55,126306_218
126306,2,55,589.5720000000001,4648,250101,1821,Pass,Successful,56.59017000000001,28.006956,67.10193,5.7064240000000055,True,126306_55,126306_218
126306,2,55,595.9000000000001,4644,342722,1827,Duel,Successful,26.019105,56.468356,37.56270000000001,45.587132,False,126306_55,126306_219
