game_id,period_id,episode_id,time_seconds,team_id,player_id,action_id,type_name,result_name,start_x,start_y,end_x,end_y,is_home,game_episode,phase
126306,2,51,279.3330000000001,4644,62098,1604,Recovery,,92.82021,5.441088000000001,92.82021,5.441088000000001,False,126306_51,126306_197
126306,2,51,289.7000000000003,4644,342722,1613,Pass,Successful,77.14707,45.03742,87.05718,40.619936,False,126306_51,126306_199
126306,2,51,304.422,4644,500505,1627,Pass,Successful,57.776565,41.13932,58.489725,29.391776,False,126306_51,126306_201
126306,2,51,308.02599999999984,4644,342719,1630,Pass,Successful,58.573305000000005,25.202431999999995,56.16943499999999,34.486404,False,126306_51,126306_201
126306,2,51,319.13199999999983,4644,62112,1639,Carry,,65.318085,58.57996,67.23864,37.628276,False,126306_51,126306_201
126306,2,51,322.8000000000002,4644,62112,1640,Pass,Successful,67.23864,37.628276,71.10652499999999,5.0555280000000025,False,126306_51,126306_201
126306,2,51,336.38800000000015,4644,500520,1651,Carry,,48.47451,48.385196,48.36069,44.07386,False,126306_51,126306_201
