game_id,period_id,episode_id,time_seconds,team_id,player_id,action_id,type_name,result_name,start_x,start_y,end_x,end_y,is_home,game_episode,phase
126306,2,50,189.9369999999999,4648,77414,1524,Take-On,Unsuccessful,100.691745,59.082412,100.691745,59.082412,True,126306_50,126306_178
126306,2,50,208.95000000000027,4648,62365,1553,Interception,,78.765015,50.971848,82.94748,46.332888,True,126306_50,126306_188
126306,2,50,210.70699999999988,4648,62365,1557,Intervention,,80.51084999999999,43.404332,80.51084999999999,43.404332,True,126306_50,126306_190
126306,2,50,222.58500000000004,4648,250101,1564,Pass,Successful,46.3911,33.679379999999995,46.779915,13.061644,True,126306_50,126306_192
126306,2,50,253.03700000000023,4648,145701,1581,Clearance,,7.426587,35.479612,11.004945,18.638392,True,126306_50,126306_194
