game_id,period_id,episode_id,time_seconds,team_id,player_id,action_id,type_name,result_name,start_x,start_y,end_x,end_y,is_home,game_episode,phase
126306,1,44,2800.475,4644,62086,1326,Pass,Successful,45.046785,33.235068000000005,52.670625,53.467108,False,126306_44,126306_153
126306,1,44,2829.699,4648,250101,1350,Pass,Successful,24.626175,16.461168,19.17846,25.47518,True,126306_44,126306_156
126306,1,44,2845.6430000000005,4648,62365,1364,Carry,,33.499305,47.0628,37.50117,43.070656,True,126306_44,126306_156
126306,1,44,2871.882,4648,500135,1377,Pass,Successful,83.483085,6.130948000000004,74.833605,19.243932,True,126306_44,126306_156
126306,1,44,2878.2010000000005,4644,342722,1385,Carry,,26.956965,49.40438,37.460745,58.752136,False,126306_44,126306_159
126306,1,44,2900.533,4644,62112,1406,Pass,Unsuccessful,79.45602,31.670796000000003,90.36846,25.67816,False,126306_44,126306_167
126306,1,44,2916.731,4644,342719,1417,Pass,Successful,62.773515,24.975244000000004,73.75116,1.9740400000000025,False,126306_44,126306_169
126306,1,44,2922.245,4644,250055,1422,Pass,Successful,73.28895,7.321696000000003,60.346755,5.382676000000004,False,126306_44,126306_169
126306,1,44,2928.933,4644,62112,1430,Pass,Successful,71.92541999999999,33.801236,87.02872500000001,55.793456,False,126306_44,126306_169
