game_id,period_id,episode_id,time_seconds,team_id,player_id,action_id,type_name,result_name,start_x,start_y,end_x,end_y,is_home,game_episode,phase
126306,1,24,1615.301,4648,250079,688,Pass,Successful,4.103778,31.895264000000005,4.9311255,41.770700000000005,True,126306_24,126306_70
126306,1,24,1619.62,4648,250101,693,Pass,Successful,20.769105,32.155296,49.04466,8.454100000000004,True,126306_24,126306_70
