game_id,period_id,episode_id,time_seconds,team_id,player_id,action_id,type_name,result_name,start_x,start_y,end_x,end_y,is_home,game_episode,phase
126306,1,30,1933.705,4648,250101,828,Carry,,35.55867,21.154596,38.933685,29.529952,True,126306_30,126306_84
126306,1,30,1936.52,4648,250101,829,Pass,Successful,38.933685,29.529952,45.474345,33.503872,True,126306_30,126306_84
