game_id,period_id,episode_id,time_seconds,team_id,player_id,action_id,type_name,result_name,start_x,start_y,end_x,end_y,is_home,game_episode,phase
126306,1,7,223.433,4644,62114,106,Tackle,Unsuccessful,41.76375,37.929584000000006,41.76375,37.929584000000006,False,126306_7,126306_259
126306,1,7,232.293,4648,77414,115,Carry,,57.716715,37.170092,57.163575,31.775176,True,126306_7,126306_260
126306,1,7,249.662,4648,250101,128,Recovery,,93.695805,63.3647256,79.04547,60.350068,True,126306_7,126306_264
126306,1,7,257.856,4648,62365,136,Pass,Successful,64.1718,48.8138,65.3898,39.85418799999999,True,126306_7,126306_266
126306,1,7,263.063,4648,500133,142,Pass,Successful,61.85928,25.775535999999995,81.53900999999999,35.43378,True,126306_7,126306_266
