game_id,period_id,episode_id,time_seconds,team_id,player_id,action_id,type_name,result_name,start_x,start_y,end_x,end_y,is_home,game_episode,phase
126445,2,56,472.7330000000002,4639,250903,1643,Pass,Successful,4.6643835000000005,37.011312,10.788225,43.198428,True,126445_56,126445_150
126445,2,56,482.5329999999999,4639,345445,1650,Pass,Successful,59.040555,49.285176,53.76441,49.388604,True,126445_56,126445_150
126445,2,56,485.7670000000003,4639,345446,1653,Pass,Unsuccessful,55.646745,41.911664,75.458775,8.609072000000005,True,126445_56,126445_150
