game_id,period_id,episode_id,time_seconds,team_id,player_id,action_id,type_name,result_name,start_x,start_y,end_x,end_y,is_home,game_episode,phase
126445,1,28,1729.801,4644,62112,948,Carry,,85.62309,2.917200000000008,86.419935,8.849655999999996,False,126445_28,126445_85
126445,1,28,1735.767,4639,491803,951,Clearance,,7.2652335,34.450976000000004,21.458955,19.094332,True,126445_28,126445_86
126445,1,28,1780.333,4639,250901,980,Pass,Successful,58.93566,5.836848000000003,49.41951,8.406364000000004,True,126445_28,126445_86
126445,1,28,1796.8,4644,250060,994,Clearance,,12.487125000000006,44.397676,40.304565,58.660676,False,126445_28,126445_87
126445,1,28,1796.8,4644,250060,993,Catch,,12.487125000000006,44.397676,12.487125000000006,44.397676,False,126445_28,126445_87
126445,1,28,1799.067,4644,500505,996,Pass,Successful,40.304565,58.660676,48.006945,65.991756,False,126445_28,126445_87
126445,1,28,1806.596,4644,62112,1001,Carry,,68.274255,62.7724252,72.13479,58.219356000000005,False,126445_28,126445_87
126445,1,28,1811.224,4644,500505,1004,Pass,Successful,66.970575,46.172,60.73935,20.279164,False,126445_28,126445_87
126445,1,28,1832.873,4644,529335,1026,Pass,Successful,45.385305,45.175052,40.593525,30.390016,False,126445_28,126445_87
