game_id,period_id,episode_id,time_seconds,team_id,player_id,action_id,type_name,result_name,start_x,start_y,end_x,end_y,is_home,game_episode,phase
126445,1,44,2726.367,4644,250060,1283,Goal Kick,Successful,3.411376500000003,26.31328,7.4996565,6.916212000000002,False,126445_44,126445_111
126445,1,44,2744.7670000000003,4639,491801,1291,Duel,Successful,35.64498,17.444719999999997,35.64498,17.444719999999997,True,126445_44,126445_112
126445,1,44,2745.833,4644,62112,1292,Recovery,,59.950695,52.162324,59.950695,52.162324,False,126445_44,126445_113
