game_id,period_id,episode_id,time_seconds,team_id,player_id,action_id,type_name,result_name,start_x,start_y,end_x,end_y,is_home,game_episode,phase
126445,2,77,1451.1329999999998,4639,77828,2062,Pass,Successful,45.29091,37.143572000000006,56.01708,43.627032,True,126445_77,126445_188
126445,2,77,1457.9669999999996,4639,354806,2067,Pass,Successful,55.447245,21.954752,63.609315,3.959503999999996,True,126445_77,126445_188
126445,2,77,1462.3340000000003,4639,354806,2071,Carry,,60.900525,12.932648,60.548355,16.253767999999994,True,126445_77,126445_188
