game_id,period_id,episode_id,time_seconds,team_id,player_id,action_id,type_name,result_name,start_x,start_y,end_x,end_y,is_home,game_episode,phase
126445,2,102,2955.767,4639,345445,2625,Throw-In,Successful,95.63883,68.0,84.861,61.9419004,True,126445_102,126445_6
126445,2,102,2960.867,4639,345445,2629,Pass,Successful,99.224895,61.144716,87.137505,60.142872,True,126445_102,126445_6
126445,2,102,2980.767,4639,491803,2645,Pass,Successful,85.262625,45.433928,77.053095,50.187672,True,126445_102,126445_10
126445,2,102,2982.1680000000006,4639,77845,2647,Carry,,77.053095,50.187672,74.59210499999999,45.76434,True,126445_102,126445_10
126445,2,102,2996.1670000000004,4639,77845,2655,Pass,Successful,83.373465,47.060148,83.40213,42.46702,True,126445_102,126445_12
126445,2,102,2999.3010000000004,4644,62098,2660,Carry,,13.161015000000006,21.550424,15.624210000000003,17.321776,False,126445_102,126445_13
126445,2,102,3034.6670000000004,4644,250055,2686,Block,,19.278945,41.970348,19.278945,41.970348,False,126445_102,126445_19
126445,2,102,3036.6680000000006,4644,62114,2689,Carry,,27.003060000000005,30.431496,88.45578,33.487144,False,126445_102,126445_19
126445,2,102,3046.8,4639,491803,2692,Recovery,,24.992835,36.247672,35.94465,58.364944,True,126445_102,126445_20
