game_id,period_id,episode_id,time_seconds,team_id,player_id,action_id,type_name,result_name,start_x,start_y,end_x,end_y,is_home,game_episode,phase
126445,1,27,1667.801,4644,62119,929,Carry,,93.1581,33.85006,97.287561,38.847856,False,126445_27,126445_81
126445,1,27,1668.467,4639,491801,931,Recovery,,7.712439,29.152144,7.712439,29.152144,True,126445_27,126445_82
