game_id,period_id,episode_id,time_seconds,team_id,player_id,action_id,type_name,result_name,start_x,start_y,end_x,end_y,is_home,game_episode,phase
126445,2,93,2611.068,4639,250903,2479,Carry,,31.113495,26.364688,32.77218,29.790392,True,126445_93,126445_240
126445,2,93,2618.467000000001,4639,491801,2482,Pass,Successful,46.52319,9.204547999999996,37.41297,32.204868000000005,True,126445_93,126445_240
126445,2,93,2626.101000000001,4639,345446,2489,Carry,,69.968535,46.046268,73.73814,37.856076,True,126445_93,126445_240
126445,2,93,2636.3330000000005,4644,62086,2497,Clearance,,19.299945000000008,30.483108,64.14943500000001,66.674,False,126445_93,126445_241
126445,2,93,2669.067,4639,77845,2515,Pass,Successful,66.59404500000001,56.2649,61.313385,30.467264,True,126445_93,126445_242
