game_id,period_id,episode_id,time_seconds,team_id,player_id,action_id,type_name,result_name,start_x,start_y,end_x,end_y,is_home,game_episode,phase
126451,2,53,1132.433,4639,527819,1643,Pass,Successful,13.847504999999998,17.504628000000004,12.182730000000006,37.308268,False,126451_53,126451_160
126451,2,53,1152.333,2354,500150,1657,Clearance,,13.79028,25.68598,12.43914,14.470808000000003,True,126451_53,126451_161
