game_id,period_id,episode_id,time_seconds,team_id,player_id,action_id,type_name,result_name,start_x,start_y,end_x,end_y,is_home,game_episode,phase
126451,1,19,1349.599,2354,61981,609,Carry,,30.950745,30.098772000000004,32.29296,26.625060000000005,True,126451_19,126451_51
126451,1,19,1359.566,2354,61981,615,Pass,Successful,24.49818,21.367572,24.776535000000003,9.362308000000006,True,126451_19,126451_51
