game_id,period_id,episode_id,time_seconds,team_id,player_id,action_id,type_name,result_name,start_x,start_y,end_x,end_y,is_home,game_episode,phase
126451,2,76,2339.4890000000005,2354,250036,2163,Pass,Successful,35.291025,43.10214,38.90523,34.14212,True,126451_76,126451_209
126451,2,76,2345.433,2354,500150,2168,Pass,Successful,34.713944999999995,24.383644,28.794675,48.370372,True,126451_76,126451_209
126451,2,76,2348.567,2354,250036,2171,Pass,Successful,28.752885,51.982056,28.37583,65.3614096,True,126451_76,126451_209
