game_id,period_id,episode_id,time_seconds,team_id,player_id,action_id,type_name,result_name,start_x,start_y,end_x,end_y,is_home,game_episode,phase
126451,2,69,1923.8,2354,344559,2017,Pass,Successful,79.12548,54.408432,72.804585,45.342128,True,126451_69,126451_203
126451,2,69,1978.733,4639,527819,2056,Pass,Unsuccessful,19.634159999999994,21.722872,27.511365,37.086588000000006,False,126451_69,126451_204
