game_id,period_id,episode_id,time_seconds,team_id,player_id,action_id,type_name,result_name,start_x,start_y,end_x,end_y,is_home,game_episode,phase
126459,1,11,867.633,4657,500481,352,Pass,Unsuccessful,86.07259499999999,33.41282,88.2378,34.425068,False,126459_11,126459_21
126459,1,11,871.5,4657,500480,356,Pass,Successful,80.538885,37.801812,73.06288500000001,17.592687999999995,False,126459_11,126459_23
126459,1,11,874.833,4657,357150,358,Pass,Successful,72.51048,18.658996,62.5128,37.216536000000005,False,126459_11,126459_23
126459,1,11,881.833,4657,500478,365,Pass,Successful,59.79771,16.081795999999997,64.227345,1.6571600000000046,False,126459_11,126459_23
126459,1,11,912.101,316,77579,380,Carry,,41.009535,32.182904,41.05248,27.616772,True,126459_11,126459_24
126459,1,11,913.6,316,77579,381,Pass,Successful,41.05248,27.616772,31.025820000000003,21.514996000000004,True,126459_11,126459_24
126459,1,11,935.767,316,503173,397,Pass,Successful,60.206475,58.604508,68.319405,49.799732000000006,True,126459_11,126459_24
