game_id,period_id,episode_id,time_seconds,team_id,player_id,action_id,type_name,result_name,start_x,start_y,end_x,end_y,is_home,game_episode,phase
126459,1,37,2442.867,316,533480,893,Recovery,,6.7101825,37.48092,6.7101825,37.48092,True,126459_37,126459_84
126459,1,37,2442.8680000000004,316,533480,894,Carry,,6.7101825,37.48092,13.99356,33.236564,True,126459_37,126459_84
126459,1,37,2452.933,316,62013,898,Pass,Unsuccessful,44.610195,5.2233520000000055,74.560395,9.108124000000004,True,126459_37,126459_84
