game_id,period_id,episode_id,time_seconds,team_id,player_id,action_id,type_name,result_name,start_x,start_y,end_x,end_y,is_home,game_episode,phase
126459,1,33,2233.9010000000003,316,77579,836,Carry,,9.173451,46.550012,8.860299,51.382296,True,126459_33,126459_78
126459,1,33,2236.568,316,503173,839,Carry,,9.710799,66.0065392,6.9711915,61.8938992,True,126459_33,126459_78
