game_id,period_id,episode_id,time_seconds,team_id,player_id,action_id,type_name,result_name,start_x,start_y,end_x,end_y,is_home,game_episode,phase
126459,1,38,2465.867,316,500124,905,Pass,Successful,75.69807,1.6496799999999894,57.95643,10.100991999999998,True,126459_38,126459_84
126459,1,38,2468.467,316,500126,907,Pass,Successful,58.71400500000001,11.747476000000006,50.229585,39.18228,True,126459_38,126459_84
126459,1,38,2474.6,316,503173,912,Pass,Successful,55.48935,62.199736,68.56983,66.9454696,True,126459_38,126459_84
