game_id,period_id,episode_id,time_seconds,team_id,player_id,action_id,type_name,result_name,start_x,start_y,end_x,end_y,is_home,game_episode,phase
126435,1,30,2025.667,2354,500145,1034,Recovery,,15.39594,45.408156,14.424795,59.359852,True,126435_30,126435_100
126435,1,30,2038.667,2354,253677,1045,Error,,87.214995,21.993172,87.214995,21.993172,True,126435_30,126435_100
126435,1,30,2051.201,4644,62105,1052,Carry,,21.33789,54.720348,39.07102499999999,59.977496,False,126435_30,126435_101
126435,1,30,2055.5,4644,62105,1053,Pass,Successful,39.07102499999999,59.977496,43.44648,64.2418576,False,126435_30,126435_101
126435,1,30,2069.3,4644,500520,1065,Pass,Successful,33.46392,20.398776,51.30069,1.661919999999995,False,126435_30,126435_101
