game_id,period_id,episode_id,time_seconds,team_id,player_id,action_id,type_name,result_name,start_x,start_y,end_x,end_y,is_home,game_episode,phase
126435,1,9,463.233,4644,500505,254,Recovery,,27.52512,42.38202,41.654865,35.210332,False,126435_9,126435_319
126435,1,9,474.933,2354,529466,266,Pass,Successful,52.2039,30.654604,49.145565,42.615328,True,126435_9,126435_320
126435,1,9,501.168,2354,253677,289,Carry,,77.171535,1.8757120000000072,78.96294,13.887096,True,126435_9,126435_322
126435,1,9,507.367,4644,62086,293,Interception,,16.970834999999994,51.03604,16.970834999999994,51.03604,False,126435_9,126435_323
126435,1,9,513.2,4644,325355,297,Take-On,Successful,14.159670000000006,66.5300576,14.159670000000006,66.5300576,False,126435_9,126435_325
