game_id,period_id,episode_id,time_seconds,team_id,player_id,action_id,type_name,result_name,start_x,start_y,end_x,end_y,is_home,game_episode,phase
126435,1,39,2475.068,2354,188332,1233,Carry,,50.909145,6.965783999999999,66.42499500000001,12.706548000000003,True,126435_39,126435_120
126435,1,39,2494.967,4644,62098,1244,Pass,Successful,89.47522500000001,2.622419999999991,74.577615,2.893535999999997,False,126435_39,126435_121
126435,1,39,2508.967,4644,62105,1254,Pass,Successful,80.84537999999999,64.66545,80.91342,50.889636,False,126435_39,126435_121
126435,1,39,2537.933,4644,325355,1275,Pass,Successful,53.476185,11.771479999999997,57.31708499999999,3.741631999999996,False,126435_39,126435_123
