game_id,period_id,episode_id,time_seconds,team_id,player_id,action_id,type_name,result_name,start_x,start_y,end_x,end_y,is_home,game_episode,phase
126308,1,35,2059.9680000000003,2354,500153,1079,Carry,,32.57761500000001,18.190204,31.555229999999995,12.372871999999994,False,126308_35,126308_104
126308,1,35,2065.0,4657,357156,1083,Recovery,,50.454495,56.9194,67.15485,44.784256,True,126308_35,126308_105
126308,1,35,2068.233,2354,500153,1088,Pass,Successful,37.139970000000005,19.113168,28.12446,27.918216,False,126308_35,126308_106
