game_id,period_id,episode_id,time_seconds,team_id,player_id,action_id,type_name,result_name,start_x,start_y,end_x,end_y,is_home,game_episode,phase
126308,1,2,68.233,2354,142109,35,Goal Kick,Unsuccessful,5.042709000000002,33.813136,54.863445,31.232468,False,126308_2,126308_36
126308,1,2,73.9,2354,500153,37,Recovery,,47.484675,29.241292,69.69837,34.077724,False,126308_2,126308_38
126308,1,2,104.668,2354,500147,64,Carry,,52.474065,32.379832,55.60149,23.54534,False,126308_2,126308_42
126308,1,2,109.267,2354,142106,67,Pass,Successful,55.358415,11.772364000000003,33.764745000000005,20.977728,False,126308_2,126308_42
126308,1,2,121.4,2354,500147,74,Pass,Unsuccessful,23.354205000000007,11.681652,83.971335,9.457983999999996,False,126308_2,126308_42
126308,1,2,131.9,4657,187343,80,Recovery,,24.318945,66.5852124,24.318945,66.5852124,True,126308_2,126308_45
