game_id,period_id,episode_id,time_seconds,team_id,player_id,action_id,type_name,result_name,start_x,start_y,end_x,end_y,is_home,game_episode,phase
126308,2,62,985.7000000000004,2354,77545,1888,Pass,Successful,48.70425,9.40746,48.68976,9.691564,False,126308_62,126308_202
126308,2,62,1013.2670000000004,2354,150851,1915,Pass,Successful,55.541325,7.232208,46.284315,20.680704,False,126308_62,126308_202
126308,2,62,1029.7670000000005,2354,142109,1926,Pass,Successful,18.38382,39.294888,20.44434,60.251536,False,126308_62,126308_202
