game_id,period_id,episode_id,time_seconds,team_id,player_id,action_id,type_name,result_name,start_x,start_y,end_x,end_y,is_home,game_episode,phase
126308,2,73,2093.9000000000005,2354,77545,2449,Pass_Corner,Unsuccessful,104.579265,68.0,101.33739,43.52918,False,126308_73,126308_254
126308,2,73,2095.067,4657,500481,2450,Interception,,4.426338,23.247636,4.426338,23.247636,True,126308_73,126308_255
126308,2,73,2111.4010000000007,2354,500153,2461,Carry,,42.66549,43.851976,41.925765,37.312688,False,126308_73,126308_256
126308,2,73,2115.633,2354,61981,2465,Pass,Successful,48.62529,13.87744,63.55419,4.56382,False,126308_73,126308_256
