game_id,period_id,episode_id,time_seconds,team_id,player_id,action_id,type_name,result_name,start_x,start_y,end_x,end_y,is_home,game_episode,phase
126308,1,1,15.7,4657,500484,7,Pass,Successful,56.331765,26.986344000000003,56.50469999999999,13.143448,True,126308_1,126308_3
126308,1,1,24.333,2354,500154,13,Recovery,,22.116150000000005,65.3461844,33.69544500000001,56.261228,False,126308_1,126308_4
