game_id,period_id,episode_id,time_seconds,team_id,player_id,action_id,type_name,result_name,start_x,start_y,end_x,end_y,is_home,game_episode,phase
126361,2,31,8.5,2353,356612,1494,Pass,Successful,38.082765,35.222504,28.25823,42.443560000000005,False,126361_31,126361_106
126361,2,31,61.60699999999997,2353,500569,1524,Pass,Successful,27.52743000000001,41.951308,23.23818,20.515464,False,126361_31,126361_110
126361,2,31,78.73300000000017,4640,354794,1537,Pass,Successful,13.65336,44.970780000000005,14.68656,37.91986,True,126361_31,126361_111
126361,2,31,80.90000000000009,4640,146168,1539,Pass,Successful,16.039905,37.860564,23.11764,50.84292000000001,True,126361_31,126361_111
126361,2,31,106.26800000000028,2353,356609,1558,Carry,,42.51576,64.8863208,48.23091,66.0073892,False,126361_31,126361_112
126361,2,31,107.83300000000008,2353,356609,1559,Pass,Successful,48.23091,66.0073892,48.94302,59.016452,False,126361_31,126361_112
