game_id,period_id,episode_id,time_seconds,team_id,player_id,action_id,type_name,result_name,start_x,start_y,end_x,end_y,is_home,game_episode,phase
126361,1,2,197.0,2353,356616,111,Clearance,,5.179187999999996,28.818127999999994,20.43405,22.993112,False,126361_2,126361_64
126361,1,2,204.233,2353,356626,119,Catch,,2.5181414999999987,33.935468,2.5181414999999987,33.935468,False,126361_2,126361_66
