game_id,period_id,episode_id,time_seconds,team_id,player_id,action_id,type_name,result_name,start_x,start_y,end_x,end_y,is_home,game_episode,phase
126366,2,93,2505.3340000000007,4220,215699,2701,Carry,,19.827780000000004,52.067736,28.947450000000003,51.415208,False,126366_93,126366_307
126366,2,93,2519.767,4220,354812,2711,Pass,Successful,49.018515,26.325248,26.309955,27.447996,False,126366_93,126366_309
126366,2,93,2533.867,4641,413677,2721,Pass,Successful,61.70115,36.801736000000005,62.74023,28.518248,True,126366_93,126366_310
