game_id,period_id,episode_id,time_seconds,team_id,player_id,action_id,type_name,result_name,start_x,start_y,end_x,end_y,is_home,game_episode,phase
126366,1,28,1394.584,4220,500554,706,Pass,Successful,26.7183,65.5398212,29.919119999999992,67.91389228,False,126366_28,126366_105
126366,1,28,1414.2,4220,354812,720,Pass,Successful,54.292455,57.647612,61.51383,60.205772,False,126366_28,126366_109
