game_id,period_id,episode_id,time_seconds,team_id,player_id,action_id,type_name,result_name,start_x,start_y,end_x,end_y,is_home,game_episode,phase
126366,2,84,1574.96,4220,354812,2329,Pass,Successful,73.87022999999999,22.66712,67.496625,28.700012,False,126366_84,126366_267
126366,2,84,1576.8680000000004,4220,500533,2331,Pass,Successful,67.496625,28.700012,68.66139,43.756504,False,126366_84,126366_267
126366,2,84,1592.2669999999998,4641,500604,2342,Interception,,23.63844,27.847156,23.63844,27.847156,True,126366_84,126366_268
126366,2,84,1592.2679999999998,4641,500604,2343,Carry,,23.63844,27.847156,24.613995,33.16972,True,126366_84,126366_268
126366,2,84,1615.6010000000003,4641,145831,2359,Carry,,43.08486,62.3650848,45.13887,57.843044,True,126366_84,126366_270
