game_id,period_id,episode_id,time_seconds,team_id,player_id,action_id,type_name,result_name,start_x,start_y,end_x,end_y,is_home,game_episode,phase
126366,2,88,2163.933,4641,500602,2529,Pass,Successful,63.695205,11.203748000000004,66.83649000000001,2.248283999999998,True,126366_88,126366_290
126366,2,88,2185.0,4641,250965,2546,Pass,Unsuccessful,65.950395,65.4198352,66.74871,65.3163528,True,126366_88,126366_290
