game_id,period_id,episode_id,time_seconds,team_id,player_id,action_id,type_name,result_name,start_x,start_y,end_x,end_y,is_home,game_episode,phase
126366,2,70,710.6340000000002,4220,188183,1848,Carry,,72.38889,65.622346,86.40103500000001,66.1040784,False,126366_70,126366_235
126366,2,70,730.8000000000002,4641,500602,1863,Pass,Successful,25.88943,19.7829,43.818810000000006,31.87194,True,126366_70,126366_236
