game_id,period_id,episode_id,time_seconds,team_id,player_id,action_id,type_name,result_name,start_x,start_y,end_x,end_y,is_home,game_episode,phase
126366,2,57,119.0329999999999,4220,500549,1540,Recovery,,41.918835,64.3987336,41.918835,64.3987336,False,126366_57,126366_205
126366,2,57,123.40000000000008,4641,145831,1547,Pass,Successful,51.727305,26.996476,21.857955,26.05726,True,126366_57,126366_206
126366,2,57,127.13300000000028,4641,250957,1549,Pass,Unsuccessful,21.857955,26.05726,54.88959,68.0,True,126366_57,126366_206
