game_id,period_id,episode_id,time_seconds,team_id,player_id,action_id,type_name,result_name,start_x,start_y,end_x,end_y,is_home,game_episode,phase
126366,1,38,2014.671,4220,188183,988,Pass,Successful,77.989695,66.198714,63.70623,63.4857452,False,126366_38,126366_135
126366,1,38,2014.671,4220,188183,987,Recovery,,77.989695,66.198714,63.70623,63.4857452,False,126366_38,126366_135
