,game_id,period_id,episode_id,time_seconds,team_id,player_id,action_id,type_name,result_name,start_x,start_y,end_x,end_y,is_home,game_episode,phase
0,153369,1,39,2889.5,4643,85175,1492,Goal Kick,Unsuccessful,4.7524365,27.185244,73.64931,24.48612,True,153369_39,153369_107
1,153369,1,39,2893.1,2353,526909,1493,Duel,Successful,31.613295,46.144664,31.613295,46.144664,False,153369_39,153369_108
2,153369,1,39,2894.7000000000003,2353,500565,1494,Recovery,,32.691959999999995,49.52134,44.622165,50.176452,False,153369_39,153369_108
3,153369,1,39,2894.7000000000003,2353,500565,1495,Pass,Unsuccessful,32.691959999999995,49.52134,36.33861,55.632772,False,153369_39,153369_108
4,153369,1,39,2896.167,4643,145673,1496,Duel,Successful,59.80464,19.942428,59.80464,19.942428,True,153369_39,153369_109
5,153369,1,39,2898.2000000000003,4643,528960,1497,Recovery,,68.66139,12.367227999999995,77.975415,2.787319999999994,True,153369_39,153369_109
6,153369,1,39,2898.2000000000003,4643,528960,1498,Pass,Successful,68.66139,12.367227999999995,,,True,153369_39,153369_109
