game_id,period_id,episode_id,time_seconds,team_id,player_id,action_id,type_name,result_name,start_x,start_y,end_x,end_y,is_home,game_episode,phase
126478,2,52,658.933,4646,61626,1793,Pass,Successful,46.204095,29.104476000000005,55.846875,31.807340000000003,True,126478_52,126478_147
126478,2,52,674.8000000000002,4646,356604,1809,Pass,Successful,27.35985,59.643344,36.265530000000005,65.7882388,True,126478_52,126478_149
