game_id,period_id,episode_id,time_seconds,team_id,player_id,action_id,type_name,result_name,start_x,start_y,end_x,end_y,is_home,game_episode,phase
126478,1,11,837.2330000000001,4646,356604,431,Clearance,,33.72138,35.728968,35.820015,26.938336,True,126478_11,126478_9
126478,1,11,849.3000000000001,4643,500121,440,Pass,Successful,61.85549999999999,21.792504,59.35272,12.132016,False,126478_11,126478_12
126478,1,11,859.2,4643,145673,446,Pass,Successful,45.301935,10.321312,52.99066500000001,2.472752,False,126478_11,126478_12
126478,1,11,861.567,4643,187259,448,Pass,Successful,52.62159,2.7457040000000035,38.27481,14.425723999999995,False,126478_11,126478_12
126478,1,11,873.367,4646,109160,458,Block,,57.081675,57.0554,57.081675,57.0554,True,126478_11,126478_13
