game_id,period_id,episode_id,time_seconds,team_id,player_id,action_id,type_name,result_name,start_x,start_y,end_x,end_y,is_home,game_episode,phase
126478,1,27,1959.067,4643,187259,985,Pass_Freekick,Unsuccessful,58.327605000000005,5.654063999999998,91.91658,19.827848000000003,False,126478_27,126478_70
126478,1,27,1964.5,4646,109160,989,Pass,Unsuccessful,16.126005,62.80514,37.76073,68.0,True,126478_27,126478_71
