game_id,period_id,episode_id,time_seconds,team_id,player_id,action_id,type_name,result_name,start_x,start_y,end_x,end_y,is_home,game_episode,phase
126478,2,58,1071.667,4643,187794,2030,Duel,Successful,13.867665000000002,63.9178852,13.867665000000002,63.9178852,False,126478_58,126478_168
126478,2,58,1071.668,4643,187794,2033,Carry,,13.867665000000002,63.9178852,18.604005,66.6786648,False,126478_58,126478_168
126478,2,58,1085.334,4646,356604,2048,Carry,,65.672145,41.062888,61.350345,39.68004,True,126478_58,126478_171
