game_id,period_id,episode_id,time_seconds,team_id,player_id,action_id,type_name,result_name,start_x,start_y,end_x,end_y,is_home,game_episode,phase
126478,2,75,1988.5330000000004,4643,187259,2400,Pass,Successful,64.73544,1.4828080000000057,98.36631,15.565879999999993,False,126478_75,126478_216
126478,2,75,2011.367,4646,356604,2422,Clearance,,13.87806,34.078676,8.5642725,31.779868,True,126478_75,126478_221
126478,2,75,2033.0,4643,187253,2439,Pass,Successful,67.35939,19.946168,85.10964,21.613868,False,126478_75,126478_222
126478,2,75,2039.4000000000003,4643,500502,2448,Pass,Successful,76.01989499999999,48.761236,70.476315,49.014536,False,126478_75,126478_224
