game_id,period_id,episode_id,time_seconds,team_id,player_id,action_id,type_name,result_name,start_x,start_y,end_x,end_y,is_home,game_episode,phase
126478,2,43,19.90000000000009,4643,187794,1463,Throw-In,Successful,62.85447,68.0,56.629335,57.686848,False,126478_43,126478_110
126478,2,43,41.43299999999999,4643,500118,1485,Pass,Successful,53.52732,19.056388,40.21941,24.816124,False,126478_43,126478_112
126478,2,43,43.133000000000266,4643,408792,1487,Pass,Successful,40.21941,24.816124,39.525255,14.934908,False,126478_43,126478_112
126478,2,43,49.233000000000175,4643,500121,1492,Pass,Successful,51.651810000000005,6.500188000000001,24.033765,14.38608,False,126478_43,126478_112
