game_id,period_id,episode_id,time_seconds,team_id,player_id,action_id,type_name,result_name,start_x,start_y,end_x,end_y,is_home,game_episode,phase
126478,1,34,2353.434,4643,500118,1181,Carry,,27.262095,46.214364,39.378465000000006,41.935396,False,126478_34,126478_90
126478,1,34,2358.434,4643,500121,1184,Carry,,76.59865500000001,54.678528,83.05668,60.257248,False,126478_34,126478_90
126478,1,34,2361.667,4646,500452,1187,Pass,Successful,20.30406,6.350656000000001,22.29171,11.045851999999996,True,126478_34,126478_91
126478,1,34,2363.1330000000003,4646,250145,1189,Pass,Successful,22.383165,13.025128000000002,25.654965,20.08958,True,126478_34,126478_91
