game_id,period_id,episode_id,time_seconds,team_id,player_id,action_id,type_name,result_name,start_x,start_y,end_x,end_y,is_home,game_episode,phase
126457,1,29,2151.501,2354,61981,870,Carry,,22.978305,49.665976,28.001925,51.738276,True,126457_29,126457_60
126457,1,29,2154.0,2354,61981,871,Pass,Successful,28.001925,51.738276,19.435080000000003,64.7419024,True,126457_29,126457_60
