game_id,period_id,episode_id,time_seconds,team_id,player_id,action_id,type_name,result_name,start_x,start_y,end_x,end_y,is_home,game_episode,phase
126457,1,23,1724.133,2354,150850,667,Pass,Unsuccessful,1.397802,7.952804,31.496640000000003,11.787935999999997,True,126457_23,126457_42
126457,1,23,1731.6,4643,187253,672,Pass,Successful,64.678845,59.641032,67.92817500000001,55.58694,False,126457_23,126457_43
126457,1,23,1736.967,4643,187253,678,Pass,Successful,55.258770000000005,57.188408,46.092375,29.132492,False,126457_23,126457_43
