game_id,period_id,episode_id,time_seconds,team_id,player_id,action_id,type_name,result_name,start_x,start_y,end_x,end_y,is_home,game_episode,phase
126457,1,18,1260.6,4643,500117,560,Pass,Successful,59.796765,4.4760319999999965,63.165585,17.772275999999998,False,126457_18,126457_35
126457,1,18,1285.6,4643,187253,571,Pass,Successful,59.738175,12.273387999999995,68.96736,13.522752000000004,False,126457_18,126457_35
