game_id,period_id,episode_id,time_seconds,team_id,player_id,action_id,type_name,result_name,start_x,start_y,end_x,end_y,is_home,game_episode,phase
126457,1,17,1147.833,2354,358583,525,Pass,Unsuccessful,36.1914,65.3168696,33.66573,64.6745824,True,126457_17,126457_30
126457,1,17,1147.967,4643,528612,526,Block,,71.27683499999999,3.4953359999999947,71.27683499999999,3.4953359999999947,False,126457_17,126457_31
126457,1,17,1154.733,4643,500118,535,Interception,,76.527045,38.632432,76.527045,38.632432,False,126457_17,126457_33
126457,1,17,1154.734,4643,500118,536,Carry,,76.527045,38.632432,79.88295,42.77914,False,126457_17,126457_33
126457,1,17,1163.133,4643,500115,540,Pass,Successful,62.27403,55.418912,76.09245,44.110784,False,126457_17,126457_33
