game_id,period_id,episode_id,time_seconds,team_id,player_id,action_id,type_name,result_name,start_x,start_y,end_x,end_y,is_home,game_episode,phase
126307,1,6,316.467,4639,491810,154,Pass,Successful,41.1096,40.336444,13.646535,25.865568000000003,True,126307_6,126307_143
126307,1,6,333.267,4639,77828,164,Pass,Successful,25.1412,60.24188,35.888895000000005,54.44794,True,126307_6,126307_143
126307,1,6,336.40000000000003,4639,345446,167,Pass,Unsuccessful,42.900375,52.397944,83.8278,68.0,True,126307_6,126307_143
