game_id,period_id,episode_id,time_seconds,team_id,player_id,action_id,type_name,result_name,start_x,start_y,end_x,end_y,is_home,game_episode,phase
126307,2,76,2117.6000000000004,4639,491811,2286,Throw-In,Successful,78.674295,0.0,65.37678,4.996164,True,126307_76,126307_173
126307,2,76,2123.4660000000003,4639,491811,2290,Cross,Unsuccessful,76.64013,4.632840000000002,95.256315,31.315360000000005,True,126307_76,126307_173
