game_id,period_id,episode_id,time_seconds,team_id,player_id,action_id,type_name,result_name,start_x,start_y,end_x,end_y,is_home,game_episode,phase
126307,1,10,547.0,4220,354809,299,Recovery,,20.57874,66.6567756,20.57874,66.6567756,False,126307_10,126307_2
126307,1,10,557.768,4639,354806,316,Carry,,80.58603,6.085319999999996,76.38708,11.704228,True,126307_10,126307_5
126307,1,10,681.333,4639,491810,351,Pass,Successful,42.8757,37.93414,51.4164,44.541496,True,126307_10,126307_9
126307,1,10,686.067,4639,345445,356,Pass,Successful,67.36296,50.21494,60.036795000000005,53.074476,True,126307_10,126307_9
126307,1,10,691.668,4639,354806,360,Carry,,54.386115,36.091272,62.208195,39.4332,True,126307_10,126307_9
126307,1,10,706.734,4639,345445,368,Carry,,75.61533,61.304278,89.32728,57.967144000000005,True,126307_10,126307_9
