game_id,period_id,episode_id,time_seconds,team_id,player_id,action_id,type_name,result_name,start_x,start_y,end_x,end_y,is_home,game_episode,phase
126307,2,38,17.9670000000001,4220,215699,1522,Pass,Successful,30.51762,50.045008,33.238065000000006,40.670868,False,126307_38,126307_106
126307,2,38,42.88100000000011,4220,215699,1541,Carry,,40.90957499999999,48.664676,44.239965,52.776364,False,126307_38,126307_106
126307,2,38,44.09999999999991,4220,215699,1542,Pass,Successful,44.239965,52.776364,59.44995,66.3169932,False,126307_38,126307_106
126307,2,38,70.35500000000027,4220,215699,1560,Carry,,37.16475,45.577408000000005,41.707575,48.275036,False,126307_38,126307_106
126307,2,38,90.40000000000008,4220,500549,1573,Pass,Successful,56.741895,56.532616,61.82053500000001,49.01644,False,126307_38,126307_106
