game_id,period_id,episode_id,time_seconds,team_id,player_id,action_id,type_name,result_name,start_x,start_y,end_x,end_y,is_home,game_episode,phase
126389,1,8,566.801,4639,345446,308,Carry,,72.947175,64.9754416,69.04548000000001,65.9862344,False,126389_8,126389_264
126389,1,8,569.5,4646,61645,310,Tackle,Unsuccessful,35.43624,1.7768399999999929,35.43624,1.7768399999999929,True,126389_8,126389_265
126389,1,8,570.8679999999999,4639,77828,312,Carry,,49.20279,62.6163924,43.824795,59.616348,False,126389_8,126389_266
