game_id,period_id,episode_id,time_seconds,team_id,player_id,action_id,type_name,result_name,start_x,start_y,end_x,end_y,is_home,game_episode,phase
126389,1,20,1528.533,4646,61616,881,Pass,Unsuccessful,4.3732815,2.2440679999999986,46.871265,31.447212,True,126389_20,126389_45
126389,1,20,1541.8,4639,77845,889,Pass,Successful,49.8456,66.564758,48.32058,55.311608,False,126389_20,126389_46
126389,1,20,1555.733,4639,491810,902,Pass,Successful,47.095965,19.22292,53.011770000000006,27.847224000000004,False,126389_20,126389_48
