game_id,period_id,episode_id,time_seconds,team_id,player_id,action_id,type_name,result_name,start_x,start_y,end_x,end_y,is_home,game_episode,phase
126389,1,14,1092.967,4646,500460,627,Pass,Successful,5.203632000000001,35.007828,7.124145,45.015048,True,126389_14,126389_29
126389,1,14,1094.034,4646,188514,629,Carry,,7.124145,45.015048,7.9085055,48.26912,True,126389_14,126389_29
126389,1,14,1102.168,4646,188514,635,Carry,,27.9909,52.926916,28.24878,49.053704,True,126389_14,126389_29
126389,1,14,1116.5,4646,61645,650,Pass,Unsuccessful,62.11212,39.73886,70.677495,68.0,True,126389_14,126389_29
