game_id,period_id,episode_id,time_seconds,team_id,player_id,action_id,type_name,result_name,start_x,start_y,end_x,end_y,is_home,game_episode,phase
126389,2,46,1103.3000000000002,4646,356603,2391,Tackle,Unsuccessful,31.66191,5.713971999999998,31.66191,5.713971999999998,True,126389_46,126389_161
126389,2,46,1105.168,4639,188342,2394,Carry,,79.5648,61.9073632,91.58478,54.356344,False,126389_46,126389_162
126389,2,46,1130.9,4639,77828,2413,Pass,Successful,50.74314,56.3006,60.631935000000006,65.5517008,False,126389_46,126389_164
126389,2,46,1150.068,4639,187316,2426,Carry,,38.458035,14.521128000000004,50.0829,11.708784,False,126389_46,126389_164
126389,2,46,1227.467,4646,356596,2464,Recovery,,44.285115,18.88598,44.285115,18.88598,True,126389_46,126389_167
126389,2,46,1237.534,4639,142258,2471,Carry,,4.026224999999997,49.544528,12.98451,40.194188,False,126389_46,126389_168
126389,2,46,1276.799,4639,491810,2492,Pass,Successful,35.05046999999999,15.907172000000005,37.927155,6.339096000000005,False,126389_46,126389_168
126389,2,46,1278.034,4639,187316,2494,Carry,,37.927155,6.339096000000005,43.19322,6.700788000000003,False,126389_46,126389_168
