,game_id,period_id,episode_id,time_seconds,team_id,player_id,action_id,type_name,result_name,start_x,start_y,end_x,end_y,is_home,game_episode,phase
0,153384,1,20,943.733,4657,500480,439,Pass_Corner,Unsuccessful,104.6661,0.4632840000000016,98.264145,27.366736000000003,False,153384_20,153384_79
1,153384,1,20,945.033,4646,161122,440,Duel,Successful,6.5072595,39.759192,6.5072595,39.759192,True,153384_20,153384_80
2,153384,1,20,945.033,4646,161122,441,Interception,,6.5072595,39.759192,6.5072595,39.759192,True,153384_20,153384_80
3,153384,1,20,945.033,4646,161122,442,Clearance,,6.5072595,39.759192,32.492985000000004,48.5639,True,153384_20,153384_80
4,153384,1,20,948.1,4657,500478,443,Recovery,,72.507015,19.4361,88.20955500000001,4.638620000000003,False,153384_20,153384_81
5,153384,1,20,948.1,4657,500478,444,Pass,Successful,72.507015,19.4361,,,False,153384_20,153384_81
