game_id,period_id,episode_id,time_seconds,team_id,player_id,action_id,type_name,result_name,start_x,start_y,end_x,end_y,is_home,game_episode,phase
126382,2,81,3053.8730000000005,2354,344560,3224,Pass,Successful,35.955255,49.105588,35.942654999999995,18.889516,True,126382_81,126382_277
126382,2,81,3059.6270000000004,2354,500152,3229,Carry,,63.818265,6.209555999999999,83.71797,16.579623999999995,True,126382_81,126382_277
