game_id,period_id,episode_id,time_seconds,team_id,player_id,action_id,type_name,result_name,start_x,start_y,end_x,end_y,is_home,game_episode,phase
126382,2,44,121.2710000000002,2354,150850,1668,Pass_Freekick,Unsuccessful,39.263385,6.681748000000006,97.715205,19.977584,True,126382_44,126382_125
126382,2,44,178.20000000000027,316,500126,1709,Pass,Successful,64.043175,17.657968000000004,21.689850000000007,21.365939999999995,False,126382_44,126382_128
126382,2,44,193.0039999999999,316,248886,1716,Pass,Successful,37.410030000000006,48.941436,44.27031,64.913548,False,126382_44,126382_128
126382,2,44,198.0080000000003,316,503173,1718,Pass,Successful,43.93263,63.6239144,31.215975,51.522580000000005,False,126382_44,126382_128
126382,2,44,206.66600000000017,316,248886,1727,Pass,Successful,22.868055,46.364168,26.94194999999999,18.469344,False,126382_44,126382_128
