game_id,period_id,episode_id,time_seconds,team_id,player_id,action_id,type_name,result_name,start_x,start_y,end_x,end_y,is_home,game_episode,phase
126382,2,48,434.3430000000001,2354,150850,1855,Carry,,31.175865,21.219536,43.586655,11.484928000000004,True,126382_48,126382_139
126382,2,48,444.7000000000003,316,344468,1863,Pass,Unsuccessful,37.34976,63.3187304,38.200050000000005,62.696204,False,126382_48,126382_140
