game_id,period_id,episode_id,time_seconds,team_id,player_id,action_id,type_name,result_name,start_x,start_y,end_x,end_y,is_home,game_episode,phase
126382,1,4,161.20100000000002,316,407441,64,Carry,,35.31328500000001,20.009544,36.374625,24.90262,False,126382_4,126382_122
126382,1,4,162.067,316,407441,65,Pass,Successful,36.374625,24.90262,44.189775,55.429656,False,126382_4,126382_122
