game_id,period_id,episode_id,time_seconds,team_id,player_id,action_id,type_name,result_name,start_x,start_y,end_x,end_y,is_home,game_episode,phase
126382,2,80,2963.424,2354,150850,3175,Carry,,12.389685,13.434079999999994,42.055755000000005,1.6816400000000016,True,126382_80,126382_271
126382,2,80,2984.967000000001,2354,61981,3186,Pass,Successful,55.19136,47.5167,65.14231500000001,39.239604,True,126382_80,126382_273
126382,2,80,2987.8680000000004,2354,215806,3190,Carry,,59.91929999999999,23.420356,77.08848,38.930068,True,126382_80,126382_273
126382,2,80,3003.267,316,344468,3194,Tackle,Unsuccessful,15.066869999999994,55.330036,15.066869999999994,55.330036,False,126382_80,126382_274
