game_id,period_id,episode_id,time_seconds,team_id,player_id,action_id,type_name,result_name,start_x,start_y,end_x,end_y,is_home,game_episode,phase
126382,2,78,2804.2,316,344468,3092,Clearance,,3.565863000000008,55.309092,4.590789000000001,14.660596000000004,False,126382_78,126382_258
126382,2,78,2815.782,316,501836,3098,Pass,Successful,19.680255,14.922532000000004,6.093800999999999,7.889428000000002,False,126382_78,126382_258
126382,2,78,2868.6490000000003,316,501836,3137,Pass,Successful,60.697035,51.912356,70.588875,53.425424,False,126382_78,126382_260
126382,2,78,2873.3,316,501836,3146,Pass,Successful,69.56691,48.402876000000006,69.668655,54.90252,False,126382_78,126382_260
