game_id,period_id,episode_id,time_seconds,team_id,player_id,action_id,type_name,result_name,start_x,start_y,end_x,end_y,is_home,game_episode,phase
126382,1,34,2635.282,316,503173,1396,Carry,,37.41916499999999,6.799523999999998,41.86875,12.254756,False,126382_34,126382_104
126382,1,34,2670.1,2354,215806,1418,Pass,Unsuccessful,19.573575,3.2805919999999986,41.680695,5.018264000000002,True,126382_34,126382_105
126382,1,34,2673.247,316,188267,1420,Pass,Successful,62.99706,62.8968448,63.9975,49.010932,False,126382_34,126382_106
126382,1,34,2693.57,316,344467,1430,Pass,Unsuccessful,48.83256,15.18882,91.88592,4.026416000000005,False,126382_34,126382_106
126382,1,34,2699.8,2354,344559,1434,Pass,Unsuccessful,33.665310000000005,68.0,45.21195,60.870404,True,126382_34,126382_107
126382,1,34,2704.8,316,143410,1438,Recovery,,72.744525,29.58374,72.744525,29.58374,False,126382_34,126382_108
126382,1,34,2710.0,316,344471,1442,Pass,Unsuccessful,89.014065,48.50576,90.4449,48.46462,False,126382_34,126382_108
