game_id,period_id,episode_id,time_seconds,team_id,player_id,action_id,type_name,result_name,start_x,start_y,end_x,end_y,is_home,game_episode,phase
126382,2,57,1039.519,316,500129,2191,Carry,,48.055245,13.594491999999995,51.91641,14.439119999999996,False,126382_57,126382_182
126382,2,57,1070.1,316,344468,2218,Tackle,Successful,60.236610000000006,62.7483804,58.142805,61.215742,False,126382_57,126382_184
126382,2,57,1070.1,316,344468,2220,Pass,Successful,60.236610000000006,62.7483804,58.142805,61.215742,False,126382_57,126382_184
126382,2,57,1073.911,316,500129,2225,Pass,Successful,56.46564,46.954612,63.769650000000006,32.436204,False,126382_57,126382_184
