game_id,period_id,episode_id,time_seconds,team_id,player_id,action_id,type_name,result_name,start_x,start_y,end_x,end_y,is_home,game_episode,phase
126290,1,21,1215.3,4639,491801,774,Throw-In,Successful,80.40595499999999,0.0,86.0118,1.0177559999999914,True,126290_21,126290_64
126290,1,21,1216.1,4639,345444,776,Error,,86.0118,1.0177559999999914,86.0118,1.0177559999999914,True,126290_21,126290_64
126290,1,21,1216.767,4644,250076,777,Recovery,,16.65741,65.5212504,16.65741,65.5212504,False,126290_21,126290_65
126290,1,21,1216.768,4644,250076,778,Carry,,16.65741,65.5212504,40.07346,65.7837576,False,126290_21,126290_65
126290,1,21,1222.2,4644,250076,779,Pass,Successful,40.07346,65.7837576,36.564885,64.0424272,False,126290_21,126290_65
126290,1,21,1222.3,4639,345444,780,Tackle,Unsuccessful,64.948065,1.8839399999999955,64.948065,1.8839399999999955,True,126290_21,126290_66
126290,1,21,1224.033,4644,500505,782,Pass,Successful,36.42114000000001,64.7200608,36.08724000000001,65.7583936,False,126290_21,126290_67
