game_id,period_id,episode_id,time_seconds,team_id,player_id,action_id,type_name,result_name,start_x,start_y,end_x,end_y,is_home,game_episode,phase
126290,1,20,1121.567,4639,491801,726,Recovery,,61.89057,7.002504000000002,61.89057,7.002504000000002,True,126290_20,126290_62
126290,1,20,1122.0,4639,491801,727,Pass,Successful,61.15210499999999,7.474831999999999,45.271065,19.879188,True,126290_20,126290_62
126290,1,20,1156.367,4644,62112,746,Interception,,74.03655,48.617144,74.03655,48.617144,False,126290_20,126290_63
126290,1,20,1175.046,4639,250899,758,Pass,Successful,16.662135,28.189944,39.42813,30.651884000000003,True,126290_20,126290_64
