game_id,period_id,episode_id,time_seconds,team_id,player_id,action_id,type_name,result_name,start_x,start_y,end_x,end_y,is_home,game_episode,phase
126354,2,46,129.1835000000001,4639,187316,1654,Recovery,,9.7608945,25.54828,9.7608945,25.54828,True,126354_46,126354_171
126354,2,46,133.5999999999999,4639,345446,1658,Tackle,Unsuccessful,13.42173,17.34442,13.42173,17.34442,True,126354_46,126354_173
