game_id,period_id,episode_id,time_seconds,team_id,player_id,action_id,type_name,result_name,start_x,start_y,end_x,end_y,is_home,game_episode,phase
126354,1,14,867.2,4639,412018,512,Recovery,,25.522245,55.09632,36.723435,37.996156,True,126354_14,126354_33
126354,1,14,873.945,4639,345446,518,Carry,,32.072145000000006,44.368844,33.095475,38.481268,True,126354_14,126354_33
126354,1,14,874.033,4641,346042,519,Tackle,Unsuccessful,72.671865,24.133608,72.671865,24.133608,False,126354_14,126354_34
126354,1,14,883.767,4639,407605,526,Pass,Successful,35.5215,35.6847,26.3088,43.994912,True,126354_14,126354_35
