game_id,period_id,episode_id,time_seconds,team_id,player_id,action_id,type_name,result_name,start_x,start_y,end_x,end_y,is_home,game_episode,phase
126354,2,60,1183.967,4639,77828,2150,Duel,Successful,7.350493500000001,36.462484,7.350493500000001,36.462484,True,126354_60,126354_225
126354,2,60,1190.468,4641,215816,2158,Carry,,96.88287,5.919399999999996,101.8955175,15.216291999999996,False,126354_60,126354_226
126354,2,60,1196.219,4639,412018,2165,Pass,Successful,14.509005,64.0769372,9.038484,58.860528,True,126354_60,126354_227
126354,2,60,1203.1330000000005,4639,188342,2170,Pass,Successful,50.195355,26.767928000000005,63.290955,4.365395999999997,True,126354_60,126354_227
