game_id,period_id,episode_id,time_seconds,team_id,player_id,action_id,type_name,result_name,start_x,start_y,end_x,end_y,is_home,game_episode,phase
126354,1,13,705.2,4641,73228,426,Pass,Unsuccessful,74.91812999999999,28.528244,84.92463000000001,23.928724000000003,False,126354_13,126354_24
126354,1,13,711.134,4639,142258,433,Carry,,6.794760000000001,34.225896,11.36961,21.500784000000003,True,126354_13,126354_27
126354,1,13,722.766,4639,97086,436,Pass,Successful,36.00282,13.677791999999997,29.014335,15.238188,True,126354_13,126354_27
126354,1,13,752.968,4641,346042,461,Carry,,32.974515,53.576316,47.082105,50.297696,False,126354_13,126354_30
126354,1,13,755.9,4641,346042,462,Pass,Unsuccessful,47.082105,50.297696,59.82753,38.634812,False,126354_13,126354_30
126354,1,13,758.321,4639,77828,463,Recovery,,45.798375,29.547156,57.205365,37.918704000000005,True,126354_13,126354_31
126354,1,13,762.467,4639,412018,467,Pass,Successful,71.92017,45.350968,74.700465,41.566972,True,126354_13,126354_31
