game_id,period_id,episode_id,time_seconds,team_id,player_id,action_id,type_name,result_name,start_x,start_y,end_x,end_y,is_home,game_episode,phase
126295,2,37,131.5,4643,500113,1657,Pass_Freekick,Successful,49.58352,18.582836,38.662995,30.075516,False,126295_37,4215
126295,2,37,133.66799999999992,4643,500115,1659,Carry,,38.662995,30.075516,41.095635,38.649228,False,126295_37,4215
126295,2,37,136.0999999999999,4643,500115,1660,Pass,Successful,41.095635,38.649228,50.79564,62.4813308,False,126295_37,4215
