game_id,period_id,episode_id,time_seconds,team_id,player_id,action_id,type_name,result_name,start_x,start_y,end_x,end_y,is_home,game_episode,phase
126287,1,10,725.967,4643,187259,354,Throw-In,Successful,29.7192,0.0,29.239875,6.333179999999999,True,126287_10,1379
126287,1,10,727.567,4643,500118,356,Pass,Successful,29.15262,6.625715999999997,27.56985,1.8439559999999915,True,126287_10,1379
126287,1,10,728.767,4643,187259,358,Pass,Successful,27.56985,1.8439559999999915,30.547965,8.36468,True,126287_10,1379
126287,1,10,729.9,4643,500113,360,Pass,Unsuccessful,30.547965,8.36468,46.093635,0.2430999999999983,True,126287_10,1379
