game_id,period_id,episode_id,time_seconds,team_id,player_id,action_id,type_name,result_name,start_x,start_y,end_x,end_y,is_home,game_episode,phase
126286,2,47,444.1300000000001,4646,250148,1775,Throw-In,Successful,81.146205,0.0,76.0914,3.77127999999999,True,126286_47,1204
126286,2,47,445.618,4646,356603,1777,Pass,Successful,75.91447500000001,3.0338199999999915,78.788325,0.7114839999999987,True,126286_47,1204
126286,2,47,446.1679999999999,4646,250148,1779,Carry,,78.788325,0.7114839999999987,69.262935,2.401691999999997,True,126286_47,1204
126286,2,47,449.067,4646,250148,1780,Pass,Unsuccessful,69.262935,2.401691999999997,58.713585,0.0,True,126286_47,1204
