game_id,period_id,episode_id,time_seconds,team_id,player_id,action_id,type_name,result_name,start_x,start_y,end_x,end_y,is_home,game_episode,phase
126283,1,27,1982.6,2354,142109,1142,Pass_Freekick,Successful,17.120355,38.291548,21.909615,43.509188,True,126283_27,107
126283,1,27,1985.2,2354,250036,1144,Pass,Successful,23.950815,41.946208,30.52581,26.231952,True,126283_27,107
126283,1,27,1986.734,2354,500147,1146,Carry,,30.52581,26.231952,42.064785,21.388244,True,126283_27,107
126283,1,27,1992.7,2354,500147,1147,Pass,Unsuccessful,42.064785,21.388244,92.40252,30.27394,True,126283_27,107
126283,1,27,1996.567,4639,142258,1149,Catch,,12.590445000000004,38.27244,12.590445000000004,38.27244,False,126283_27,108
126283,1,27,1996.567,4639,142258,1150,Intervention,,12.590445000000004,38.27244,12.590445000000004,38.27244,False,126283_27,108
126283,1,27,1996.567,4639,142258,1151,Recovery,,12.590445000000004,38.27244,12.590445000000004,38.27244,False,126283_27,108
126283,1,27,1998.667,4639,142258,1152,Pass,Successful,14.488214999999997,37.01818,26.885144999999994,12.101280000000004,False,126283_27,108
126283,1,27,2001.168,4639,491810,1154,Carry,,26.885144999999994,12.101280000000004,34.30518000000001,8.357063999999994,False,126283_27,108
126283,1,27,2002.803,4639,491810,1155,Pass,Successful,34.30518000000001,8.357063999999994,66.2025,26.986411999999994,False,126283_27,108
126283,1,27,2004.768,4639,491802,1157,Carry,,66.2025,26.986411999999994,64.73901000000001,21.774756,False,126283_27,108
126283,1,27,2005.4,2354,500147,1158,Tackle,Unsuccessful,38.959095,41.741324000000006,38.959095,41.741324000000006,True,126283_27,109
126283,1,27,2006.353,4639,491802,1159,Pass,Unsuccessful,64.73901000000001,21.774756,57.84282,9.832256,False,126283_27,110
126283,1,27,2008.4,2354,500146,1160,Recovery,,47.59461,58.335364,41.105715,55.331396,True,126283_27,111
126283,1,27,2008.4,2354,500146,1161,Pass,Successful,47.59461,58.335364,41.105715,55.331396,True,126283_27,111
126283,1,27,2009.133,2354,250037,1163,Pass,Unsuccessful,41.105715,55.331396,50.350335,47.455704,True,126283_27,111
126283,1,27,2009.833,4639,188348,1164,Interception,,54.984195,20.19702,59.4384,13.384576000000004,False,126283_27,112
126283,1,27,2009.833,4639,188348,1165,Pass,Successful,54.984195,20.19702,59.4384,13.384576000000004,False,126283_27,112
