game_id,period_id,episode_id,time_seconds,team_id,player_id,action_id,type_name,result_name,start_x,start_y,end_x,end_y,is_home,game_episode,phase
126284,2,65,1576.8330000000003,4640,61913,2308,Throw-In,Unsuccessful,52.767645,68.0,74.79969,65.5551144,True,126284_65,573
126284,2,65,1578.6329999999998,4657,62633,2309,Interception,,29.92437000000001,2.505800000000008,41.073165,2.3555199999999985,False,126284_65,574
126284,2,65,1578.6329999999998,4657,62633,2310,Pass,Successful,29.92437000000001,2.505800000000008,41.073165,2.3555199999999985,False,126284_65,574
126284,2,65,1579.934,4657,187341,2312,Carry,,41.073165,2.3555199999999985,37.56081,1.200335999999993,False,126284_65,574
126284,2,65,1580.9669999999996,4657,187341,2313,Pass,Successful,37.56081,1.200335999999993,37.92432,7.012431999999997,False,126284_65,574
126284,2,65,1581.7009999999998,4657,500478,2315,Carry,,37.92432,7.012431999999997,40.60560000000001,5.109859999999998,False,126284_65,574
126284,2,65,1582.4669999999996,4640,215818,2316,Tackle,Unsuccessful,65.74039499999999,62.6970064,65.74039499999999,62.6970064,True,126284_65,575
126284,2,65,1582.5330000000004,4657,500478,2317,Pass,Unsuccessful,40.60560000000001,5.109859999999998,47.78445,2.350759999999994,False,126284_65,576
