game_id,period_id,episode_id,time_seconds,team_id,player_id,action_id,type_name,result_name,start_x,start_y,end_x,end_y,is_home,game_episode,phase
126286,2,74,2400.233,4220,500552,2815,Goal Kick,Unsuccessful,2.983197000000004,33.242072,61.975515,35.133152,False,126286_74,1313
126286,2,74,2403.8100000000004,4646,161122,2816,Interception,,42.650475,32.470476,42.650475,32.470476,True,126286_74,1314
126286,2,74,2403.8100000000004,4646,161122,2817,Clearance,,42.650475,32.470476,64.55547,31.338004,True,126286_74,1314
126286,2,74,2408.0290000000005,4646,356608,2818,Recovery,,64.55547,31.338004,59.225775,28.435832000000005,True,126286_74,1314
126286,2,74,2408.0290000000005,4646,356608,2819,Pass,Successful,64.55547,31.338004,59.225775,28.435832000000005,True,126286_74,1314
126286,2,74,2409.527,4646,250141,2821,Carry,,59.225775,28.435832000000005,57.886395,39.606192,True,126286_74,1314
126286,2,74,2411.871,4646,250141,2822,Pass,Successful,57.886395,39.606192,47.005665,44.917196,True,126286_74,1314
126286,2,74,2413.1670000000004,4646,161122,2824,Carry,,47.005665,44.917196,47.1261,41.37766,True,126286_74,1314
126286,2,74,2414.629,4646,161122,2825,Pass,Unsuccessful,47.1261,41.37766,83.803965,4.82732,True,126286_74,1314
