game_id,period_id,episode_id,time_seconds,team_id,player_id,action_id,type_name,result_name,start_x,start_y,end_x,end_y,is_home,game_episode,phase
126285,2,79,1923.8,316,344466,2289,Pass_Freekick,Successful,8.280636000000001,39.190848,61.29249,3.615424000000005,False,126285_79,935
126285,2,79,1927.8,316,139210,2291,Pass,Successful,61.088685,3.420807999999994,52.701915,3.943184000000002,False,126285_79,935
126285,2,79,1929.133,316,187326,2293,Pass,Successful,52.67388,4.302292000000001,60.500265,9.220460000000005,False,126285_79,935
126285,2,79,1930.433,316,500124,2295,Pass,Unsuccessful,60.755100000000006,7.700864000000003,91.848015,12.386607999999995,False,126285_79,935
126285,2,79,1933.3330000000003,4648,500133,2296,Recovery,,13.271895,55.798488,2.3143995,43.405556,True,126285_79,936
126285,2,79,1933.3330000000003,4648,500133,2297,Pass,Successful,13.271895,55.798488,2.3143995,43.405556,True,126285_79,936
126285,2,79,1934.867,4648,250079,2299,Pass,Unsuccessful,2.3143995,43.405556,30.435194999999997,68.0,True,126285_79,936
