game_id,period_id,episode_id,time_seconds,team_id,player_id,action_id,type_name,result_name,start_x,start_y,end_x,end_y,is_home,game_episode,phase
126291,2,82,3063.1000000000004,2354,61981,3045,Pass_Freekick,Successful,59.732715000000006,13.281488000000005,64.86627,2.519196000000008,False,126291_82,3060
126291,2,82,3064.5330000000004,2354,500152,3047,Pass,Successful,64.86627,2.519196000000008,72.33282000000001,0.2303160000000019,False,126291_82,3060
126291,2,82,3065.5330000000004,2354,150851,3049,Pass,Successful,72.33282000000001,0.2303160000000019,64.82080500000001,2.521507999999997,False,126291_82,3060
126291,2,82,3067.2,2354,500152,3051,Pass,Successful,64.84275000000001,2.4200519999999983,65.447025,0.5290399999999948,False,126291_82,3060
126291,2,82,3067.9010000000007,2354,150851,3053,Carry,,65.447025,0.5290399999999948,62.23371,0.1725840000000005,False,126291_82,3060
126291,2,82,3071.0,2354,150851,3054,Pass,Unsuccessful,62.23371,0.1725840000000005,67.20987000000001,0.0,False,126291_82,3060
