game_id,period_id,episode_id,time_seconds,team_id,player_id,action_id,type_name,result_name,start_x,start_y,end_x,end_y,is_home,game_episode,phase
126287,2,61,943.9,4643,85175,1880,Goal Kick,Successful,4.276398,28.29459600000001,7.521507,43.513336,True,126287_61,1595
126287,2,61,945.7680000000004,4643,500115,1882,Carry,,7.521507,43.513336,28.28952,43.66518,True,126287_61,1595
126287,2,61,955.5,4643,500115,1883,Pass,Successful,28.28952,43.66518,25.217745,24.113208,True,126287_61,1595
126287,2,61,959.2000000000004,4643,408792,1885,Pass,Successful,27.065745000000003,21.989432,36.338505000000005,13.150791999999996,True,126287_61,1595
126287,2,61,963.067,4643,500113,1887,Pass,Successful,37.394595,12.028247999999998,31.641645,20.493092,True,126287_61,1595
126287,2,61,964.2680000000004,4643,408792,1889,Carry,,31.641645,20.493092,36.544305,22.14658,True,126287_61,1595
126287,2,61,965.667,4643,408792,1890,Pass,Unsuccessful,36.544305,22.14658,80.08959,55.180096,True,126287_61,1595
