game_id,period_id,episode_id,time_seconds,team_id,player_id,action_id,type_name,result_name,start_x,start_y,end_x,end_y,is_home,game_episode,phase
126289,2,53,888.9500000000003,4640,354794,1847,Pass_Freekick,Unsuccessful,33.616275,10.890743999999998,80.88160500000001,27.135604,False,126289_53,2295
126289,2,53,891.6669999999999,4220,500527,1848,Interception,,23.728425,39.295092,23.728425,39.295092,True,126289_53,2296
126289,2,53,891.6669999999999,4220,500527,1849,Clearance,,23.728425,39.295092,41.71482,41.253832,True,126289_53,2296
126289,2,53,894.0,4640,500430,1850,Recovery,,63.28518,26.746168,62.47752,20.733267999999995,False,126289_53,2297
126289,2,53,894.0,4640,500430,1851,Pass,Successful,63.28518,26.746168,62.47752,20.733267999999995,False,126289_53,2297
126289,2,53,894.4670000000001,4640,61921,1853,Pass,Successful,62.47752,20.733267999999995,48.910785,31.532212,False,126289_53,2297
126289,2,53,896.5329999999999,4640,491834,1855,Pass,Successful,48.910785,31.532212,83.951175,26.00184,False,126289_53,2297
126289,2,53,898.9000000000001,4640,61932,1857,Pass,Successful,83.951175,26.00184,80.299275,30.447408000000003,False,126289_53,2297
