game_id,period_id,episode_id,time_seconds,team_id,player_id,action_id,type_name,result_name,start_x,start_y,end_x,end_y,is_home,game_episode,phase
126284,1,21,1417.833,4657,500478,770,Pass_Freekick,Successful,59.216640000000005,27.375236,60.259710000000005,14.782656000000005,False,126284_21,402
126284,1,21,1419.568,4657,500484,772,Carry,,60.259710000000005,14.782656000000005,68.05785,11.067271999999996,False,126284_21,402
126284,1,21,1423.333,4657,500484,773,Pass,Unsuccessful,68.05785,11.067271999999996,79.121175,16.695155999999997,False,126284_21,402
