game_id,period_id,episode_id,time_seconds,team_id,player_id,action_id,type_name,result_name,start_x,start_y,end_x,end_y,is_home,game_episode,phase
126295,1,26,2165.7,4643,500113,1190,Pass_Freekick,Successful,57.407805,22.262452000000003,55.73000999999999,37.722932,False,126295_26,4163
126295,1,26,2167.168,4643,500118,1192,Carry,,55.73000999999999,37.722932,54.71361,43.502388,False,126295_26,4163
126295,1,26,2170.733,4643,500118,1193,Pass,Successful,54.71361,43.502388,47.590305,20.330708,False,126295_26,4163
126295,1,26,2173.233,4643,413926,1195,Pass,Successful,47.68113,18.131384000000004,56.357805,1.5387719999999945,False,126295_26,4163
126295,1,26,2175.567,4643,187259,1197,Pass,Successful,55.832595,2.716803999999996,55.543005,17.962268,False,126295_26,4163
126295,1,26,2176.668,4643,500113,1199,Carry,,55.543005,17.962268,54.708255,23.040236,False,126295_26,4163
126295,1,26,2177.867,4643,500113,1200,Pass,Unsuccessful,54.708255,23.040236,75.55905,68.0,False,126295_26,4163
