game_id,period_id,episode_id,time_seconds,team_id,player_id,action_id,type_name,result_name,start_x,start_y,end_x,end_y,is_home,game_episode,phase
126288,1,14,766.433,4644,62082,350,Goal Kick,Unsuccessful,5.144853,28.93366,73.701705,34.037808,True,126288_14,1755
126288,1,14,770.5,2353,356614,351,Interception,,31.531395000000003,33.636404,31.531395000000003,33.636404,False,126288_14,1756
126288,1,14,770.5,2353,356614,352,Clearance,,31.531395000000003,33.636404,43.012515,31.320256,False,126288_14,1756
126288,1,14,771.867,4644,412005,353,Duel,Successful,61.655895,35.715232,61.655895,35.715232,True,126288_14,1757
126288,1,14,771.867,4644,412005,354,Recovery,,61.655895,35.715232,61.655895,35.715232,True,126288_14,1757
126288,1,14,771.8679999999999,4644,412005,355,Carry,,61.655895,35.715232,64.75685999999999,36.931548,True,126288_14,1757
126288,1,14,772.867,4644,412005,356,Pass,Successful,64.75685999999999,36.931548,68.12452499999999,44.382172,True,126288_14,1757
