game_id,period_id,episode_id,time_seconds,team_id,player_id,action_id,type_name,result_name,start_x,start_y,end_x,end_y,is_home,game_episode,phase
126310,1,9,482.7,2353,356623,233,Throw-In,Successful,91.950495,0.0,89.02288499999999,4.471271999999999,False,126310_9,8681
126310,1,9,484.2,2353,356610,235,Pass,Successful,89.397105,4.918780000000005,90.53394,0.9438399999999944,False,126310_9,8681
126310,1,9,485.867,2353,356623,237,Pass,Successful,89.25273,1.846199999999996,87.90537,12.773255999999996,False,126310_9,8681
