game_id,period_id,episode_id,time_seconds,team_id,player_id,action_id,type_name,result_name,start_x,start_y,end_x,end_y,is_home,game_episode,phase
126382,2,60,1225.667,2354,61981,2271,Goal Kick,Successful,5.3728395,41.284976,5.568181500000001,31.706496,True,126382_60,31041
126382,2,60,1228.9700000000005,2354,142109,2273,Pass,Successful,6.2736345,30.736136,17.32815,31.35514,True,126382_60,31041
126382,2,60,1229.967,2354,500145,2275,Pass,Successful,17.32815,31.35514,8.346177,14.506099999999996,True,126382_60,31041
126382,2,60,1231.756,2354,150850,2277,Carry,,8.346177,14.506099999999996,13.33773,7.118443999999997,True,126382_60,31041
126382,2,60,1234.625,2354,150850,2278,Pass,Unsuccessful,13.33773,7.118443999999997,55.212885,0.0,True,126382_60,31041
