game_id,period_id,episode_id,time_seconds,team_id,player_id,action_id,type_name,result_name,start_x,start_y,end_x,end_y,is_home,game_episode,phase
126326,2,103,3197.1000000000004,4220,287282,2963,Throw-In,Successful,51.114945,0.0,60.48798,2.766307999999995,True,126326_103,14184
126326,2,103,3198.1000000000004,4220,252489,2965,Pass,Unsuccessful,60.48798,2.766307999999995,64.84443,0.0,True,126326_103,14184
