game_id,period_id,episode_id,time_seconds,team_id,player_id,action_id,type_name,result_name,start_x,start_y,end_x,end_y,is_home,game_episode,phase
126330,2,67,986.433,4657,250167,1756,Goal Kick,Successful,4.860849000000002,41.043984,62.8131,57.89452,False,126330_67,15331
126330,2,67,989.833,4657,505723,1757,Duel,Successful,62.8131,57.89452,62.8131,57.89452,False,126330_67,15331
126330,2,67,989.834,4657,505723,1759,Carry,,62.8131,57.89452,49.09884,53.995604,False,126330_67,15331
126330,2,67,990.917,4657,505723,1760,Intervention,,49.09884,53.995604,49.09884,53.995604,False,126330_67,15331
126330,2,67,992.0,4644,500507,1761,Recovery,,55.90116,14.004396,68.71284,5.966456000000001,True,126330_67,15332
126330,2,67,992.0,4644,500507,1762,Pass,Successful,55.90116,14.004396,68.71284,5.966456000000001,True,126330_67,15332
