game_id,period_id,episode_id,time_seconds,team_id,player_id,action_id,type_name,result_name,start_x,start_y,end_x,end_y,is_home,game_episode,phase
126330,2,86,2115.433,4644,250076,2275,Throw-In,Successful,102.047505,68.0,90.75591,64.6999464,True,126330_86,15386
126330,2,86,2117.633,4644,250075,2277,Pass,Successful,88.322955,64.986988,90.234375,66.0281496,True,126330_86,15386
126330,2,86,2117.933,4657,500486,2278,Tackle,Unsuccessful,16.536659999999998,3.6247400000000023,16.536659999999998,3.6247400000000023,False,126330_86,15387
126330,2,86,2118.534000000001,4644,250076,2280,Carry,,90.234375,66.0281496,81.966885,63.4348132,True,126330_86,15388
126330,2,86,2121.7,4644,250076,2281,Pass,Successful,81.966885,63.4348132,86.5305,59.279204,True,126330_86,15388
126330,2,86,2122.867,4644,250075,2283,Pass,Unsuccessful,86.5305,59.279204,77.627445,67.896164,True,126330_86,15388
