game_id,period_id,episode_id,time_seconds,team_id,player_id,action_id,type_name,result_name,start_x,start_y,end_x,end_y,is_home,game_episode,phase
126391,1,6,419.6,4220,287282,123,Throw-In,Successful,82.537245,0.0,52.585785,16.588668,True,126391_6,33454
126391,1,6,423.367,4220,500547,125,Pass,Successful,52.585785,16.588668,46.298805,35.281664,True,126391_6,33454
126391,1,6,424.967,4220,500527,127,Pass,Successful,46.298805,35.281664,17.30883,32.914584,True,126391_6,33454
126391,1,6,427.634,4220,500552,129,Carry,,17.30883,32.914584,16.424415,27.741620000000005,True,126391_6,33454
126391,1,6,429.556,4220,500552,130,Pass,Unsuccessful,16.424415,27.741620000000005,65.857365,0.3140960799999988,True,126391_6,33454
