game_id,period_id,episode_id,time_seconds,team_id,player_id,action_id,type_name,result_name,start_x,start_y,end_x,end_y,is_home,game_episode,phase
126346,1,6,294.233,2353,356614,168,Throw-In,Successful,97.490505,0.0,97.204695,19.31438,True,126346_6,20113
126346,1,6,295.833,2353,356625,169,Duel,Successful,97.204695,19.31438,97.204695,19.31438,True,126346_6,20113
126346,1,6,295.767,4646,188514,170,Tackle,Unsuccessful,7.809647999999996,49.489516,7.809647999999996,49.489516,False,126346_6,20114
126346,1,6,295.834,2353,356625,172,Carry,,97.204695,19.31438,93.68016,18.103164,True,126346_6,20115
126346,1,6,297.033,4646,109160,173,Tackle,Unsuccessful,11.101650000000006,52.111936,11.101650000000006,52.111936,False,126346_6,20116
126346,1,6,298.467,4646,109160,174,Intervention,,11.31984,49.896836,11.31984,49.896836,False,126346_6,20116
126346,1,6,299.467,4646,146189,176,Clearance,,13.350435000000004,48.26096,60.97308,61.961124000000005,False,126346_6,20116
126346,1,6,305.0,2353,500569,177,Recovery,,44.02692,6.038875999999995,17.07132,28.707492,True,126346_6,20117
126346,1,6,305.0,2353,500569,178,Pass,Successful,44.02692,6.038875999999995,17.07132,28.707492,True,126346_6,20117
126346,1,6,309.633,2353,356626,180,Pass,Successful,16.17357,29.4593,28.33362,27.322468,True,126346_6,20117
126346,1,6,311.033,2353,500561,182,Pass,Successful,28.33362,27.322468,24.49419,2.5638720000000035,True,126346_6,20117
126346,1,6,313.534,2353,500569,184,Carry,,24.49419,2.5638720000000035,26.772795,0.0,True,126346_6,20117
126346,1,6,314.733,2353,500569,185,Pass,Successful,26.772795,0.0,64.04138999999999,13.951628,True,126346_6,20117
