game_id,period_id,episode_id,time_seconds,team_id,player_id,action_id,type_name,result_name,start_x,start_y,end_x,end_y,is_home,game_episode,phase
126361,2,74,3269.233,4640,354794,2903,Goal Kick,Successful,5.918115,41.81388,68.46441,50.76574,True,126361_74,25134
126361,2,74,3274.267,4640,503223,2905,Pass,Successful,68.46441,50.76574,80.694075,57.4345,True,126361_74,25134
126361,2,74,3275.701,4640,77520,2907,Carry,,80.694075,57.4345,93.61821,60.227668,True,126361_74,25134
126361,2,74,3279.9000000000005,4640,77520,2908,Pass,Successful,93.61821,60.227668,101.53248,59.114508,True,126361_74,25134
