game_id,period_id,episode_id,time_seconds,team_id,player_id,action_id,type_name,result_name,start_x,start_y,end_x,end_y,is_home,game_episode,phase
126324,2,60,1580.067,4644,62082,2430,Goal Kick,Unsuccessful,5.4082454999999925,41.705216,57.009225,60.052908,False,126324_60,13429
126324,2,60,1583.6670000000004,4646,250147,2431,Interception,,47.77248,8.269276000000005,47.77248,8.269276000000005,True,126324_60,13430
126324,2,60,1583.6670000000004,4646,250147,2432,Clearance,,47.77248,8.269276000000005,57.17313,9.378832000000004,True,126324_60,13430
126324,2,60,1584.9669999999996,4644,325355,2433,Recovery,,47.82687,58.621168,47.82687,58.621168,False,126324_60,13431
126324,2,60,1584.9679999999996,4644,325355,2434,Carry,,47.82687,58.621168,45.216465,61.068012,False,126324_60,13431
126324,2,60,1586.5330000000004,4644,325355,2435,Pass,Successful,45.216465,61.068012,46.20189,66.155228,False,126324_60,13431
126324,2,60,1589.5330000000004,4644,250076,2437,Pass,Unsuccessful,48.30378,67.1484156,61.510575,56.541184,False,126324_60,13431
