game_id,period_id,episode_id,time_seconds,team_id,player_id,action_id,type_name,result_name,start_x,start_y,end_x,end_y,is_home,game_episode,phase
126308,2,90,3117.8,2354,61979,2904,Throw-In,Successful,34.501949999999994,68.0,27.08748,64.5090092,False,126308_90,8336
126308,2,90,3119.467000000001,2354,500153,2906,Pass,Successful,27.72073499999999,63.875086,28.67014499999999,46.122088,False,126308_90,8336
126308,2,90,3122.001,2354,500147,2908,Carry,,28.67014499999999,46.122088,32.45634,45.790588,False,126308_90,8336
126308,2,90,3123.367,2354,500147,2909,Pass,Successful,32.45634,45.790588,48.97725,64.0226732,False,126308_90,8336
126308,2,90,3125.201,2354,61979,2911,Carry,,48.97725,64.0226732,52.67136,65.972342,False,126308_90,8336
126308,2,90,3126.8330000000005,2354,61979,2912,Pass,Successful,52.67136,65.972342,75.493005,27.77562,False,126308_90,8336
126308,2,90,3129.133,2354,61981,2914,Pass,Unsuccessful,75.493005,27.77562,89.60133,43.286012,False,126308_90,8336
