game_id,period_id,episode_id,time_seconds,team_id,player_id,action_id,type_name,result_name,start_x,start_y,end_x,end_y,is_home,game_episode,phase
126319,2,46,321.067,4648,62386,1674,Throw-In,Successful,42.49266,0.5123120000000085,24.989055000000008,6.8143480000000025,False,126319_46,11830
126319,2,46,323.068,4648,250106,1676,Carry,,24.989055000000008,6.8143480000000025,28.452690000000004,9.906171999999998,False,126319_46,11830
126319,2,46,324.8670000000002,4648,250106,1677,Pass,Successful,28.452690000000004,9.906171999999998,37.447410000000005,18.09684,False,126319_46,11830
126319,2,46,325.9680000000001,4648,250101,1679,Carry,,37.447410000000005,18.09684,36.34848,21.947408000000003,False,126319_46,11830
126319,2,46,327.13300000000027,4648,250101,1680,Pass,Successful,36.34848,21.947408000000003,31.166625,43.032916,False,126319_46,11830
126319,2,46,329.1679999999999,4648,250108,1682,Carry,,31.166625,43.032916,34.58794499999999,44.953100000000006,False,126319_46,11830
126319,2,46,330.567,4648,250108,1683,Pass,Unsuccessful,34.58794499999999,44.953100000000006,46.02591,57.095384,False,126319_46,11830
126319,2,46,331.567,4640,500430,1684,Interception,,58.21074,10.562508,58.21074,10.562508,True,126319_46,11831
126319,2,46,331.568,4640,500430,1685,Carry,,58.21074,10.562508,88.22688,6.457756000000003,True,126319_46,11831
126319,2,46,336.1669999999999,4640,500430,1686,Pass,Unsuccessful,88.22688,6.457756000000003,86.32564500000001,22.245384,True,126319_46,11831
126319,2,46,337.0999999999999,4648,77414,1687,Recovery,,18.768435,44.347628,28.84938,58.05908,False,126319_46,11832
126319,2,46,337.0999999999999,4648,77414,1688,Pass,Successful,18.768435,44.347628,28.84938,58.05908,False,126319_46,11832
