game_id,period_id,episode_id,time_seconds,team_id,player_id,action_id,type_name,result_name,start_x,start_y,end_x,end_y,is_home,game_episode,phase
126345,2,75,2442.9000000000005,4220,252489,2319,Pass,Successful,52.82466,32.61144,40.46217,32.305304,True,126345_75,20039
126345,2,75,2444.907,4220,354812,2321,Pass,Successful,41.39184,31.853444,38.296545,14.3106,True,126345_75,20039
126345,2,75,2446.5370000000003,4220,287282,2323,Carry,,38.296545,14.3106,53.24634,8.695976000000002,True,126345_75,20039
126345,2,75,2450.5,4220,287282,2324,Pass,Unsuccessful,53.24634,8.695976000000002,74.769345,40.26552,True,126345_75,20039
126345,2,75,2452.967000000001,4643,145673,2325,Duel,Successful,21.623490000000004,38.570620000000005,21.623490000000004,38.570620000000005,False,126345_75,20040
126345,2,75,2454.633,4643,343590,2326,Recovery,,30.230655,27.73448,30.230655,27.73448,False,126345_75,20040
126345,2,75,2455.867,4643,343590,2327,Pass,Successful,32.744775000000004,27.006472,43.980405,28.321592000000003,False,126345_75,20040
126345,2,75,2457.8,4643,410634,2329,Pass,Unsuccessful,44.77662,28.49676,85.56597000000001,50.723784,False,126345_75,20040
