game_id,period_id,episode_id,time_seconds,team_id,player_id,action_id,type_name,result_name,start_x,start_y,end_x,end_y,is_home,game_episode,phase
126324,2,78,2754.0,4646,356599,2961,Throw-In,Successful,88.29744,68.0,70.96383,64.1979024,True,126324_78,13498
126324,2,78,2757.6670000000004,4646,161122,2963,Cross,Successful,71.468565,61.6803112,91.824075,36.714288,True,126324_78,13498
126324,2,78,2759.233,4646,61645,2965,Shot,On Target,91.824075,36.714288,105.0,33.867439168,True,126324_78,13498
126324,2,78,2760.3,4644,62082,2966,Catch,,1.085678999999999,35.17198,1.085678999999999,35.17198,False,126324_78,13499
126324,2,78,2762.0330000000004,4644,62082,2967,Pass,Successful,7.038979499999996,38.303244,22.924755000000005,55.77632,False,126324_78,13499
126324,2,78,2764.268,4644,250076,2969,Carry,,22.924755000000005,55.77632,42.93639,63.3716752,False,126324_78,13499
126324,2,78,2767.5330000000004,4644,250076,2970,Pass,Successful,42.93639,63.3716752,53.427465,55.413608,False,126324_78,13499
126324,2,78,2769.767,4644,342722,2972,Pass,Successful,52.669365,56.69024,57.16011,66.2106004,False,126324_78,13499
126324,2,78,2770.5,4644,250076,2974,Pass,Successful,57.16011,66.2106004,67.25659499999999,65.1327596,False,126324_78,13499
