game_id,period_id,episode_id,time_seconds,team_id,player_id,action_id,type_name,result_name,start_x,start_y,end_x,end_y,is_home,game_episode,phase
126387,2,81,2183.4000000000005,2353,356626,2437,Goal Kick,Successful,3.5850044999999966,27.741824,82.99084500000001,9.278396,False,126387_81,32537
126387,2,81,2188.933,2353,526921,2438,Duel,Successful,82.99084500000001,9.278396,82.99084500000001,9.278396,False,126387_81,32537
126387,2,81,2188.934,2353,526921,2440,Carry,,82.99084500000001,9.278396,94.958031,8.412484,False,126387_81,32537
126387,2,81,2191.424,4643,145673,2441,Duel,Successful,10.041969,59.587516,10.041969,59.587516,True,126387_81,32538
126387,2,81,2191.424,4643,145673,2442,Intervention,,10.041969,59.587516,10.041969,59.587516,True,126387_81,32538
126387,2,81,2191.424,4643,145673,2443,Recovery,,10.041969,59.587516,10.041969,59.587516,True,126387_81,32538
126387,2,81,2191.425,4643,145673,2444,Carry,,10.041969,59.587516,3.3592230000000005,63.254178,True,126387_81,32538
126387,2,81,2194.973,4643,145673,2445,Pass,Unsuccessful,3.3592230000000005,63.254178,55.67058,68.0,True,126387_81,32538
