game_id,period_id,episode_id,time_seconds,team_id,player_id,action_id,type_name,result_name,start_x,start_y,end_x,end_y,is_home,game_episode,phase
126372,2,66,2406.3330000000005,4643,500115,2657,Pass_Freekick,Unsuccessful,35.529585,66.0099664,76.941585,18.411204,True,126372_66,28373
126372,2,66,2409.5330000000004,4640,491834,2658,Interception,,28.595384999999997,47.874516,38.97778500000001,50.964776,False,126372_66,28374
126372,2,66,2409.5330000000004,4640,491834,2659,Pass,Successful,28.595384999999997,47.874516,38.97778500000001,50.964776,False,126372_66,28374
