game_id,period_id,episode_id,time_seconds,team_id,player_id,action_id,type_name,result_name,start_x,start_y,end_x,end_y,is_home,game_episode,phase
126303,1,24,1249.467,4639,187316,656,Throw-In,Successful,40.8219,0.0,53.93975999999999,7.337336,False,126303_24,6647
126303,1,24,1250.868,4639,250901,658,Carry,,53.93975999999999,7.337336,57.023715,5.717644,False,126303_24,6647
126303,1,24,1251.633,4639,250901,659,Pass,Successful,57.023715,5.717644,86.52199499999999,2.279904000000002,False,126303_24,6647
126303,1,24,1255.634,4639,345444,661,Carry,,86.52199499999999,2.279904000000002,82.37838,3.351516000000004,False,126303_24,6647
126303,1,24,1259.2,4639,345444,662,Pass,Successful,82.37838,3.351516000000004,80.85063,7.757984,False,126303_24,6647
126303,1,24,1260.0,4639,250901,664,Pass,Unsuccessful,80.85063,7.757984,89.93827499999999,13.910827999999997,False,126303_24,6647
