game_id,period_id,episode_id,time_seconds,team_id,player_id,action_id,type_name,result_name,start_x,start_y,end_x,end_y,is_home,game_episode,phase
126365,1,29,2230.6,4644,250055,1282,Throw-In,Successful,0.0,0.0,9.1597485,3.492615999999998,True,126365_29,26113
126365,1,29,2231.567,4644,500507,1284,Pass,Successful,9.1597485,3.492615999999998,1.9026735,1.285063999999991,True,126365_29,26113
126365,1,29,2232.534,4644,250055,1286,Carry,,1.9026735,1.285063999999991,1.4935200000000035,7.805379999999999,True,126365_29,26113
126365,1,29,2235.333,4643,500121,1287,Intervention,,103.50648,60.19462,103.50648,60.19462,False,126365_29,26114
126365,1,29,2236.6,4643,410634,1288,Duel,Successful,104.27571,55.658748,97.72539,52.794656,False,126365_29,26114
126365,1,29,2236.6,4643,410634,1289,Recovery,,104.27571,55.658748,97.72539,52.794656,False,126365_29,26114
126365,1,29,2236.6,4643,410634,1290,Pass,Successful,104.27571,55.658748,97.72539,52.794656,False,126365_29,26114
