game_id,period_id,episode_id,time_seconds,team_id,player_id,action_id,type_name,result_name,start_x,start_y,end_x,end_y,is_home,game_episode,phase
126344,2,56,919.573,4639,250902,1859,Throw-In,Successful,90.47892,0.0,66.98055,3.077272000000008,True,126344_56,19663
126344,2,56,922.2010000000002,4639,187316,1861,Carry,,66.98055,3.077272000000008,73.585785,8.427443999999994,True,126344_56,19663
126344,2,56,927.067,4639,187316,1862,Pass,Successful,73.585785,8.427443999999994,82.753965,13.752116,True,126344_56,19663
126344,2,56,928.1800000000004,4639,345445,1864,Pass,Successful,82.753965,13.752116,77.72079000000001,17.040664,True,126344_56,19663
126344,2,56,930.0280000000002,4639,354806,1866,Pass,Unsuccessful,79.78425,18.762288000000005,91.235025,48.289316,True,126344_56,19663
126344,2,56,932.1330000000004,4640,500430,1867,Interception,,13.352010000000009,20.036880000000004,3.872820000000005,26.091192,False,126344_56,19664
126344,2,56,932.1330000000004,4640,500430,1868,Pass,Successful,13.352010000000009,20.036880000000004,3.872820000000005,26.091192,False,126344_56,19664
126344,2,56,933.8680000000002,4640,354794,1870,Carry,,3.872820000000005,26.091192,15.262694999999994,19.992748,False,126344_56,19664
126344,2,56,937.8000000000002,4640,354794,1871,Pass,Unsuccessful,15.262694999999994,19.992748,83.47983,11.078083999999995,False,126344_56,19664
