game_id,period_id,episode_id,time_seconds,team_id,player_id,action_id,type_name,result_name,start_x,start_y,end_x,end_y,is_home,game_episode,phase
126354,1,33,2148.545,4639,345444,1229,Throw-In,Successful,86.84088,0.0,69.65616,3.7046399999999977,True,126354_33,22800
126354,1,33,2150.776,4639,187316,1231,Pass,Successful,69.65616,3.7046399999999977,24.50805,15.136868000000009,True,126354_33,22800
126354,1,33,2157.939,4639,491810,1233,Pass,Successful,24.50805,15.136868000000009,11.19972,43.724816,True,126354_33,22800
126354,1,33,2160.5150000000003,4639,142258,1235,Carry,,11.19972,43.724816,13.263180000000002,40.46408,True,126354_33,22800
126354,1,33,2163.433,4639,142258,1236,Pass,Unsuccessful,13.263180000000002,40.46408,53.8776,57.735944,True,126354_33,22800
126354,1,33,2166.167,4641,187313,1237,Duel,Successful,41.89941,28.094812000000005,41.89941,28.094812000000005,False,126354_33,22801
126354,1,33,2168.567,4641,413677,1238,Recovery,,51.1224,10.264056000000004,51.1224,10.264056000000004,False,126354_33,22801
126354,1,33,2168.568,4641,413677,1239,Carry,,51.1224,10.264056000000004,57.353100000000005,14.181400000000004,False,126354_33,22801
126354,1,33,2171.433,4641,413677,1240,Pass,Unsuccessful,57.353100000000005,14.181400000000004,73.69761,26.786152,False,126354_33,22801
