game_id,period_id,episode_id,time_seconds,team_id,player_id,action_id,type_name,result_name,start_x,start_y,end_x,end_y,is_home,game_episode,phase
126370,2,50,158.5,4641,250965,1579,Throw-In,Successful,79.61131499999999,0.087924000000001,83.433945,6.596271999999999,False,126370_50,27617
126370,2,50,159.30000000000018,4641,73228,1581,Pass,Successful,83.433945,6.596271999999999,78.11307,1.523607999999996,False,126370_50,27617
126370,2,50,161.0999999999999,4641,250965,1583,Pass,Unsuccessful,77.14287,2.36823600000001,77.90034,3.441615999999996,False,126370_50,27617
