game_id,period_id,episode_id,time_seconds,team_id,player_id,action_id,type_name,result_name,start_x,start_y,end_x,end_y,is_home,game_episode,phase
126331,2,76,1264.067,4657,500476,1870,Throw-In,Successful,64.241415,0.0,64.508745,6.922468000000002,True,126331_76,15655
126331,2,76,1265.0,4657,500481,1872,Pass,Successful,64.508745,6.922468000000002,61.73264999999999,1.0176199999999938,True,126331_76,15655
126331,2,76,1266.4,4657,500476,1874,Pass,Successful,61.344675,1.3391239999999982,63.79768500000001,5.607144000000005,True,126331_76,15655
126331,2,76,1267.2340000000002,4657,500481,1876,Carry,,63.79768500000001,5.607144000000005,66.49713,3.4680680000000024,True,126331_76,15655
126331,2,76,1268.433,4657,500481,1877,Pass,Successful,66.49713,3.4680680000000024,68.42230500000001,0.0212839999999943,True,126331_76,15655
126331,2,76,1269.9,316,187326,1879,Intervention,,36.063615,66.643128,36.063615,66.643128,False,126331_76,15656
126331,2,76,1270.6,316,139210,1880,Recovery,,34.76382,67.2971724,34.76382,67.2971724,False,126331_76,15656
126331,2,76,1271.8000000000002,316,139210,1881,Pass,Unsuccessful,34.88226,67.0725344,36.54640499999999,66.3925752,False,126331_76,15656
