game_id,period_id,episode_id,time_seconds,team_id,player_id,action_id,type_name,result_name,start_x,start_y,end_x,end_y,is_home,game_episode,phase
126301,1,9,522.225,2354,500147,207,Pass_Freekick,Successful,20.021294999999995,10.306488000000002,10.125675,22.170516,False,126301_9,5941
126301,1,9,523.834,2354,142109,209,Carry,,10.125675,22.170516,9.857935499999996,29.141536,False,126301_9,5941
126301,1,9,526.969,2354,142109,210,Pass,Successful,9.857935499999996,29.141536,12.059984999999998,50.69502,False,126301_9,5941
126301,1,9,529.234,2354,61979,212,Carry,,12.059984999999998,50.69502,27.956670000000003,56.882816,False,126301_9,5941
126301,1,9,533.0,2354,61979,213,Pass,Successful,27.956670000000003,56.882816,42.713265,54.378444,False,126301_9,5941
126301,1,9,533.667,2354,500146,215,Pass,Unsuccessful,42.713265,54.378444,33.35272499999999,40.077704,False,126301_9,5941
126301,1,9,535.367,4640,215818,216,Recovery,,71.73264,28.44372000000001,71.73264,28.44372000000001,True,126301_9,5942
126301,1,9,535.3679999999999,4640,215818,217,Carry,,71.73264,28.44372000000001,75.381705,30.054640000000006,True,126301_9,5942
126301,1,9,536.3,4640,215818,218,Pass,Successful,75.381705,30.054640000000006,92.55477,18.601196,True,126301_9,5942
