game_id,period_id,episode_id,time_seconds,team_id,player_id,action_id,type_name,result_name,start_x,start_y,end_x,end_y,is_home,game_episode,phase
126329,1,20,1088.3,4646,61616,562,Pass_Freekick,Successful,52.028235,11.334444000000005,38.80590000000001,29.684788,False,126329_20,14903
126329,1,20,1092.033,4646,500452,564,Pass,Successful,39.77169000000001,28.778688,41.971125,17.234804000000004,False,126329_20,14903
126329,1,20,1094.233,4646,61616,566,Pass,Successful,41.84523,15.909551999999998,45.429825,1.8960440000000036,False,126329_20,14903
126329,1,20,1096.767,4646,250145,568,Pass,Successful,45.39423,3.142688000000007,29.340149999999998,15.850867999999998,False,126329_20,14903
126329,1,20,1098.766,4646,61616,570,Pass,Successful,29.340149999999998,15.850867999999998,24.4083,37.320168,False,126329_20,14903
126329,1,20,1100.834,4646,500452,572,Carry,,24.4083,37.320168,26.497275,40.981084,False,126329_20,14903
126329,1,20,1102.167,4646,500452,573,Pass,Successful,26.497275,40.981084,42.314265,64.0683692,False,126329_20,14903
126329,1,20,1105.266,4646,356599,575,Pass,Successful,41.28222,63.4145288,23.014215000000007,57.682836,False,126329_20,14903
126329,1,20,1108.033,4646,161122,577,Pass,Successful,23.014215000000007,57.682836,19.517399999999995,43.561956,False,126329_20,14903
126329,1,20,1109.434,4646,500452,579,Carry,,19.517399999999995,43.561956,31.356570000000005,30.576336000000005,False,126329_20,14903
126329,1,20,1117.5,4646,500452,580,Pass,Unsuccessful,31.356570000000005,30.576336000000005,54.36606,68.0,False,126329_20,14903
