game_id,period_id,episode_id,time_seconds,team_id,player_id,action_id,type_name,result_name,start_x,start_y,end_x,end_y,is_home,game_episode,phase
126311,2,126,3020.367,4640,354794,2576,Goal Kick,Unsuccessful,6.289457999999996,26.127844000000003,61.328715,23.77722,False,126311_126,9373
126311,2,126,3023.6670000000004,4641,187313,2577,Duel,Successful,43.99962,43.675244,43.99962,43.675244,True,126311_126,9374
126311,2,126,3025.433,4641,355790,2578,Recovery,,32.206754999999994,40.540308,36.211665,46.826024,True,126311_126,9374
126311,2,126,3025.433,4641,355790,2579,Pass,Successful,32.206754999999994,40.540308,36.211665,46.826024,True,126311_126,9374
126311,2,126,3026.6000000000004,4641,250959,2581,Pass,Successful,36.211665,46.826024,59.992905,52.013744,True,126311_126,9374
