game_id,period_id,episode_id,time_seconds,team_id,player_id,action_id,type_name,result_name,start_x,start_y,end_x,end_y,is_home,game_episode,phase
126393,2,95,2114.9000000000005,4644,500515,2330,Pass_Freekick,Successful,59.086545,21.835412,53.490465,19.40495600000001,False,126393_95,34254
126393,2,95,2116.335,4644,62086,2332,Pass,Successful,53.260305,19.578016,50.199765,38.88954,False,126393_95,34254
126393,2,95,2119.08,4644,500520,2334,Pass,Successful,51.68163,40.465508,59.30715000000001,62.485268,False,126393_95,34254
126393,2,95,2121.027,4644,62105,2336,Pass,Successful,59.30715000000001,62.485268,65.48702999999999,67.7520278,False,126393_95,34254
