game_id,period_id,episode_id,time_seconds,team_id,player_id,action_id,type_name,result_name,start_x,start_y,end_x,end_y,is_home,game_episode,phase
126340,2,78,2627.2,4646,250148,2689,Throw-In,Successful,55.191675,0.0,60.742185000000006,7.198616000000001,True,126340_78,18479
126340,2,78,2628.2520000000004,4646,356603,2691,Pass,Successful,60.742185000000006,7.198616000000001,65.10913500000001,3.951139999999995,True,126340_78,18479
126340,2,78,2629.119,4646,356597,2693,Pass,Successful,65.10913500000001,3.951139999999995,65.155755,0.4536960000000078,True,126340_78,18479
126340,2,78,2630.487,4646,250148,2695,Pass,Successful,65.155755,0.4536960000000078,79.92946500000001,6.647884000000005,True,126340_78,18479
