game_id,period_id,episode_id,time_seconds,team_id,player_id,action_id,type_name,result_name,start_x,start_y,end_x,end_y,is_home,game_episode,phase
126358,2,54,1150.067,316,500126,2204,Throw-In,Successful,41.708415,0.0,39.13392,5.8966879999999975,True,126358_54,24169
126358,2,54,1150.9,316,407441,2206,Pass,Successful,39.13392,5.8966879999999975,53.62685999999999,10.651588000000004,True,126358_54,24169
126358,2,54,1152.0,316,286696,2208,Pass,Successful,53.62685999999999,10.651588000000004,54.70206,18.131996,True,126358_54,24169
126358,2,54,1153.9,316,187326,2210,Pass,Successful,54.70206,18.131996,65.127615,59.671972,True,126358_54,24169
