game_id,period_id,episode_id,time_seconds,team_id,player_id,action_id,type_name,result_name,start_x,start_y,end_x,end_y,is_home,game_episode,phase
126341,2,92,2937.2160000000003,4648,500140,2787,Throw-In,Successful,91.572285,68.0,101.23554,65.27898,False,126341_92,18857
126341,2,92,2938.268,4648,360166,2789,Carry,,101.23554,65.27898,104.44477365,67.927648,False,126341_92,18857
126341,2,92,2941.6000000000004,4641,500586,2790,Intervention,,0.55522635,0.072351999999995,0.55522635,0.072351999999995,True,126341_92,18858
126341,2,92,2942.1670000000004,4641,346037,2791,Recovery,,0.72147915,0.0,0.72147915,0.0,True,126341_92,18858
126341,2,92,2942.9000000000005,4641,346037,2792,Pass,Successful,2.021229,0.0,5.224359000000001,3.740000000000009,True,126341_92,18858
126341,2,92,2943.8330000000005,4641,346041,2794,Pass,Successful,5.5712685,4.6678599999999975,3.316467,11.169135999999996,True,126341_92,18858
126341,2,92,2944.6670000000004,4641,187313,2796,Pass,Unsuccessful,3.316467,11.169135999999996,22.0857,4.755444000000004,True,126341_92,18858
