game_id,period_id,episode_id,time_seconds,team_id,player_id,action_id,type_name,result_name,start_x,start_y,end_x,end_y,is_home,game_episode,phase
126385,2,48,2.900000000000091,4644,500508,1479,Pass,Successful,52.340505,34.306204,36.561105,35.936844,True,126385_48,31900
126385,2,48,5.032999999999902,4644,500515,1481,Pass,Successful,36.037995,37.083188,28.057575,42.670748,True,126385_48,31900
126385,2,48,7.166999999999916,4644,500520,1483,Pass,Successful,27.557145,41.138912000000005,24.05928,18.723052000000003,True,126385_48,31900
126385,2,48,9.800000000000182,4644,62086,1485,Pass,Successful,24.052455,17.311847999999998,31.508715,3.079515999999998,True,126385_48,31900
126385,2,48,11.233000000000176,4644,250055,1487,Pass,Successful,31.508715,3.079515999999998,17.42538,9.552844,True,126385_48,31900
126385,2,48,12.667999999999916,4644,62086,1489,Carry,,17.42538,9.552844,16.2288,6.395808000000002,True,126385_48,31900
126385,2,48,13.800000000000182,4644,62086,1490,Pass,Unsuccessful,16.2288,6.395808000000002,50.42562,11.408428,True,126385_48,31900
126385,2,48,16.26700000000028,4640,354791,1491,Interception,,54.473055,56.263268,72.36558000000001,51.379984,False,126385_48,31901
126385,2,48,16.26700000000028,4640,354791,1492,Pass,Unsuccessful,54.473055,56.263268,72.36558000000001,51.379984,False,126385_48,31901
