game_id,period_id,episode_id,time_seconds,team_id,player_id,action_id,type_name,result_name,start_x,start_y,end_x,end_y,is_home,game_episode,phase
126331,2,56,368.2330000000002,316,248883,1419,Goal Kick,Successful,1.7323109999999955,37.482756,8.043965999999998,18.858508,False,126331_56,15616
126331,2,56,370.70100000000025,316,62015,1421,Carry,,8.043965999999998,18.858508,11.859435000000005,17.045152,False,126331_56,15616
126331,2,56,371.8000000000002,316,62015,1422,Pass,Successful,11.859435000000005,17.045152,18.034904999999995,25.297292,False,126331_56,15616
126331,2,56,373.1679999999999,316,161110,1424,Carry,,18.034904999999995,25.297292,22.599675000000005,21.523836000000003,False,126331_56,15616
126331,2,56,375.433,316,161110,1425,Pass,Successful,22.599675000000005,21.523836000000003,17.470005,40.261372,False,126331_56,15616
126331,2,56,377.567,316,344467,1427,Pass,Successful,17.470005,40.261372,29.051085,64.9863216,False,126331_56,15616
126331,2,56,379.6009999999999,316,139210,1429,Carry,,29.051085,64.9863216,35.81298,63.75884,False,126331_56,15616
126331,2,56,382.0329999999999,316,139210,1430,Pass,Successful,35.81298,63.75884,48.43692,66.3171768,False,126331_56,15616
