game_id,period_id,episode_id,time_seconds,team_id,player_id,action_id,type_name,result_name,start_x,start_y,end_x,end_y,is_home,game_episode,phase
126365,1,9,648.4,4643,187722,409,Pass_Freekick,Successful,56.292915,36.336344,47.00976,54.7247,False,126365_9,26038
126365,1,9,653.595,4643,83615,411,Pass,Successful,49.75845,54.013692,54.948495,46.926324,False,126365_9,26038
126365,1,9,655.27,4643,187722,413,Pass,Successful,52.239495,46.509144,35.809515000000005,38.827728,False,126365_9,26038
126365,1,9,657.589,4643,500115,415,Pass,Successful,34.95891,37.185324,38.689875,23.3852,False,126365_9,26038
126365,1,9,660.061,4643,500113,417,Pass,Successful,38.443755,21.037840000000003,35.247975,7.052143999999998,False,126365_9,26038
126365,1,9,661.201,4643,145673,419,Carry,,35.247975,7.052143999999998,34.80350999999999,16.162512,False,126365_9,26038
126365,1,9,663.633,4643,145673,420,Pass,Successful,34.80350999999999,16.162512,5.638090500000004,25.825380000000003,False,126365_9,26038
126365,1,9,669.756,4643,85175,422,Pass,Unsuccessful,6.932163000000003,23.153864,50.58753000000001,0.0,False,126365_9,26038
