game_id,period_id,episode_id,time_seconds,team_id,player_id,action_id,type_name,result_name,start_x,start_y,end_x,end_y,is_home,game_episode,phase
126356,2,65,1499.1999999999998,4640,61913,2028,Throw-In,Successful,68.82036000000001,68.0,62.905605,63.8967848,False,126356_65,23518
126356,2,65,1501.0240000000003,4640,146174,2030,Pass,Successful,62.04408,62.2483084,66.58155,67.2797712,False,126356_65,23518
126356,2,65,1502.4530000000004,4640,61913,2032,Pass,Successful,66.280305,66.7834324,55.428135,65.379042,False,126356_65,23518
126356,2,65,1504.1909999999998,4640,146174,2034,Pass,Successful,54.273135,64.4659788,54.85662,56.170924,False,126356_65,23518
126356,2,65,1505.7820000000002,4640,500430,2036,Pass,Successful,52.893645,55.78516,60.55812,68.0,False,126356_65,23518
126356,2,65,1506.6549999999995,4640,61913,2038,Pass,Successful,60.55812,68.0,56.657790000000006,63.3690708,False,126356_65,23518
