game_id,period_id,episode_id,time_seconds,team_id,player_id,action_id,type_name,result_name,start_x,start_y,end_x,end_y,is_home,game_episode,phase
126385,2,82,2509.0,4644,62105,2578,Pass_Freekick,Successful,49.607985,65.0697032,33.05463,62.5413544,True,126385_82,32032
126385,2,82,2512.5,4644,500520,2580,Pass,Successful,30.182775000000003,62.6610004,14.42091,36.47588,True,126385_82,32032
126385,2,82,2515.034000000001,4644,250060,2582,Carry,,14.42091,36.47588,15.61749,30.637808,True,126385_82,32032
126385,2,82,2517.0,4644,250060,2583,Pass,Unsuccessful,15.61749,30.637808,60.862095,47.85738,True,126385_82,32032
