game_id,period_id,episode_id,time_seconds,team_id,player_id,action_id,type_name,result_name,start_x,start_y,end_x,end_y,is_home,game_episode,phase
126341,2,58,812.8330000000001,4641,500602,1823,Pass_Freekick,Successful,61.206390000000006,6.556627999999996,64.10218499999999,1.7724879999999956,True,126341_58,18724
126341,2,58,814.2000000000003,4641,346037,1825,Pass,Successful,64.10218499999999,1.7724879999999956,58.835805,8.032159999999998,True,126341_58,18724
126341,2,58,816.6669999999999,4641,500602,1827,Pass,Successful,58.053975,10.367416,44.420145,29.02314800000001,True,126341_58,18724
126341,2,58,819.933,4641,187313,1829,Pass,Successful,45.384885,28.2948,51.369675,7.4432800000000015,True,126341_58,18724
126341,2,58,821.3680000000002,4641,413677,1831,Carry,,51.369675,7.4432800000000015,48.092625,11.784875999999995,True,126341_58,18724
126341,2,58,823.4000000000001,4641,413677,1832,Pass,Successful,48.092625,11.784875999999995,52.762395000000005,16.543992000000003,True,126341_58,18724
126341,2,58,824.067,4641,500602,1834,Pass,Successful,52.762395000000005,16.543992000000003,59.008635,10.236040000000004,True,126341_58,18724
