game_id,period_id,episode_id,time_seconds,team_id,player_id,action_id,type_name,result_name,start_x,start_y,end_x,end_y,is_home,game_episode,phase
126304,2,68,633.4000000000001,2353,356614,1767,Throw-In,Successful,37.17483,0.0,19.81717500000001,29.023284,False,126304_68,7061
126304,2,68,637.6679999999999,2353,500569,1769,Carry,,19.81717500000001,29.023284,21.57624,33.640484,False,126304_68,7061
126304,2,68,639.9000000000001,2353,500569,1770,Pass,Successful,21.57624,33.640484,29.373225000000005,60.487156,False,126304_68,7061
126304,2,68,643.0329999999999,2353,356609,1772,Pass,Successful,30.235695000000007,62.644524,37.70917499999999,58.51434,False,126304_68,7061
126304,2,68,644.5999999999999,2353,356618,1774,Pass,Successful,37.55996999999999,60.403516,34.393485,67.615579,False,126304_68,7061
126304,2,68,645.9670000000001,2353,356611,1776,Pass,Successful,34.393485,67.615579,45.58386,58.36372,False,126304_68,7061
