game_id,period_id,episode_id,time_seconds,team_id,player_id,action_id,type_name,result_name,start_x,start_y,end_x,end_y,is_home,game_episode,phase
126381,2,66,1194.1330000000005,4220,500552,1904,Pass_Freekick,Successful,7.055915999999996,21.273664000000004,16.571834999999993,27.494644,False,126381_66,30753
126381,2,66,1195.8010000000002,4220,500527,1906,Carry,,16.571834999999993,27.494644,29.483580000000003,34.548624000000004,False,126381_66,30753
126381,2,66,1200.2330000000002,4220,500527,1907,Pass,Successful,29.483580000000003,34.548624000000004,36.030225,32.168828000000005,False,126381_66,30753
126381,2,66,1201.3000000000002,4220,500533,1909,Pass,Successful,36.030225,32.168828000000005,29.292689999999997,32.730168,False,126381_66,30753
126381,2,66,1204.5,4220,500527,1911,Pass,Successful,31.108245,34.481508,34.18338,56.638152,False,126381_66,30753
126381,2,66,1206.101,4220,215699,1913,Carry,,34.18338,56.638152,39.682965,53.515864,False,126381_66,30753
126381,2,66,1211.0,4220,215699,1914,Pass,Unsuccessful,39.682965,53.515864,75.518205,0.0,False,126381_66,30753
