game_id,period_id,episode_id,time_seconds,team_id,player_id,action_id,type_name,result_name,start_x,start_y,end_x,end_y,is_home,game_episode,phase
126383,2,67,3226.9210000000003,4646,500460,3081,Goal Kick,Unsuccessful,4.882416000000006,28.458,61.199775,18.396516000000005,False,126383_67,31399
126383,2,67,3230.3330000000005,4640,146174,3082,Interception,,43.268925,49.939608,55.797735,51.066912,True,126383_67,31400
126383,2,67,3230.3330000000005,4640,146174,3083,Pass,Successful,43.268925,49.939608,55.797735,51.066912,True,126383_67,31400
126383,2,67,3231.5330000000004,4640,215818,3085,Error,,55.797735,51.066912,55.797735,51.066912,True,126383_67,31400
126383,2,67,3233.733,4646,356605,3086,Recovery,,42.92232,26.514492000000004,49.559055,36.63364,False,126383_67,31401
126383,2,67,3233.733,4646,356605,3087,Pass,Successful,42.92232,26.514492000000004,49.559055,36.63364,False,126383_67,31401
