game_id,period_id,episode_id,time_seconds,team_id,player_id,action_id,type_name,result_name,start_x,start_y,end_x,end_y,is_home,game_episode,phase
126322,1,52,2444.725,2353,356610,1174,Throw-In,Successful,54.448800000000006,0.0,32.64964499999999,13.391716000000002,False,126322_52,12648
126322,1,52,2448.765,2353,500576,1176,Pass,Successful,31.70916,14.301555999999998,16.313429999999997,36.282148,False,126322_52,12648
126322,1,52,2452.629,2353,356626,1178,Pass,Successful,15.766275000000007,38.220896,56.27159999999999,63.405614,False,126322_52,12648
126322,1,52,2455.0240000000003,2353,356615,1180,Carry,,56.27159999999999,63.405614,57.47049,67.2682656,False,126322_52,12648
126322,1,52,2456.966,2353,356615,1181,Pass,Successful,57.47049,67.2682656,47.456745,66.4258748,False,126322_52,12648
126322,1,52,2457.967,2353,356609,1183,Pass,Unsuccessful,47.456745,66.4258748,58.52804999999999,60.040464,False,126322_52,12648
