game_id,period_id,episode_id,time_seconds,team_id,player_id,action_id,type_name,result_name,start_x,start_y,end_x,end_y,is_home,game_episode,phase
126388,2,77,2332.633,316,500126,2827,Throw-In,Successful,99.762495,0.0,99.01521,5.049611999999996,True,126388_77,32847
126388,2,77,2333.367,316,524896,2829,Pass,Unsuccessful,99.01521,5.049611999999996,91.859565,3.3431520000000035,True,126388_77,32847
126388,2,77,2334.8,4220,500534,2830,Duel,Successful,12.292665,65.0472428,12.292665,65.0472428,False,126388_77,32848
126388,2,77,2334.8,4220,500534,2831,Intervention,,12.292665,65.0472428,12.292665,65.0472428,False,126388_77,32848
126388,2,77,2336.567,4220,252489,2832,Recovery,,18.600539999999995,64.943502,19.779795000000007,57.214724,False,126388_77,32848
126388,2,77,2336.567,4220,252489,2833,Pass,Successful,18.600539999999995,64.943502,19.779795000000007,57.214724,False,126388_77,32848
126388,2,77,2338.0330000000004,4220,500549,2835,Pass,Successful,20.113695000000007,55.598568,17.879085000000003,56.626388,False,126388_77,32848
126388,2,77,2338.933,4220,527822,2837,Pass,Successful,17.879085000000003,56.626388,22.535205000000005,45.251756,False,126388_77,32848
126388,2,77,2339.633,4220,354812,2839,Pass,Successful,22.535205000000005,45.251756,32.989845,50.566364,False,126388_77,32848
