game_id,period_id,episode_id,time_seconds,team_id,player_id,action_id,type_name,result_name,start_x,start_y,end_x,end_y,is_home,game_episode,phase
126373,1,26,1772.4,4640,61932,937,Throw-In,Successful,40.656735,0.0,46.57905,10.240595999999996,False,126373_26,28496
126373,1,26,1773.338,4640,491833,939,Pass,Successful,46.57905,10.240595999999996,40.72928999999999,18.723052000000003,False,126373_26,28496
126373,1,26,1774.933,4640,146174,941,Pass,Successful,40.72928999999999,18.723052000000003,75.71655,59.8621,False,126373_26,28496
