game_id,period_id,episode_id,time_seconds,team_id,player_id,action_id,type_name,result_name,start_x,start_y,end_x,end_y,is_home,game_episode,phase
126321,2,47,1307.533,4643,187259,2246,Throw-In,Successful,43.8795,0.0,36.21250499999999,2.522527999999994,False,126321_47,12425
126321,2,47,1310.9,4643,187722,2248,Pass,Successful,36.612345000000005,5.179015999999997,35.96544,18.927324,False,126321_47,12425
126321,2,47,1312.434,4643,62069,2250,Carry,,35.96544,18.927324,41.3574,21.976851999999997,False,126321_47,12425
126321,2,47,1315.433,4643,62069,2251,Pass,Successful,41.3574,21.976851999999997,46.805115,14.649036000000002,False,126321_47,12425
126321,2,47,1317.533,4643,187722,2253,Pass,Successful,48.845055,12.639364,51.574425,1.562504000000004,False,126321_47,12425
