game_id,period_id,episode_id,time_seconds,team_id,player_id,action_id,type_name,result_name,start_x,start_y,end_x,end_y,is_home,game_episode,phase
126369,2,61,1361.033,4646,250145,2198,Throw-In,Successful,62.06109,68.0,56.596785,65.8217764,True,126369_61,27334
126369,2,61,1361.968,4646,109160,2200,Carry,,56.596785,65.8217764,54.75372,61.94868,True,126369_61,27334
126369,2,61,1363.6330000000005,4646,109160,2201,Pass,Successful,54.75372,61.94868,38.972115,44.35402,True,126369_61,27334
126369,2,61,1366.1330000000005,4646,356605,2203,Pass,Successful,38.972115,44.35402,39.91806,24.121844,True,126369_61,27334
126369,2,61,1368.068,4646,356604,2205,Carry,,39.91806,24.121844,51.69087,14.124892000000004,True,126369_61,27334
126369,2,61,1371.1,4646,356604,2206,Pass,Unsuccessful,51.69087,14.124892000000004,100.0783035,26.118732,True,126369_61,27334
