game_id,period_id,episode_id,time_seconds,team_id,player_id,action_id,type_name,result_name,start_x,start_y,end_x,end_y,is_home,game_episode,phase
126323,2,71,1450.8999999999996,4220,500552,2166,Goal Kick,Unsuccessful,5.0294685,33.59166,78.334515,43.294104,True,126323_71,13117
126323,2,71,1456.3670000000002,4657,500484,2167,Recovery,,26.715675000000005,25.116412,63.944685,31.229136,False,126323_71,13118
126323,2,71,1456.3670000000002,4657,500484,2168,Pass,Successful,26.715675000000005,25.116412,63.944685,31.229136,False,126323_71,13118
126323,2,71,1459.2340000000002,4657,505723,2170,Carry,,63.944685,31.229136,64.93431,27.595352,False,126323_71,13118
126323,2,71,1461.067,4657,505723,2171,Pass,Successful,64.93431,27.595352,73.356465,0.8543520000000058,False,126323_71,13118
