game_id,period_id,episode_id,time_seconds,team_id,player_id,action_id,type_name,result_name,start_x,start_y,end_x,end_y,is_home,game_episode,phase
126364,1,5,307.8,4646,250148,183,Throw-In,Successful,78.42177000000001,0.0,60.051390000000005,4.208723999999997,True,126364_5,25729
126364,1,5,309.901,4646,61616,185,Carry,,60.051390000000005,4.208723999999997,57.13596,7.158700000000003,True,126364_5,25729
126364,1,5,311.333,4646,61616,186,Pass,Successful,57.13596,7.158700000000003,49.723065,18.706936,True,126364_5,25729
126364,1,5,312.834,4646,500452,188,Carry,,49.723065,18.706936,50.96322,34.069632,True,126364_5,25729
126364,1,5,316.16700000000003,4646,500452,189,Pass,Successful,50.96322,34.069632,47.081790000000005,51.868972,True,126364_5,25729
126364,1,5,317.66700000000003,4646,188514,191,Pass,Successful,47.081790000000005,51.868972,54.55338,65.9455636,True,126364_5,25729
126364,1,5,320.666,4646,356599,193,Pass,Successful,54.438300000000005,63.4581372,68.67168000000001,63.912996,True,126364_5,25729
