game_id,period_id,episode_id,time_seconds,team_id,player_id,action_id,type_name,result_name,start_x,start_y,end_x,end_y,is_home,game_episode,phase
126322,1,35,1332.507,2353,356609,636,Throw-In,Successful,61.51719,68.0,62.72805,62.4275836,False,126322_35,12582
126322,1,35,1333.368,2353,356618,638,Carry,,62.72805,62.4275836,58.408035,61.2651916,False,126322_35,12582
126322,1,35,1334.454,2353,356618,639,Pass,Successful,58.408035,61.2651916,56.902545,12.349548,False,126322_35,12582
126322,1,35,1340.555,2353,356610,641,Pass,Successful,56.04081,12.697708,48.34914,18.804448,False,126322_35,12582
126322,1,35,1342.165,2353,356616,643,Pass,Successful,46.16178,18.156884,29.135085000000004,21.504796,False,126322_35,12582
126322,1,35,1348.968,2353,500576,645,Pass,Successful,29.02767,22.941976,28.677285,12.182132000000005,False,126322_35,12582
126322,1,35,1351.246,2353,356616,647,Pass,Successful,29.706284999999998,9.392907999999998,49.088025,19.864771999999995,False,126322_35,12582
126322,1,35,1352.535,2353,356624,649,Pass,Successful,49.088025,19.864771999999995,53.505480000000006,11.230607999999997,False,126322_35,12582
