game_id,period_id,episode_id,time_seconds,team_id,player_id,action_id,type_name,result_name,start_x,start_y,end_x,end_y,is_home,game_episode,phase
126388,2,35,0.0329999999999017,4220,252489,1616,Pass,Successful,52.54053,34.499732,52.884825000000006,35.384684,False,126388_35,32718
126388,2,35,0.4339999999999927,4220,500549,1618,Carry,,52.884825000000006,35.384684,57.738765,34.836876000000004,False,126388_35,32718
126388,2,35,3.300000000000182,4220,500549,1619,Pass,Successful,57.738765,34.836876000000004,44.91942,23.995296,False,126388_35,32718
126388,2,35,5.334000000000084,4220,500533,1621,Carry,,44.91942,23.995296,43.07982,20.960932,False,126388_35,32718
126388,2,35,13.432999999999993,4220,500533,1622,Pass,Successful,43.07982,20.960932,43.409205,7.544871999999998,False,126388_35,32718
126388,2,35,15.233000000000176,4220,500547,1624,Pass,Successful,43.84212,6.687867999999995,55.966785,1.3408239999999978,False,126388_35,32718
