game_id,period_id,episode_id,time_seconds,team_id,player_id,action_id,type_name,result_name,start_x,start_y,end_x,end_y,is_home,game_episode,phase
126350,2,90,2940.467000000001,4648,500140,2592,Throw-In,Successful,71.41826999999999,68.0,72.953265,56.29856,False,126350_90,21686
126350,2,90,2941.4840000000004,4648,500142,2594,Carry,,72.953265,56.29856,84.36099,55.280804,False,126350_90,21686
126350,2,90,2945.0330000000004,4648,500142,2595,Pass,Successful,84.36099,55.280804,94.721235,46.450188,False,126350_90,21686
