game_id,period_id,episode_id,time_seconds,team_id,player_id,action_id,type_name,result_name,start_x,start_y,end_x,end_y,is_home,game_episode,phase
126356,1,16,1341.767,4648,62386,647,Pass_Freekick,Successful,66.08941499999999,1.6353320000000051,62.73456,5.443127999999994,True,126356_16,23399
126356,1,16,1342.534,4648,500139,649,Carry,,62.73456,5.443127999999994,61.261410000000005,9.011156,True,126356_16,23399
126356,1,16,1344.2,4648,500139,650,Pass,Successful,61.261410000000005,9.011156,51.70746,22.61952,True,126356_16,23399
126356,1,16,1345.734,4648,500138,652,Carry,,51.70746,22.61952,56.082495,30.83766,True,126356_16,23399
126356,1,16,1348.1,4648,500138,653,Pass,Successful,56.082495,30.83766,50.64801,43.773844,True,126356_16,23399
126356,1,16,1349.801,4648,62365,655,Carry,,50.64801,43.773844,58.16202,48.316924,True,126356_16,23399
126356,1,16,1351.933,4648,62365,656,Pass,Successful,58.16202,48.316924,74.718,66.3289204,True,126356_16,23399
