game_id,period_id,episode_id,time_seconds,team_id,player_id,action_id,type_name,result_name,start_x,start_y,end_x,end_y,is_home,game_episode,phase
126345,1,3,170.267,4643,85175,95,Pass_Freekick,Unsuccessful,23.248995000000008,59.864208,88.275075,20.16812,False,126345_3,19784
126345,1,3,175.6,4220,354809,96,Duel,Successful,16.009875,47.063072,16.009875,47.063072,True,126345_3,19785
126345,1,3,175.6,4220,354809,97,Block,,16.009875,47.063072,16.009875,47.063072,True,126345_3,19785
126345,1,3,176.867,4643,500115,98,Recovery,,89.92116,14.167119999999995,86.737245,13.566136,False,126345_3,19786
126345,1,3,176.867,4643,500115,99,Pass,Unsuccessful,89.92116,14.167119999999995,86.737245,13.566136,False,126345_3,19786
126345,1,3,177.333,4220,500533,100,Block,,17.89452,54.743604,17.89452,54.743604,True,126345_3,19787
126345,1,3,178.767,4643,500115,101,Recovery,,85.07362499999999,14.15352,85.07362499999999,14.15352,False,126345_3,19788
126345,1,3,178.768,4643,500115,102,Carry,,85.07362499999999,14.15352,84.21651,17.349248000000003,False,126345_3,19788
126345,1,3,179.633,4643,500115,103,Pass,Unsuccessful,84.21651,17.349248000000003,83.3742,16.339923999999996,False,126345_3,19788
