game_id,period_id,episode_id,time_seconds,team_id,player_id,action_id,type_name,result_name,start_x,start_y,end_x,end_y,is_home,game_episode,phase
126337,2,93,2686.467000000001,2353,356626,2641,Goal Kick,Successful,1.5190139999999983,36.607256,25.679535,19.012188,False,126337_93,17543
126337,2,93,2689.3010000000004,2353,356610,2643,Carry,,25.679535,19.012188,40.67616000000001,17.229432000000003,False,126337_93,17543
126337,2,93,2696.233,2353,356610,2644,Pass,Successful,40.67616000000001,17.229432000000003,39.942105,4.490379999999995,False,126337_93,17543
126337,2,93,2698.067,2353,356618,2646,Pass,Successful,39.942105,4.490379999999995,54.54435,0.8728479999999905,False,126337_93,17543
