game_id,period_id,episode_id,time_seconds,team_id,player_id,action_id,type_name,result_name,start_x,start_y,end_x,end_y,is_home,game_episode,phase
126355,1,45,2397.567,4646,193858,1244,Goal Kick,Unsuccessful,5.516825999999995,31.180108000000004,68.221965,27.05754,False,126355_45,23136
126355,1,45,2401.2000000000003,4657,500484,1245,Duel,Successful,36.09165,39.310528000000005,36.09165,39.310528000000005,True,126355_45,23137
126355,1,45,2402.5,4646,109160,1246,Recovery,,56.87535,28.69498,56.94612000000001,17.583371999999997,False,126355_45,23138
126355,1,45,2402.5,4646,109160,1247,Pass,Successful,56.87535,28.69498,56.94612000000001,17.583371999999997,False,126355_45,23138
126355,1,45,2404.067,4646,356603,1249,Pass,Successful,56.94612000000001,17.583371999999997,50.60286,11.730884000000003,False,126355_45,23138
126355,1,45,2405.067,4646,146185,1251,Pass,Successful,50.60286,11.730884000000003,57.825915,1.884892000000008,False,126355_45,23138
126355,1,45,2406.533,4646,61623,1253,Pass,Successful,57.825915,1.884892000000008,68.883675,18.673820000000006,False,126355_45,23138
126355,1,45,2409.733,4646,61645,1255,Pass,Successful,69.80631,16.0021,84.77343,5.542272000000004,False,126355_45,23138
126355,1,45,2411.267,4646,356603,1257,Pass,Unsuccessful,84.77343,5.542272000000004,99.287475,9.399367999999996,False,126355_45,23138
