game_id,period_id,episode_id,time_seconds,team_id,player_id,action_id,type_name,result_name,start_x,start_y,end_x,end_y,is_home,game_episode,phase
126396,2,58,370.3330000000001,4641,355790,1712,Pass_Freekick,Successful,46.26552,54.617736,46.38627,29.142284000000004,True,126396_58,34942
126396,2,58,374.7670000000003,4641,346035,1714,Pass,Successful,46.82664,29.464196,44.90241,45.967048,True,126396_58,34942
126396,2,58,377.3330000000001,4641,355790,1716,Pass,Successful,46.522560000000006,47.449244,49.136325,59.716648,True,126396_58,34942
126396,2,58,378.5,4641,145831,1718,Pass,Successful,49.136325,59.716648,43.164345,47.456384,True,126396_58,34942
126396,2,58,380.0339999999999,4641,355790,1720,Carry,,43.164345,47.456384,46.606455,47.856224,True,126396_58,34942
126396,2,58,382.8670000000002,4641,355790,1721,Pass,Successful,46.606455,47.856224,60.95544,54.063196,True,126396_58,34942
