game_id,period_id,episode_id,time_seconds,team_id,player_id,action_id,type_name,result_name,start_x,start_y,end_x,end_y,is_home,game_episode,phase
126330,1,39,1955.467,4644,62082,946,Goal Kick,Successful,4.7923995,38.052596,58.48395,55.934964,True,126330_39,15232
126330,1,39,1959.033,4644,145716,947,Duel,Successful,58.48395,55.934964,58.48395,55.934964,True,126330_39,15232
126330,1,39,1959.034,4644,145716,949,Carry,,58.48395,55.934964,67.959045,55.701588,True,126330_39,15232
126330,1,39,1960.233,4657,357150,950,Clearance,,37.040955,12.298412,38.356605,40.344332,False,126330_39,15233
126330,1,39,1961.483,4657,360391,951,Recovery,,38.356605,40.344332,38.356605,40.344332,False,126330_39,15233
126330,1,39,1962.733,4657,360391,952,Clearance,,38.356605,40.344332,54.539625,45.600664,False,126330_39,15233
126330,1,39,1965.067,4657,500493,953,Recovery,,54.539625,45.600664,54.539625,45.600664,False,126330_39,15233
126330,1,39,1965.068,4657,500493,954,Carry,,54.539625,45.600664,64.29528,55.970868,False,126330_39,15233
126330,1,39,1971.1,4657,500493,955,Pass,Unsuccessful,64.29528,55.970868,92.345295,50.346724,False,126330_39,15233
