game_id,period_id,episode_id,time_seconds,team_id,player_id,action_id,type_name,result_name,start_x,start_y,end_x,end_y,is_home,game_episode,phase
126395,1,1,0.6,4643,410634,0,Pass,Successful,52.44435,34.250308,40.75596,39.426332,False,126395_1,34546
126395,1,1,2.5,4643,187722,2,Pass,Successful,39.92562000000001,41.215548,35.24136,53.630104,False,126395_1,34546
126395,1,1,3.701,4643,187794,4,Carry,,35.24136,53.630104,37.289385,58.12504,False,126395_1,34546
126395,1,1,6.433,4643,187794,5,Pass,Successful,37.289385,58.12504,25.88964,41.604304,False,126395_1,34546
126395,1,1,8.033999999999999,4643,145673,7,Carry,,25.88964,41.604304,28.750365,36.761276,False,126395_1,34546
126395,1,1,12.076,4643,145673,8,Pass,Successful,28.750365,36.761276,29.182125,56.835896,False,126395_1,34546
126395,1,1,13.837,4643,187794,10,Carry,,29.182125,56.835896,25.75608,58.75608,False,126395_1,34546
126395,1,1,15.4,4643,187794,11,Pass,Unsuccessful,25.75608,58.75608,27.687240000000003,58.511484,False,126395_1,34546
