game_id,period_id,episode_id,time_seconds,team_id,player_id,action_id,type_name,result_name,start_x,start_y,end_x,end_y,is_home,game_episode,phase
126339,2,83,3033.7,4644,250055,3050,Throw-In,Successful,82.47603000000001,0.0,82.295325,6.994819999999997,True,126339_83,18188
126339,2,83,3034.567,4644,145716,3052,Pass,Successful,82.295325,6.994819999999997,79.77333,1.7196519999999964,True,126339_83,18188
126339,2,83,3036.433,4644,250055,3054,Pass,Successful,79.276365,1.8544279999999984,85.30641,0.8354479999999995,True,126339_83,18188
126339,2,83,3038.7,4644,145716,3056,Pass,Unsuccessful,87.132885,0.5565799999999967,87.83481,1.7025840000000017,True,126339_83,18188
