game_id,period_id,episode_id,time_seconds,team_id,player_id,action_id,type_name,result_name,start_x,start_y,end_x,end_y,is_home,game_episode,phase
126344,2,82,2484.6000000000004,4640,61913,2560,Throw-In,Successful,51.880185,68.0,53.32866,63.4228384,False,126344_82,19740
126344,2,82,2485.567,4640,500430,2562,Pass,Successful,53.32866,63.4228384,49.44156,67.40554468,False,126344_82,19740
126344,2,82,2487.133,4640,61913,2564,Pass,Successful,46.84197,66.191302,21.122115000000008,65.4436624,False,126344_82,19740
126344,2,82,2490.3330000000005,4640,146168,2566,Pass,Successful,21.122115000000008,65.4436624,6.658154999999994,47.301208,False,126344_82,19740
126344,2,82,2492.6000000000004,4640,354794,2568,Pass,Unsuccessful,6.658154999999994,47.301208,42.38913,41.301976,False,126344_82,19740
126344,2,82,2495.9930000000004,4639,345446,2569,Recovery,,62.585355,25.948936000000003,67.06371,16.121304000000002,True,126344_82,19741
126344,2,82,2495.9930000000004,4639,345446,2570,Pass,Successful,62.585355,25.948936000000003,67.06371,16.121304000000002,True,126344_82,19741
126344,2,82,2497.924,4639,491811,2572,Pass,Successful,67.06371,16.121304000000002,64.13137499999999,20.637387999999994,True,126344_82,19741
126344,2,82,2498.6670000000004,4639,354806,2574,Pass,Successful,64.13137499999999,20.637387999999994,82.65117000000001,24.654216000000005,True,126344_82,19741
