game_id,period_id,episode_id,time_seconds,team_id,player_id,action_id,type_name,result_name,start_x,start_y,end_x,end_y,is_home,game_episode,phase
126355,1,32,1865.133,4646,500452,977,Pass_Freekick,Successful,29.00541,14.3412,36.81468,19.43406,False,126355_32,23106
126355,1,32,1866.101,4646,146189,979,Carry,,36.81468,19.43406,39.655875,14.411851999999996,False,126355_32,23106
126355,1,32,1867.533,4646,146189,980,Pass,Successful,39.655875,14.411851999999996,47.14605,2.2231239999999985,False,126355_32,23106
126355,1,32,1869.3,4646,61623,982,Pass,Successful,47.797155,2.4239960000000025,51.35802,7.537799999999997,False,126355_32,23106
126355,1,32,1870.067,4646,356607,984,Pass,Unsuccessful,51.35802,7.537799999999997,60.444405,0.0,False,126355_32,23106
