game_id,period_id,episode_id,time_seconds,team_id,player_id,action_id,type_name,result_name,start_x,start_y,end_x,end_y,is_home,game_episode,phase
126367,2,70,1597.2330000000002,4648,188178,2140,Pass_Corner,Successful,105.0,67.67389444,86.74554,58.885756,True,126367_70,26807
126367,2,70,1600.2330000000002,4648,250101,2142,Pass,Successful,86.640855,56.759396,96.57543,56.6185,True,126367_70,26807
126367,2,70,1601.5330000000004,4648,188178,2144,Pass,Successful,96.58194,56.373428,88.35602999999999,49.443004,True,126367_70,26807
