game_id,period_id,episode_id,time_seconds,team_id,player_id,action_id,type_name,result_name,start_x,start_y,end_x,end_y,is_home,game_episode,phase
126385,2,93,3220.967000000001,4640,146174,2825,Throw-In,Successful,102.029865,0.0,81.89726999999999,3.827787999999998,False,126385_93,32073
126385,2,93,3224.4000000000005,4640,503221,2827,Pass,Successful,82.35696,2.791876000000002,90.603135,1.209856000000002,False,126385_93,32073
