game_id,period_id,episode_id,time_seconds,team_id,player_id,action_id,type_name,result_name,start_x,start_y,end_x,end_y,is_home,game_episode,phase
126399,2,68,2777.067,4657,500476,3398,Throw-In,Successful,52.860255,0.0,41.31204,10.361432,True,126399_68,36012
126399,2,68,2779.8680000000004,4657,500484,3400,Carry,,41.31204,10.361432,53.47104,12.287124,True,126399_68,36012
126399,2,68,2785.933,4657,500484,3401,Pass,Unsuccessful,53.47104,12.287124,99.3649125,33.614984,True,126399_68,36012
