game_id,period_id,episode_id,time_seconds,team_id,player_id,action_id,type_name,result_name,start_x,start_y,end_x,end_y,is_home,game_episode,phase
126352,2,63,1640.8000000000002,4220,354812,2273,Pass_Corner,Unsuccessful,104.808795,66.374222,102.498165,37.675332,False,126352_63,22285
126352,2,63,1642.2330000000002,4640,354794,2274,Aerial Clearance,Successful,3.127803,32.179844,3.127803,32.179844,True,126352_63,22286
126352,2,63,1642.2330000000002,4640,354794,2275,Catch,,3.127803,32.179844,3.127803,32.179844,True,126352_63,22286
126352,2,63,1642.2330000000002,4640,354794,2276,Clearance,,3.127803,32.179844,17.796030000000002,37.955764,True,126352_63,22286
126352,2,63,1644.1329999999998,4220,500533,2277,Recovery,,87.20397,30.044236,79.92348,33.655988,False,126352_63,22287
126352,2,63,1644.1329999999998,4220,500533,2278,Pass,Successful,87.20397,30.044236,79.92348,33.655988,False,126352_63,22287
126352,2,63,1645.001,4220,354809,2280,Carry,,79.92348,33.655988,79.72902,37.789164,False,126352_63,22287
126352,2,63,1646.433,4220,354809,2281,Pass,Successful,79.72902,37.789164,88.053105,56.967544,False,126352_63,22287
