game_id,period_id,episode_id,time_seconds,team_id,player_id,action_id,type_name,result_name,start_x,start_y,end_x,end_y,is_home,game_episode,phase
126318,1,23,1187.485,4639,491801,677,Throw-In,Unsuccessful,40.91083499999999,0.0,60.88005,7.331488,False,126318_23,11411
126318,1,23,1189.067,4657,360391,678,Duel,Successful,44.664165,60.2956,44.664165,60.2956,True,126318_23,11412
126318,1,23,1190.8,4639,407605,679,Recovery,,55.042365,11.769644,61.29312,22.51616,False,126318_23,11413
126318,1,23,1190.8,4639,407605,680,Pass,Successful,55.042365,11.769644,61.29312,22.51616,False,126318_23,11413
126318,1,23,1191.867,4639,345445,682,Pass,Successful,61.29312,22.51616,52.46409,25.910652,False,126318_23,11413
126318,1,23,1193.3,4639,345446,684,Pass,Successful,52.46409,25.910652,72.05394,62.8202224,False,126318_23,11413
126318,1,23,1196.034,4639,77845,686,Carry,,72.05394,62.8202224,83.750415,58.089952,False,126318_23,11413
126318,1,23,1201.167,4639,77845,687,Pass,Unsuccessful,83.750415,58.089952,99.283842,36.934336,False,126318_23,11413
