game_id,period_id,episode_id,time_seconds,team_id,player_id,action_id,type_name,result_name,start_x,start_y,end_x,end_y,is_home,game_episode,phase
126302,2,47,188.83300000000008,4646,250148,1527,Throw-In,Successful,53.8734,0.0,51.98655,7.620419999999996,True,126302_47,6399
126302,2,47,189.76700000000028,4646,250141,1529,Pass,Unsuccessful,51.98655,7.620419999999996,71.46699,16.220175999999995,True,126302_47,6399
