game_id,period_id,episode_id,time_seconds,team_id,player_id,action_id,type_name,result_name,start_x,start_y,end_x,end_y,is_home,game_episode,phase
126366,1,48,2602.033,4220,354812,1277,Pass_Freekick,Successful,54.588555,64.9909388,46.30143,60.548628,False,126366_48,26418
126366,1,48,2604.889,4220,500527,1279,Pass,Successful,46.95327,58.515836,53.09251499999999,64.3974076,False,126366_48,26418
126366,1,48,2605.933,4220,354812,1281,Pass,Successful,53.09251499999999,64.3974076,42.10794,59.741604,False,126366_48,26418
126366,1,48,2607.833,4220,500527,1283,Pass,Successful,41.54598,59.628112,13.564949999999996,44.515928,False,126366_48,26418
126366,1,48,2610.668,4220,500552,1285,Carry,,13.564949999999996,44.515928,14.631855000000002,38.61346,False,126366_48,26418
126366,1,48,2613.4,4220,500552,1286,Pass,Unsuccessful,14.631855000000002,38.61346,69.3252,0.0,False,126366_48,26418
