game_id,period_id,episode_id,time_seconds,team_id,player_id,action_id,type_name,result_name,start_x,start_y,end_x,end_y,is_home,game_episode,phase
126337,1,13,618.867,2353,356626,293,Goal Kick,Unsuccessful,4.563383999999999,38.282368,64.89147,42.545832,False,126337_13,17303
126337,1,13,622.9,4657,500476,294,Duel,Successful,39.909135,23.89214,39.909135,23.89214,True,126337_13,17304
126337,1,13,624.667,4657,500493,295,Recovery,,46.09395,30.692684,49.162575,40.884592,True,126337_13,17304
126337,1,13,624.667,4657,500493,296,Pass,Unsuccessful,46.09395,30.692684,49.162575,40.884592,True,126337_13,17304
126337,1,13,626.7330000000001,2353,356612,297,Recovery,,55.48116,26.569028,53.227125,14.747567999999994,False,126337_13,17305
126337,1,13,626.7330000000001,2353,356612,298,Pass,Successful,55.48116,26.569028,53.227125,14.747567999999994,False,126337_13,17305
126337,1,13,627.764,2353,356614,300,Carry,,53.227125,14.747567999999994,57.138270000000006,8.888620000000003,False,126337_13,17305
126337,1,13,629.167,2353,356614,301,Pass,Unsuccessful,57.138270000000006,8.888620000000003,81.640755,0.0,False,126337_13,17305
