game_id,period_id,episode_id,time_seconds,team_id,player_id,action_id,type_name,result_name,start_x,start_y,end_x,end_y,is_home,game_episode,phase
126382,2,62,1427.4669999999996,2354,344559,2389,Pass_Corner,Successful,104.425545,0.3921559999999999,91.123515,7.261720000000004,True,126382_62,31047
126382,2,62,1430.1000000000004,2354,250037,2391,Pass,Successful,91.17822,10.030476000000007,101.715495,14.526024,True,126382_62,31047
126382,2,62,1431.7330000000002,2354,344559,2393,Cross,Unsuccessful,101.715495,14.526024,100.70907,20.411764000000005,True,126382_62,31047
126382,2,62,1432.0330000000004,316,501836,2394,Block,,4.290930000000003,47.588236,4.290930000000003,47.588236,False,126382_62,31048
126382,2,62,1433.6329999999998,2354,500145,2395,Recovery,,94.171875,31.224648,94.171875,31.224648,True,126382_62,31049
126382,2,62,1434.2669999999998,2354,500145,2396,Pass,Successful,92.818005,31.35412,89.63724,38.532472,True,126382_62,31049
