game_id,period_id,episode_id,time_seconds,team_id,player_id,action_id,type_name,result_name,start_x,start_y,end_x,end_y,is_home,game_episode,phase
126359,2,37,333.5999999999999,2354,150851,1936,Pass_Freekick,Successful,52.366125,32.241724,63.51439499999999,17.44234,False,126359_37,24413
126359,2,37,335.1679999999999,2354,250037,1938,Carry,,63.51439499999999,17.44234,77.007525,12.912247999999998,False,126359_37,24413
126359,2,37,338.433,2354,250037,1939,Pass,Unsuccessful,77.007525,12.912247999999998,90.625815,23.612796,False,126359_37,24413
