game_id,period_id,episode_id,time_seconds,team_id,player_id,action_id,type_name,result_name,start_x,start_y,end_x,end_y,is_home,game_episode,phase
126387,2,70,1530.148,4643,500502,2132,Throw-In,Successful,83.14173000000001,68.0,80.025855,61.6376208,True,126387_70,32510
126387,2,70,1530.9120000000005,4643,187722,2134,Pass,Successful,80.025855,61.6376208,82.370715,67.52451544,True,126387_70,32510
126387,2,70,1532.067,4643,500502,2136,Pass,Successful,82.64067,67.2011972,77.52916499999999,63.3861388,True,126387_70,32510
126387,2,70,1533.7009999999998,4643,187722,2138,Carry,,77.52916499999999,63.3861388,82.93887,65.3629396,True,126387_70,32510
126387,2,70,1536.3330000000003,4643,187722,2139,Pass,Unsuccessful,82.93887,65.3629396,84.013125,65.9844188,True,126387_70,32510
126387,2,70,1536.433,2353,500581,2140,Block,,21.04115999999999,1.9747199999999907,21.04115999999999,1.9747199999999907,False,126387_70,32511
126387,2,70,1538.433,4643,187722,2141,Recovery,,80.32626,62.297316,92.533455,48.341676,True,126387_70,32512
126387,2,70,1538.433,4643,187722,2142,Pass,Successful,80.32626,62.297316,92.533455,48.341676,True,126387_70,32512
