game_id,period_id,episode_id,time_seconds,team_id,player_id,action_id,type_name,result_name,start_x,start_y,end_x,end_y,is_home,game_episode,phase
126354,1,37,2387.033,4639,142258,1354,Goal Kick,Unsuccessful,5.665401,25.318507999999994,65.79069,14.128904,True,126354_37,22812
126354,1,37,2390.767,4641,187313,1355,Duel,Successful,39.53502,53.609568,39.53502,53.609568,False,126354_37,22813
126354,1,37,2391.333,4639,407605,1356,Recovery,,58.026255,14.466116,77.26677000000001,32.644352000000005,True,126354_37,22814
126354,1,37,2391.333,4639,407605,1357,Pass,Unsuccessful,58.026255,14.466116,77.26677000000001,32.644352000000005,True,126354_37,22814
126354,1,37,2393.4,4641,413677,1358,Recovery,,29.017065,36.299352,12.492795,30.148004,False,126354_37,22815
126354,1,37,2393.4,4641,413677,1359,Pass,Successful,29.017065,36.299352,12.492795,30.148004,False,126354_37,22815
126354,1,37,2396.9,4641,250957,1361,Pass,Successful,13.425195000000002,27.705648000000004,28.939785,33.000944,False,126354_37,22815
126354,1,37,2399.1340000000005,4641,500602,1363,Carry,,28.939785,33.000944,31.158960000000008,27.141316,False,126354_37,22815
126354,1,37,2400.866,4641,500602,1364,Pass,Successful,31.158960000000008,27.141316,34.85107500000001,13.434012000000005,False,126354_37,22815
126354,1,37,2402.9680000000003,4641,413677,1366,Carry,,34.85107500000001,13.434012000000005,38.421075,11.503899999999994,False,126354_37,22815
126354,1,37,2403.967,4641,413677,1367,Pass,Successful,38.421075,11.503899999999994,53.432715,0.0,False,126354_37,22815
126354,1,37,2405.6340000000005,4641,500586,1369,Carry,,53.432715,0.0,50.759625,4.174655999999999,False,126354_37,22815
126354,1,37,2406.6330000000003,4641,500586,1370,Pass,Successful,50.759625,4.174655999999999,41.092275,20.725584,False,126354_37,22815
126354,1,37,2408.833,4641,500602,1372,Pass,Successful,41.68689,21.391372000000004,38.38611,36.743868000000006,False,126354_37,22815
126354,1,37,2410.967,4641,187313,1374,Pass,Successful,38.474835,37.256588,54.73209,47.960196,False,126354_37,22815
126354,1,37,2412.4010000000003,4641,500604,1376,Carry,,54.73209,47.960196,58.92999,52.4297,False,126354_37,22815
126354,1,37,2413.833,4641,500604,1377,Pass,Successful,58.92999,52.4297,58.84221,66.4790916,False,126354_37,22815
126354,1,37,2415.6090000000004,4641,145831,1379,Carry,,58.84221,66.4790916,60.95355,64.0512468,False,126354_37,22815
126354,1,37,2417.3,4641,145831,1380,Pass,Successful,60.95355,64.0512468,66.336585,48.710508,False,126354_37,22815
