game_id,period_id,episode_id,time_seconds,team_id,player_id,action_id,type_name,result_name,start_x,start_y,end_x,end_y,is_home,game_episode,phase
126333,1,4,121.267,4643,500116,58,Goal Kick,Successful,1.7219159999999931,40.529292,4.905683999999994,45.851108,False,126333_4,16021
126333,1,4,122.501,4643,500115,60,Carry,,4.905683999999994,45.851108,14.984655000000004,44.954188,False,126333_4,16021
126333,1,4,128.367,4643,500115,61,Pass,Successful,14.984655000000004,44.954188,18.00519,19.579716,False,126333_4,16021
126333,1,4,130.368,4643,408792,63,Carry,,18.00519,19.579716,23.397255,20.177708,False,126333_4,16021
126333,1,4,132.7,4643,408792,64,Pass,Successful,23.397255,20.177708,34.437375,22.575048,False,126333_4,16021
126333,1,4,134.53300000000002,4643,500118,66,Pass,Successful,33.71486999999999,23.018136,39.01632000000001,32.057512,False,126333_4,16021
