game_id,period_id,episode_id,time_seconds,team_id,player_id,action_id,type_name,result_name,start_x,start_y,end_x,end_y,is_home,game_episode,phase
126350,1,36,2162.233,4648,62386,947,Pass_Corner,Unsuccessful,105.0,66.9683924,104.19696,34.719712,False,126350_36,21500
126350,1,36,2163.933,4644,62082,948,Recovery,,0.078134175,32.569688,0.078134175,32.569688,True,126350_36,21501
126350,1,36,2163.934,4644,62082,949,Carry,,0.078134175,32.569688,12.44502,32.6111,True,126350_36,21501
126350,1,36,2167.915,4644,62082,950,Pass,Successful,12.44502,32.6111,20.747055,52.113296,True,126350_36,21501
126350,1,36,2169.534,4644,500507,952,Carry,,20.747055,52.113296,50.615355,64.0750876,True,126350_36,21501
126350,1,36,2173.767,4644,500507,953,Pass,Unsuccessful,50.615355,64.0750876,59.317125,58.3899,True,126350_36,21501
126350,1,36,2175.2,4648,250101,954,Interception,,45.6351,9.931604,45.6351,9.931604,False,126350_36,21502
126350,1,36,2175.201,4648,250101,955,Carry,,45.6351,9.931604,50.885625,1.7377400000000025,False,126350_36,21502
126350,1,36,2177.567,4648,250101,956,Pass,Unsuccessful,50.885625,1.7377400000000025,50.72235,2.107047999999992,False,126350_36,21502
