game_id,period_id,episode_id,time_seconds,team_id,player_id,action_id,type_name,result_name,start_x,start_y,end_x,end_y,is_home,game_episode,phase
126317,1,10,483.533,4644,62112,195,Pass_Corner,Unsuccessful,105.0,68.0,99.398775,30.284412,True,126317_10,11107
126317,1,10,485.467,316,344466,196,Aerial Clearance,Successful,4.983699000000001,37.349884,4.983699000000001,37.349884,False,126317_10,11108
126317,1,10,485.467,316,344466,197,Catch,,4.983699000000001,37.349884,4.983699000000001,37.349884,False,126317_10,11108
126317,1,10,485.467,316,344466,198,Clearance,,4.983699000000001,37.349884,37.54411499999999,56.762184,False,126317_10,11108
126317,1,10,489.867,4644,62105,199,Recovery,,67.45588500000001,11.237816000000002,67.45588500000001,11.237816000000002,True,126317_10,11109
126317,1,10,489.868,4644,62105,200,Carry,,67.45588500000001,11.237816000000002,70.607775,7.626744000000002,True,126317_10,11109
126317,1,10,491.6,4644,62105,201,Cross,Successful,70.607775,7.626744000000002,96.86838,42.893924,True,126317_10,11109
126317,1,10,493.967,4644,342719,203,Pass,Unsuccessful,96.86838,42.893924,95.0744865,43.950848,True,126317_10,11109
