game_id,period_id,episode_id,time_seconds,team_id,player_id,action_id,type_name,result_name,start_x,start_y,end_x,end_y,is_home,game_episode,phase
126304,1,3,104.4,2353,356609,60,Throw-In,Successful,60.523680000000006,68.0,67.53894,55.312356,False,126304_3,6921
126304,1,3,105.967,2353,356621,61,Duel,Successful,67.53894,55.312356,67.53894,55.312356,False,126304_3,6921
126304,1,3,105.968,2353,356621,63,Carry,,67.53894,55.312356,77.93089499999999,48.591848000000006,False,126304_3,6921
126304,1,3,106.934,2353,356621,64,Intervention,,77.93089499999999,48.591848000000006,77.93089499999999,48.591848000000006,False,126304_3,6921
126304,1,3,107.9,4220,500527,65,Recovery,,27.069105,19.408151999999998,74.315535,14.4959,True,126304_3,6922
126304,1,3,107.9,4220,500527,66,Pass,Unsuccessful,27.069105,19.408151999999998,74.315535,14.4959,True,126304_3,6922
