game_id,period_id,episode_id,time_seconds,team_id,player_id,action_id,type_name,result_name,start_x,start_y,end_x,end_y,is_home,game_episode,phase
126391,2,79,2741.0330000000004,4648,500135,2572,Pass_Freekick,Successful,47.15928,9.195367999999997,44.541525,20.027496,False,126391_79,33673
126391,2,79,2742.101000000001,4648,250101,2574,Carry,,44.541525,20.027496,53.125905,29.65663600000001,False,126391_79,33673
126391,2,79,2744.8,4648,250101,2575,Pass,Successful,53.125905,29.65663600000001,67.99380000000001,44.076308,False,126391_79,33673
126391,2,79,2746.201,4648,188178,2577,Carry,,67.99380000000001,44.076308,87.71175000000001,50.061736,False,126391_79,33673
126391,2,79,2749.2,4648,188178,2578,Pass,Successful,87.71175000000001,50.061736,97.306545,59.813276,False,126391_79,33673
126391,2,79,2753.4000000000005,4648,250100,2580,Pass,Successful,96.98871,59.383108,79.41402,57.33726,False,126391_79,33673
