game_id,period_id,episode_id,time_seconds,team_id,player_id,action_id,type_name,result_name,start_x,start_y,end_x,end_y,is_home,game_episode,phase
126355,2,64,556.1179999999999,4657,360392,1785,Throw-In,Successful,15.588195,0.0,8.875272,5.373087999999996,True,126355_64,23203
126355,2,64,557.8650000000002,4657,500484,1787,Pass,Successful,9.042621,6.3357639999999975,11.208435,0.1600040000000007,True,126355_64,23203
126355,2,64,559.7900000000002,4657,360392,1789,Carry,,11.208435,0.1600040000000007,9.380154,2.690624,True,126355_64,23203
126355,2,64,560.6330000000003,4657,360392,1790,Pass,Successful,9.380154,2.690624,41.90886,22.643864,True,126355_64,23203
126355,2,64,563.2000000000003,4657,250172,1791,Duel,Successful,41.90886,22.643864,41.90886,22.643864,True,126355_64,23203
126355,2,64,563.2010000000002,4657,250172,1793,Carry,,41.90886,22.643864,42.734475,14.987948000000005,True,126355_64,23203
126355,2,64,564.1840000000001,4657,250172,1794,Intervention,,42.734475,14.987948000000005,42.734475,14.987948000000005,True,126355_64,23203
126355,2,64,565.1669999999999,4657,500481,1795,Recovery,,42.734475,14.987948000000005,51.10392,21.727632,True,126355_64,23203
126355,2,64,565.1669999999999,4657,500481,1796,Pass,Unsuccessful,42.734475,14.987948000000005,51.10392,21.727632,True,126355_64,23203
