game_id,period_id,episode_id,time_seconds,team_id,player_id,action_id,type_name,result_name,start_x,start_y,end_x,end_y,is_home,game_episode,phase
126309,2,61,2310.4000000000005,4646,500460,2807,Goal Kick,Unsuccessful,4.836415500000001,41.08832,68.65593,48.93314,False,126309_61,8620
126309,2,61,2313.0330000000004,4648,250108,2808,Interception,,36.75189,22.02316,36.75189,22.02316,True,126309_61,8621
126309,2,61,2313.0330000000004,4648,250108,2809,Clearance,,36.75189,22.02316,45.98937,22.457272000000003,True,126309_61,8621
126309,2,61,2314.1670000000004,4648,500135,2810,Recovery,,45.98937,22.457272000000003,55.604115,26.206724,True,126309_61,8621
126309,2,61,2314.1670000000004,4648,500135,2811,Pass,Unsuccessful,45.98937,22.457272000000003,55.604115,26.206724,True,126309_61,8621
126309,2,61,2315.5,4646,500452,2812,Interception,,48.723675,41.987348,48.723675,41.987348,False,126309_61,8622
126309,2,61,2315.5,4646,500452,2813,Clearance,,48.723675,41.987348,79.593885,31.484952,False,126309_61,8622
126309,2,61,2318.433,4648,500140,2814,Recovery,,25.406115,36.515048,42.087255,46.93666,True,126309_61,8623
126309,2,61,2318.433,4648,500140,2815,Pass,Unsuccessful,25.406115,36.515048,42.087255,46.93666,True,126309_61,8623
126309,2,61,2320.6670000000004,4646,250145,2816,Recovery,,62.901195,21.113252000000003,63.904680000000006,22.183300000000003,False,126309_61,8624
126309,2,61,2320.6670000000004,4646,250145,2817,Pass,Unsuccessful,62.901195,21.113252000000003,65.862195,0.0,False,126309_61,8624
