game_id,period_id,episode_id,time_seconds,team_id,player_id,action_id,type_name,result_name,start_x,start_y,end_x,end_y,is_home,game_episode,phase
126306,2,63,1024.4160000000002,4648,77414,2021,Pass_Freekick,Successful,69.07257,43.393724000000006,74.848305,37.050956,True,126306_63,7684
126306,2,63,1025.322,4648,500142,2023,Pass,Successful,74.848305,37.050956,71.221395,35.933988,True,126306_63,7684
126306,2,63,1026.341,4648,77414,2025,Pass,Unsuccessful,71.221395,35.933988,89.72166,29.826772000000005,True,126306_63,7684
