game_id,period_id,episode_id,time_seconds,team_id,player_id,action_id,type_name,result_name,start_x,start_y,end_x,end_y,is_home,game_episode,phase
126392,2,67,2173.6000000000004,4657,250167,2604,Goal Kick,Successful,5.090662499999993,31.31162,15.189615000000003,49.480744,False,126392_67,33939
126392,2,67,2178.75,4657,500476,2606,Pass,Successful,15.033900000000004,48.176028,11.222084999999993,32.849168,False,126392_67,33939
126392,2,67,2180.549,4657,250167,2608,Carry,,11.222084999999993,32.849168,18.69115500000001,33.632392,False,126392_67,33939
126392,2,67,2185.474,4657,250167,2609,Pass,Successful,18.69115500000001,33.632392,23.40114,52.78092,False,126392_67,33939
126392,2,67,2188.092000000001,4657,500476,2611,Pass,Successful,23.248155,52.190544,33.67917,42.482048000000006,False,126392_67,33939
126392,2,67,2190.755,4657,500478,2613,Pass,Successful,34.75332,42.349924,51.79965,25.76826,False,126392_67,33939
126392,2,67,2192.8150000000005,4657,500472,2615,Carry,,51.79965,25.76826,54.68064,15.858348,False,126392_67,33939
126392,2,67,2194.4000000000005,4657,500472,2616,Pass,Successful,54.68064,15.858348,61.450515,3.3224799999999988,False,126392_67,33939
