game_id,period_id,episode_id,time_seconds,team_id,player_id,action_id,type_name,result_name,start_x,start_y,end_x,end_y,is_home,game_episode,phase
126300,1,40,2851.3,2354,61979,1442,Pass_Freekick,Successful,64.239945,64.9970452,67.15254,56.087148,True,126300_40,5769
126300,1,40,2853.1330000000003,2354,250037,1444,Carry,,68.30376,55.338944,75.410685,56.483316,True,126300_40,5769
126300,1,40,2854.6,2354,250037,1445,Pass,Successful,75.410685,56.483316,78.73246499999999,49.810204,True,126300_40,5769
126300,1,40,2855.367,2354,77545,1447,Pass,Unsuccessful,78.73246499999999,49.810204,99.3869205,39.944016000000005,True,126300_40,5769
