game_id,period_id,episode_id,time_seconds,team_id,player_id,action_id,type_name,result_name,start_x,start_y,end_x,end_y,is_home,game_episode,phase
126313,2,70,2721.214,2354,142106,3213,Throw-In,Successful,62.737395,0.0,55.91376,3.6298400000000015,True,126313_70,9998
126313,2,70,2723.215,2354,500145,3215,Pass,Successful,55.77578999999999,2.6622679999999974,57.028545,0.3588359999999966,True,126313_70,9998
126313,2,70,2725.3330000000005,2354,142106,3217,Pass,Unsuccessful,57.55449,0.2338519999999988,60.12426,1.2819360000000015,True,126313_70,9998
