game_id,period_id,episode_id,time_seconds,team_id,player_id,action_id,type_name,result_name,start_x,start_y,end_x,end_y,is_home,game_episode,phase
126358,1,13,577.7,316,500126,371,Throw-In,Successful,64.89546,0.0,78.35299499999999,7.569148000000005,True,126358_13,24007
126358,1,13,579.0,316,286696,372,Duel,Successful,78.35299499999999,7.569148000000005,78.35299499999999,7.569148000000005,True,126358_13,24007
126358,1,13,579.001,316,286696,374,Carry,,78.35299499999999,7.569148000000005,76.191045,13.574295999999997,True,126358_13,24007
126358,1,13,579.567,316,286696,375,Intervention,,76.191045,13.574295999999997,76.191045,13.574295999999997,True,126358_13,24007
126358,1,13,580.133,316,188266,376,Recovery,,76.191045,13.574295999999997,76.191045,13.574295999999997,True,126358_13,24007
126358,1,13,580.367,4644,500520,377,Intervention,,27.875085,54.395444,27.875085,54.395444,False,126358_13,24008
126358,1,13,581.667,4644,325355,378,Recovery,,26.47879499999999,48.852832,17.96991,35.362312,False,126358_13,24008
126358,1,13,581.667,4644,325355,379,Pass,Successful,26.47879499999999,48.852832,17.96991,35.362312,False,126358_13,24008
126358,1,13,583.826,4644,62086,381,Pass,Unsuccessful,17.96991,35.362312,58.437015,68.0,False,126358_13,24008
