game_id,period_id,episode_id,time_seconds,team_id,player_id,action_id,type_name,result_name,start_x,start_y,end_x,end_y,is_home,game_episode,phase
126330,1,52,2747.5,4644,250076,1296,Pass_Corner,Successful,104.951175,67.983429896,97.34088,22.412596,True,126330_52,15270
126330,1,52,2749.7000000000003,4644,62086,1298,Pass,Successful,97.34088,22.412596,95.824365,37.780936,True,126330_52,15270
126330,1,52,2751.233,4644,145716,1299,Duel,Successful,95.824365,37.780936,95.824365,37.780936,True,126330_52,15270
126330,1,52,2751.2340000000004,4644,145716,1301,Carry,,95.824365,37.780936,97.5722895,32.55126,True,126330_52,15270
126330,1,52,2753.167,4657,360391,1302,Clearance,,7.427710500000003,35.44874,15.798509999999991,32.835296,False,126330_52,15271
126330,1,52,2753.9,4644,500520,1303,Duel,Successful,89.20149,35.164704,87.553515,40.069,True,126330_52,15272
126330,1,52,2753.9,4644,500520,1304,Recovery,,89.20149,35.164704,87.553515,40.069,True,126330_52,15272
126330,1,52,2753.9,4644,500520,1305,Pass,Successful,89.20149,35.164704,87.553515,40.069,True,126330_52,15272
