game_id,period_id,episode_id,time_seconds,team_id,player_id,action_id,type_name,result_name,start_x,start_y,end_x,end_y,is_home,game_episode,phase
126381,2,83,2655.967000000001,4643,413926,2707,Pass_Freekick,Successful,33.618375,6.016232000000002,23.99523,19.648804,True,126381_83,30822
126381,2,83,2657.701,4643,408792,2709,Carry,,23.99523,19.648804,23.2407,25.07942,True,126381_83,30822
126381,2,83,2659.733,4643,408792,2710,Pass,Successful,23.2407,25.07942,22.10985,53.375376,True,126381_83,30822
126381,2,83,2663.3,4643,145673,2712,Pass,Successful,23.43558,53.528444,30.75387,65.7288952,True,126381_83,30822
126381,2,83,2665.367,4643,187794,2714,Pass,Successful,32.592315,66.2904324,89.30964,65.7113036,True,126381_83,30822
