game_id,period_id,episode_id,time_seconds,team_id,player_id,action_id,type_name,result_name,start_x,start_y,end_x,end_y,is_home,game_episode,phase
126390,2,83,2992.6670000000004,2354,142109,2796,Goal Kick,Unsuccessful,5.558185499999993,25.751667999999995,66.883425,16.827348,False,126390_83,33431
126390,2,83,2996.3330000000005,4641,355790,2797,Interception,,37.400265,51.645796,37.400265,51.645796,True,126390_83,33432
126390,2,83,2996.3330000000005,4641,355790,2798,Clearance,,37.400265,51.645796,43.29591,54.499416,True,126390_83,33432
126390,2,83,2998.867,4641,413678,2799,Recovery,,43.29591,54.499416,45.60192,62.1989132,True,126390_83,33432
126390,2,83,2998.867,4641,413678,2800,Pass,Successful,43.29591,54.499416,45.60192,62.1989132,True,126390_83,33432
