game_id,period_id,episode_id,time_seconds,team_id,player_id,action_id,type_name,result_name,start_x,start_y,end_x,end_y,is_home,game_episode,phase
126383,2,37,353.933,4646,500460,1869,Goal Kick,Unsuccessful,2.5158315000000044,27.143016000000003,57.015,22.800196,False,126383_37,31287
126383,2,37,357.0329999999999,4640,491834,1870,Interception,,47.866245,45.156012,53.620035,49.557652,True,126383_37,31288
126383,2,37,357.0329999999999,4640,491834,1871,Pass,Successful,47.866245,45.156012,53.620035,49.557652,True,126383_37,31288
