game_id,period_id,episode_id,time_seconds,team_id,player_id,action_id,type_name,result_name,start_x,start_y,end_x,end_y,is_home,game_episode,phase
126397,2,66,1658.3670000000002,2353,356626,2007,Goal Kick,Unsuccessful,4.4734935,24.5888,70.883505,11.247403999999996,True,126397_66,35356
126397,2,66,1662.3000000000002,4644,500520,2008,Duel,Successful,34.314629999999994,57.230976,34.314629999999994,57.230976,False,126397_66,35357
126397,2,66,1663.611,4644,250076,2009,Recovery,,23.60883,60.078884,39.93034499999999,62.5156232,False,126397_66,35357
126397,2,66,1663.611,4644,250076,2010,Pass,Unsuccessful,23.60883,60.078884,39.93034499999999,62.5156232,False,126397_66,35357
126397,2,66,1665.1000000000004,2353,500562,2011,Recovery,,65.18862,5.987671999999996,77.621145,3.038104000000004,True,126397_66,35358
126397,2,66,1665.1000000000004,2353,500562,2012,Pass,Successful,65.18862,5.987671999999996,77.621145,3.038104000000004,True,126397_66,35358
126397,2,66,1666.933,2353,500563,2014,Pass,Unsuccessful,77.952105,0.4978279999999984,78.399405,1.9729519999999925,True,126397_66,35358
