game_id,period_id,episode_id,time_seconds,team_id,player_id,action_id,type_name,result_name,start_x,start_y,end_x,end_y,is_home,game_episode,phase
126353,2,62,1392.1550000000002,2354,150851,2048,Pass_Freekick,Successful,42.20349,7.861276000000004,28.093065,14.728392,True,126353_62,22559
126353,2,62,1394.353,2354,61981,2050,Pass,Successful,26.628315,15.833188,15.157065,31.658216000000003,True,126353_62,22559
126353,2,62,1396.5950000000005,2354,142109,2052,Pass,Successful,15.16452,32.080156,14.092995,48.30312000000001,True,126353_62,22559
126353,2,62,1398.8360000000002,2354,250036,2054,Pass,Successful,12.072375,50.244316,33.05883,65.7463576,True,126353_62,22559
126353,2,62,1401.594,2354,61979,2056,Carry,,34.174875,65.4840408,41.635965000000006,61.5522332,True,126353_62,22559
126353,2,62,1403.656,2354,61979,2057,Pass,Successful,41.635965000000006,61.5522332,73.192245,39.571308,True,126353_62,22559
