game_id,period_id,episode_id,time_seconds,team_id,player_id,action_id,type_name,result_name,start_x,start_y,end_x,end_y,is_home,game_episode,phase
126325,1,7,884.667,4648,500136,526,Throw-In,Successful,73.33746,68.0,63.410655,67.0806876,True,126325_7,13563
126325,1,7,887.669,4648,500140,528,Pass,Successful,62.733195,64.995794,72.21564000000001,61.6783732,True,126325_7,13563
126325,1,7,890.467,4648,188178,530,Pass,Successful,72.43551,58.952056,30.998415,41.945868,True,126325_7,13563
126325,1,7,895.133,4648,250079,532,Pass,Successful,30.998415,41.945868,40.73076,27.239372000000003,True,126325_7,13563
126325,1,7,896.901,4648,500138,534,Carry,,40.73076,27.239372000000003,48.61899,19.570808,True,126325_7,13563
126325,1,7,900.833,4648,500138,535,Pass,Unsuccessful,48.61899,19.570808,57.469440000000006,11.144451999999994,True,126325_7,13563
