game_id,period_id,episode_id,time_seconds,team_id,player_id,action_id,type_name,result_name,start_x,start_y,end_x,end_y,is_home,game_episode,phase
126328,1,30,1864.9,4640,491833,894,Pass,Successful,52.586835,34.209644,43.10376,33.281852,False,126328_30,14618
126328,1,30,1867.833,4640,246403,896,Pass,Successful,42.61572,32.720376,41.05563,44.47404,False,126328_30,14618
126328,1,30,1869.8,4640,146174,898,Pass,Successful,41.11611,44.520212,50.770335,66.4149132,False,126328_30,14618
126328,1,30,1872.533,4640,491835,900,Pass,Successful,51.60162,66.226628,36.06792,54.647044,False,126328_30,14618
126328,1,30,1875.933,4640,61913,902,Pass,Successful,38.423805,52.812472,32.22492,36.508588,False,126328_30,14618
126328,1,30,1883.4,4640,146168,904,Pass,Successful,29.721090000000004,35.399032,23.560950000000005,51.636956,False,126328_30,14618
126328,1,30,1885.733,4640,61913,906,Pass,Unsuccessful,23.618070000000003,53.879936,27.300209999999996,56.072732,False,126328_30,14618
