game_id,period_id,episode_id,time_seconds,team_id,player_id,action_id,type_name,result_name,start_x,start_y,end_x,end_y,is_home,game_episode,phase
126313,1,33,2356.6,2354,77545,1543,Pass_Freekick,Successful,77.125965,64.220696,93.802065,31.23029200000001,True,126313_33,9826
126313,1,33,2358.333,2354,289401,1545,Shot,On Target,93.802065,31.23029200000001,105.0,33.564308224,True,126313_33,9826
126313,1,33,2359.625,4220,354813,1546,Catch,,0.6947892000000024,35.914472,0.6947892000000024,35.914472,False,126313_33,9827
126313,1,33,2362.346,4220,354813,1547,Pass,Successful,11.298419999999991,35.763444,66.393705,8.009108000000005,False,126313_33,9827
126313,1,33,2366.8680000000004,4220,500549,1549,Carry,,66.393705,8.009108000000005,64.390725,4.924627999999999,False,126313_33,9827
126313,1,33,2368.111,4220,500549,1550,Pass,Successful,64.390725,4.924627999999999,68.25808500000001,16.016108000000003,False,126313_33,9827
126313,1,33,2369.6620000000003,4220,252489,1552,Carry,,68.25808500000001,16.016108000000003,80.71759499999999,28.417608,False,126313_33,9827
126313,1,33,2373.692,4220,252489,1553,Pass,Successful,80.71759499999999,28.417608,92.75637,18.904136,False,126313_33,9827
