game_id,period_id,episode_id,time_seconds,team_id,player_id,action_id,type_name,result_name,start_x,start_y,end_x,end_y,is_home,game_episode,phase
126304,2,98,2436.767,2353,356614,2695,Throw-In,Unsuccessful,77.22424500000001,0.0,78.35488500000001,8.444716,False,126304_98,7137
126304,2,98,2437.467000000001,4220,354812,2696,Interception,,26.653830000000003,59.820552,35.258055,51.291584,True,126304_98,7138
126304,2,98,2437.467000000001,4220,354812,2697,Pass,Successful,26.653830000000003,59.820552,35.258055,51.291584,True,126304_98,7138
126304,2,98,2438.733,4220,500549,2699,Pass,Successful,35.258055,51.291584,31.59072,55.267476,True,126304_98,7138
126304,2,98,2439.567,4220,354812,2701,Pass,Unsuccessful,31.59072,55.267476,58.941225,68.0,True,126304_98,7138
