game_id,period_id,episode_id,time_seconds,team_id,player_id,action_id,type_name,result_name,start_x,start_y,end_x,end_y,is_home,game_episode,phase
126346,1,47,2991.1330000000003,4646,61623,1560,Throw-In,Successful,88.740645,68.0,86.395575,64.5065,False,126346_47,20248
126346,1,47,2993.533,4646,356597,1562,Pass,Successful,84.95088,64.7410864,68.28843,53.471528,False,126346_47,20248
126346,1,47,2995.101,4646,146189,1564,Carry,,68.28843,53.471528,62.62011,48.45306,False,126346_47,20248
126346,1,47,2996.667,4646,146189,1565,Pass,Successful,62.62011,48.45306,57.624945,23.129724,False,126346_47,20248
126346,1,47,3000.7000000000003,4646,161122,1567,Pass,Successful,57.741075,23.308496,51.346155,39.031932,False,126346_47,20248
