game_id,period_id,episode_id,time_seconds,team_id,player_id,action_id,type_name,result_name,start_x,start_y,end_x,end_y,is_home,game_episode,phase
126366,1,51,2712.6330000000003,4220,354812,1314,Pass_Freekick,Successful,47.76156,29.908848,41.303955,25.5884,False,126366_51,26422
126366,1,51,2714.367,4220,143588,1316,Pass,Successful,41.303955,25.5884,50.548995,4.111688000000001,False,126366_51,26422
126366,1,51,2719.6330000000003,4220,287282,1318,Pass,Successful,51.49914,2.724896000000001,36.49379999999999,18.998588,False,126366_51,26422
126366,1,51,2721.534,4220,143588,1320,Carry,,36.49379999999999,18.998588,46.219845,19.102152,False,126366_51,26422
126366,1,51,2726.833,4220,143588,1321,Pass,Unsuccessful,46.219845,19.102152,71.232315,18.76936000000001,False,126366_51,26422
126366,1,51,2728.1330000000003,4641,145831,1322,Interception,,33.3711,49.076008,46.899405,58.08764,True,126366_51,26423
126366,1,51,2728.1330000000003,4641,145831,1323,Pass,Successful,33.3711,49.076008,46.899405,58.08764,True,126366_51,26423
