game_id,period_id,episode_id,time_seconds,team_id,player_id,action_id,type_name,result_name,start_x,start_y,end_x,end_y,is_home,game_episode,phase
126330,2,61,627.5999999999999,4644,62105,1640,Throw-In,Successful,41.79966,0.0,38.86701,4.116448000000005,True,126330_61,15312
126330,2,61,628.4670000000001,4644,342719,1642,Pass,Successful,38.86701,4.116448000000005,41.7669,0.0333200000000033,True,126330_61,15312
126330,2,61,629.2330000000002,4644,62105,1644,Pass,Unsuccessful,41.7669,0.0333200000000033,23.618175,18.919844,True,126330_61,15312
