game_id,period_id,episode_id,time_seconds,team_id,player_id,action_id,type_name,result_name,start_x,start_y,end_x,end_y,is_home,game_episode,phase
126372,1,29,2671.4,4643,83615,1464,Throw-In,Unsuccessful,20.72553,68.0,40.722885,65.1800128,True,126372_29,28261
126372,1,29,2673.033,4640,246402,1465,Duel,Successful,64.00065000000001,2.985743999999997,64.00065000000001,2.985743999999997,False,126372_29,28262
126372,1,29,2673.033,4640,246402,1466,Intervention,,64.00065000000001,2.985743999999997,64.00065000000001,2.985743999999997,False,126372_29,28262
126372,1,29,2675.167,4640,354791,1467,Recovery,,53.0628,1.5717520000000036,54.273345000000006,2.305744000000004,False,126372_29,28262
126372,1,29,2675.167,4640,354791,1468,Pass,Unsuccessful,53.0628,1.5717520000000036,54.273345000000006,2.305744000000004,False,126372_29,28262
