game_id,period_id,episode_id,time_seconds,team_id,player_id,action_id,type_name,result_name,start_x,start_y,end_x,end_y,is_home,game_episode,phase
126471,1,34,1954.8,4644,250055,1066,Pass_Freekick,Successful,49.44933,40.680116,46.97721,41.095936,False,126471_34,56242
126471,1,34,1955.5,4644,500505,1068,Pass,Successful,46.97721,41.095936,38.499930000000006,58.398808,False,126471_34,56242
126471,1,34,1957.633,4644,500520,1070,Pass,Successful,39.12867,58.695152,47.31447,66.8635636,False,126471_34,56242
126471,1,34,1959.057,4644,250075,1072,Pass,Successful,47.31447,66.8635636,35.07482999999999,60.32144,False,126471_34,56242
126471,1,34,1961.369,4644,500520,1074,Pass,Successful,35.363789999999995,60.09874,43.041285,58.94274,False,126471_34,56242
126471,1,34,1962.37,4644,500505,1076,Pass,Successful,42.79002,58.43512,43.40721,66.8307944,False,126471_34,56242
