game_id,period_id,episode_id,time_seconds,team_id,player_id,action_id,type_name,result_name,start_x,start_y,end_x,end_y,is_home,game_episode,phase
126410,2,79,2178.067,4220,500552,2471,Goal Kick,Successful,4.193847000000005,37.726808000000005,32.83014,47.403004,False,126410_79,39043
126410,2,79,2180.1680000000006,4220,354812,2473,Carry,,32.83014,47.403004,35.15610000000001,51.303348,False,126410_79,39043
126410,2,79,2181.233,4220,354812,2474,Pass,Successful,35.15610000000001,51.303348,65.32039499999999,67.2889988,False,126410_79,39043
126410,2,79,2184.034000000001,4220,500549,2476,Carry,,65.32039499999999,67.2889988,82.892985,48.16882,False,126410_79,39043
126410,2,79,2188.767,4220,500549,2477,Pass,Unsuccessful,82.892985,48.16882,83.629035,45.203884,False,126410_79,39043
