game_id,period_id,episode_id,time_seconds,team_id,player_id,action_id,type_name,result_name,start_x,start_y,end_x,end_y,is_home,game_episode,phase
126472,2,47,392.8670000000002,4640,529332,1539,Pass_Freekick,Successful,43.00947,6.010180000000005,37.77606,12.619644,True,126472_47,56586
126472,2,47,393.9680000000001,4640,527821,1541,Carry,,37.77606,12.619644,46.345845,16.626748,True,126472_47,56586
126472,2,47,400.8330000000001,4640,527821,1542,Pass,Successful,46.345845,16.626748,59.992695,4.010300000000001,True,126472_47,56586
