game_id,period_id,episode_id,time_seconds,team_id,player_id,action_id,type_name,result_name,start_x,start_y,end_x,end_y,is_home,game_episode,phase
126420,1,3,288.967,2353,500562,207,Throw-In,Successful,87.82998,0.0,93.314655,7.649864000000001,True,126420_3,41613
126420,1,3,290.66700000000003,2353,500581,209,Pass,Successful,91.86618,5.922936,83.94393,8.372908000000002,True,126420_3,41613
126420,1,3,292.034,2353,526918,211,Carry,,83.94393,8.372908000000002,88.13069999999999,16.474292,True,126420_3,41613
126420,1,3,294.033,2353,526918,212,Pass,Successful,88.13069999999999,16.474292,90.922755,21.47814,True,126420_3,41613
126420,1,3,294.333,2353,526908,214,Pass,Successful,90.922755,21.47814,95.94984,20.652144,True,126420_3,41613
