game_id,period_id,episode_id,time_seconds,team_id,player_id,action_id,type_name,result_name,start_x,start_y,end_x,end_y,is_home,game_episode,phase
126452,1,17,833.5,4644,250060,471,Goal Kick,Unsuccessful,5.24832,39.174392,50.648115,58.27226,True,126452_17,50418
126452,1,17,837.067,4646,250148,472,Duel,Successful,54.35167499999999,10.423311999999996,54.35167499999999,10.423311999999996,False,126452_17,50419
126452,1,17,838.933,4646,61616,473,Recovery,,51.005955,4.776319999999998,80.680215,25.048344,False,126452_17,50419
126452,1,17,838.933,4646,61616,474,Pass,Unsuccessful,51.005955,4.776319999999998,80.680215,25.048344,False,126452_17,50419
126452,1,17,841.767,4644,500515,475,Recovery,,25.14792,44.133632,3.2869515,33.988780000000006,True,126452_17,50420
126452,1,17,841.767,4644,500515,476,Pass,Successful,25.14792,44.133632,3.2869515,33.988780000000006,True,126452_17,50420
