game_id,period_id,episode_id,time_seconds,team_id,player_id,action_id,type_name,result_name,start_x,start_y,end_x,end_y,is_home,game_episode,phase
126417,1,29,1854.833,4641,250957,1025,Goal Kick,Successful,1.818978,27.930932,13.468455,15.160396,True,126417_29,40858
126417,1,29,1857.033,4641,215816,1027,Pass,Successful,13.468455,15.160396,15.57696,36.013752,True,126417_29,40858
126417,1,29,1859.567,4641,346035,1029,Pass,Successful,15.480465,34.520404,16.303245,4.439515999999998,True,126417_29,40858
126417,1,29,1862.568,4641,215816,1031,Carry,,16.303245,4.439515999999998,17.82921,1.670419999999993,True,126417_29,40858
126417,1,29,1863.6,4641,215816,1032,Pass,Successful,17.82921,1.670419999999993,28.15302,11.247064000000002,True,126417_29,40858
126417,1,29,1864.768,4641,500602,1034,Carry,,28.15302,11.247064000000002,28.43442,6.694327999999999,True,126417_29,40858
126417,1,29,1865.967,4641,500602,1035,Pass,Successful,28.43442,6.694327999999999,33.394725,1.2706479999999942,True,126417_29,40858
126417,1,29,1866.8,4641,500586,1037,Pass,Successful,33.394725,1.2706479999999942,51.335025,27.51008,True,126417_29,40858
