game_id,period_id,episode_id,time_seconds,team_id,player_id,action_id,type_name,result_name,start_x,start_y,end_x,end_y,is_home,game_episode,phase
126403,2,70,1283.433,2353,526919,2117,Throw-In,Successful,75.733665,68.0,51.049215,61.6042056,False,126403_70,36953
126403,2,70,1286.886,2353,500561,2119,Pass,Successful,51.037455,60.328036,56.386365,51.297296,False,126403_70,36953
126403,2,70,1287.928,2353,500569,2121,Carry,,56.386365,51.297296,66.99084,34.486268,False,126403_70,36953
126403,2,70,1292.413,2353,500569,2122,Pass,Successful,66.99084,34.486268,70.66374,11.594544,False,126403_70,36953
126403,2,70,1294.819,2353,500562,2124,Pass,Successful,70.66374,11.594544,74.88117,3.468680000000006,False,126403_70,36953
