game_id,period_id,episode_id,time_seconds,team_id,player_id,action_id,type_name,result_name,start_x,start_y,end_x,end_y,is_home,game_episode,phase
126415,2,73,2518.933,316,77582,2678,Pass_Freekick,Successful,22.410570000000007,11.028852,80.124765,12.49534,False,126415_73,40478
126415,2,73,2522.6000000000004,316,286696,2679,Duel,Successful,80.124765,12.49534,80.124765,12.49534,False,126415_73,40478
126415,2,73,2522.601000000001,316,286696,2681,Carry,,80.124765,12.49534,74.391555,1.720671999999993,False,126415_73,40478
126415,2,73,2523.500500000001,316,286696,2682,Intervention,,74.391555,1.720671999999993,74.391555,1.720671999999993,False,126415_73,40478
126415,2,73,2524.4000000000005,316,143410,2683,Recovery,,74.391555,1.720671999999993,74.391555,1.720671999999993,False,126415_73,40478
126415,2,73,2525.0,316,143410,2684,Pass,Unsuccessful,73.390275,1.294243999999992,72.284205,1.6337680000000034,False,126415_73,40478
