game_id,period_id,episode_id,time_seconds,team_id,player_id,action_id,type_name,result_name,start_x,start_y,end_x,end_y,is_home,game_episode,phase
126444,1,22,1481.0,4648,250100,632,Throw-In,Unsuccessful,27.325515,68.0,44.497635,62.6762052,False,126444_22,48198
126444,1,22,1482.7,4643,187259,633,Interception,,61.027995,6.017796000000004,73.01427000000001,0.2562920000000019,True,126444_22,48199
126444,1,22,1482.7,4643,187259,634,Pass,Unsuccessful,61.027995,6.017796000000004,73.01427000000001,0.2562920000000019,True,126444_22,48199
126444,1,22,1484.767,4648,250100,635,Recovery,,31.618124999999992,67.0755468,53.044005,56.9143,False,126444_22,48200
126444,1,22,1484.767,4648,250100,636,Pass,Unsuccessful,31.618124999999992,67.0755468,48.457185,51.302396,False,126444_22,48200
