game_id,period_id,episode_id,time_seconds,team_id,player_id,action_id,type_name,result_name,start_x,start_y,end_x,end_y,is_home,game_episode,phase
126441,2,75,2724.567,4639,345445,2696,Pass_Corner,Unsuccessful,105.0,0.0,101.575845,27.169808000000003,False,126441_75,47570
126441,2,75,2725.6670000000004,4640,413675,2697,Interception,,3.858456,42.3028,3.858456,42.3028,True,126441_75,47571
126441,2,75,2725.6670000000004,4640,413675,2698,Clearance,,3.858456,42.3028,28.67067,42.892496,True,126441_75,47571
126441,2,75,2728.367,4639,250902,2699,Recovery,,76.32933,25.107504,54.76841999999999,28.778892,False,126441_75,47572
126441,2,75,2728.367,4639,250902,2700,Pass,Successful,76.32933,25.107504,54.76841999999999,28.778892,False,126441_75,47572
126441,2,75,2731.233,4639,187316,2702,Pass,Successful,54.76841999999999,28.778892,59.62383,11.789839999999998,False,126441_75,47572
