game_id,period_id,episode_id,time_seconds,team_id,player_id,action_id,type_name,result_name,start_x,start_y,end_x,end_y,is_home,game_episode,phase
126449,2,50,280.8330000000001,4220,500549,1769,Throw-In,Successful,54.289515,68.0,66.119025,53.12738,True,126449_50,49736
126449,2,50,282.6679999999999,4220,500530,1771,Carry,,66.119025,53.12738,68.69992500000001,45.9595,True,126449_50,49736
126449,2,50,284.2670000000003,4220,500530,1772,Pass,Successful,68.69992500000001,45.9595,70.003605,36.40176,True,126449_50,49736
126449,2,50,285.0,4220,500554,1774,Pass,Successful,70.003605,36.40176,85.964025,53.128944,True,126449_50,49736
