game_id,period_id,episode_id,time_seconds,team_id,player_id,action_id,type_name,result_name,start_x,start_y,end_x,end_y,is_home,game_episode,phase
126429,1,22,1385.2,4648,360165,662,Pass_Freekick,Successful,55.75962,21.5186,46.07337,47.828752,True,126429_22,43988
126429,1,22,1387.934,4648,145703,664,Carry,,46.07337,47.828752,50.25195,47.847928,True,126429_22,43988
126429,1,22,1396.168,4648,145703,665,Pass,Successful,50.25195,47.847928,48.04086,27.580051999999995,True,126429_22,43988
126429,1,22,1398.001,4648,360165,667,Carry,,48.04086,27.580051999999995,56.30877,22.880368,True,126429_22,43988
126429,1,22,1403.3,4648,360165,668,Pass,Unsuccessful,56.30877,22.880368,76.551405,68.0,True,126429_22,43988
