game_id,period_id,episode_id,time_seconds,team_id,player_id,action_id,type_name,result_name,start_x,start_y,end_x,end_y,is_home,game_episode,phase
126418,2,44,209.433,4646,500452,1590,Pass_Freekick,Successful,58.92579,25.163604,74.36793,64.3982372,False,126418_44,41139
126418,2,44,211.70100000000028,4646,61623,1592,Carry,,74.36793,64.3982372,79.182705,65.797718,False,126418_44,41139
126418,2,44,214.73300000000015,4646,61623,1593,Pass,Successful,79.182705,65.797718,73.544625,61.05108,False,126418_44,41139
126418,2,44,215.82700000000025,4646,356596,1595,Pass,Successful,73.544625,61.05108,73.65498,64.6425,False,126418_44,41139
126418,2,44,216.73300000000015,4646,61623,1597,Pass,Successful,73.65498,64.6425,51.068955,54.125008,False,126418_44,41139
126418,2,44,218.63400000000027,4646,356604,1599,Carry,,51.068955,54.125008,49.180215,49.300204,False,126418_44,41139
126418,2,44,220.41200000000023,4646,356604,1600,Pass,Successful,49.180215,49.300204,69.87498,3.304596000000004,False,126418_44,41139
126418,2,44,223.2860000000001,4646,146188,1602,Pass,Successful,69.87498,3.304596000000004,79.14395999999999,12.366684,False,126418_44,41139
