game_id,period_id,episode_id,time_seconds,team_id,player_id,action_id,type_name,result_name,start_x,start_y,end_x,end_y,is_home,game_episode,phase
126479,1,45,2326.611,4657,528956,989,Pass_Freekick,Unsuccessful,36.560055000000006,59.735348,71.00226,14.226211999999997,False,126479_45,58888
126479,1,45,2329.167,4641,360162,990,Recovery,,33.96414,52.921204,47.030865,65.1419192,True,126479_45,58889
126479,1,45,2329.167,4641,360162,991,Pass,Unsuccessful,33.96414,52.921204,47.030865,65.1419192,True,126479_45,58889
