game_id,period_id,episode_id,time_seconds,team_id,player_id,action_id,type_name,result_name,start_x,start_y,end_x,end_y,is_home,game_episode,phase
126451,2,70,1992.7,4639,142258,2061,Goal Kick,Successful,0.8569081499999953,25.555148000000003,4.902828,22.549412000000004,False,126451_70,50333
126451,2,70,1993.6680000000003,4639,527819,2063,Carry,,4.902828,22.549412000000004,14.678894999999995,28.449296,False,126451_70,50333
126451,2,70,2003.367,4639,527819,2064,Pass,Successful,14.678894999999995,28.449296,8.406268499999996,39.09728,False,126451_70,50333
126451,2,70,2005.468,4639,142258,2066,Carry,,8.406268499999996,39.09728,12.259590000000005,33.981436,False,126451_70,50333
126451,2,70,2007.8330000000003,4639,142258,2067,Pass,Unsuccessful,12.259590000000005,33.981436,18.393585,17.251736,False,126451_70,50333
