game_id,period_id,episode_id,time_seconds,team_id,player_id,action_id,type_name,result_name,start_x,start_y,end_x,end_y,is_home,game_episode,phase
126417,2,84,2360.467000000001,4639,142258,2455,Goal Kick,Unsuccessful,5.271377999999999,39.153516,78.46881,20.421624,False,126417_84,40985
126417,2,84,2365.867,4641,346035,2456,Interception,,26.8674,48.049684,26.8674,48.049684,True,126417_84,40986
126417,2,84,2365.867,4641,346035,2457,Clearance,,26.8674,48.049684,27.798540000000003,56.640124,True,126417_84,40986
126417,2,84,2367.7,4639,97086,2458,Recovery,,77.20146,11.359876,95.991105,11.131804000000002,False,126417_84,40987
126417,2,84,2367.7,4639,97086,2459,Pass,Unsuccessful,77.20146,11.359876,95.991105,11.131804000000002,False,126417_84,40987
