game_id,period_id,episode_id,time_seconds,team_id,player_id,action_id,type_name,result_name,start_x,start_y,end_x,end_y,is_home,game_episode,phase
126402,2,79,2728.0330000000004,4643,187794,2653,Pass_Freekick,Successful,46.992435,64.5010804,34.389915,12.765096000000009,False,126402_79,36729
126402,2,79,2732.7340000000004,4643,187259,2655,Carry,,34.389915,12.765096000000009,33.14787,9.734131999999995,False,126402_79,36729
126402,2,79,2733.5330000000004,4643,187259,2656,Pass,Unsuccessful,33.14787,9.734131999999995,33.93872999999999,9.121384,False,126402_79,36729
