game_id,period_id,episode_id,time_seconds,team_id,player_id,action_id,type_name,result_name,start_x,start_y,end_x,end_y,is_home,game_episode,phase
126446,2,63,726.9010000000003,4640,533476,1744,Throw-In,Successful,94.01175,68.0,98.930685,50.495032,False,126446_63,48830
126446,2,63,728.3670000000002,4640,215818,1746,Pass,Unsuccessful,98.930685,50.495032,104.134695,37.791136,False,126446_63,48830
126446,2,63,729.7330000000002,4646,193858,1747,Recovery,,1.539804,29.649632,1.539804,29.649632,True,126446_63,48831
126446,2,63,729.7340000000002,4646,193858,1748,Carry,,1.539804,29.649632,11.12223,29.000300000000003,True,126446_63,48831
126446,2,63,732.3670000000002,4646,193858,1749,Pass,Unsuccessful,11.12223,29.000300000000003,74.380425,68.0,True,126446_63,48831
