game_id,period_id,episode_id,time_seconds,team_id,player_id,action_id,type_name,result_name,start_x,start_y,end_x,end_y,is_home,game_episode,phase
126419,2,62,2295.2,4644,250076,2756,Throw-In,Successful,56.27265,68.0,66.697365,63.2337644,False,126419_62,41538
126419,2,62,2296.5330000000004,4644,500507,2757,Duel,Successful,66.697365,63.2337644,63.465675,58.958516,False,126419_62,41538
126419,2,62,2296.5330000000004,4644,500507,2759,Pass,Successful,66.697365,63.2337644,63.465675,58.958516,False,126419_62,41538
