game_id,period_id,episode_id,time_seconds,team_id,player_id,action_id,type_name,result_name,start_x,start_y,end_x,end_y,is_home,game_episode,phase
126434,2,47,338.8330000000001,4643,408792,1621,Pass_Freekick,Successful,36.971025,19.788204,34.662285,41.467964,False,126434_47,45388
126434,2,47,341.6669999999999,4643,145673,1623,Pass,Successful,35.25427500000001,41.91248,42.39228,54.80154,False,126434_47,45388
126434,2,47,343.0139999999999,4643,500115,1625,Carry,,42.39228,54.80154,45.8283,57.236076,False,126434_47,45388
126434,2,47,346.13300000000027,4643,500115,1626,Pass,Successful,45.8283,57.236076,55.608315000000005,66.4823828,False,126434_47,45388
126434,2,47,348.7000000000003,4643,528612,1628,Pass,Unsuccessful,55.19913,65.545098,56.101605,65.2646252,False,126434_47,45388
