game_id,period_id,episode_id,time_seconds,team_id,player_id,action_id,type_name,result_name,start_x,start_y,end_x,end_y,is_home,game_episode,phase
126479,1,55,2953.438,4657,500478,1310,Pass_Freekick,Successful,28.88508,27.169264,30.075150000000008,11.493564,False,126479_55,58934
126479,1,55,2956.861,4657,527810,1312,Pass,Successful,30.087540000000004,11.493972,35.915670000000006,17.301851999999997,False,126479_55,58934
126479,1,55,2958.701,4657,532191,1314,Pass,Successful,35.82789,17.195296,38.90754,26.363192,False,126479_55,58934
126479,1,55,2961.059,4657,500478,1316,Pass,Successful,40.262355,26.70088,75.190185,60.585688,False,126479_55,58934
