game_id,period_id,episode_id,time_seconds,team_id,player_id,action_id,type_name,result_name,start_x,start_y,end_x,end_y,is_home,game_episode,phase
126435,1,22,1396.7,4644,500520,753,Pass_Freekick,Successful,36.80292,8.648920000000004,29.527050000000003,22.13196,False,126435_22,45594
126435,1,22,1400.867,4644,62086,755,Pass,Successful,30.44139,23.169708,56.701365,2.766852,False,126435_22,45594
