game_id,period_id,episode_id,time_seconds,team_id,player_id,action_id,type_name,result_name,start_x,start_y,end_x,end_y,is_home,game_episode,phase
126412,2,50,970.2330000000002,4643,85175,2057,Goal Kick,Successful,4.599661499999996,28.114192000000003,6.4160775,46.8775,False,126412_50,39526
126412,2,50,972.601,4643,145673,2059,Carry,,6.4160775,46.8775,21.567000000000007,42.974232,False,126412_50,39526
126412,2,50,980.1,4643,145673,2060,Pass,Successful,21.567000000000007,42.974232,27.229964999999996,15.178620000000002,False,126412_50,39526
126412,2,50,981.834,4643,408792,2062,Carry,,27.229964999999996,15.178620000000002,52.95969,7.982792000000003,False,126412_50,39526
126412,2,50,987.2000000000004,4643,408792,2063,Pass,Successful,52.95969,7.982792000000003,64.260735,8.59758,False,126412_50,39526
126412,2,50,988.1330000000004,4643,500121,2065,Pass,Successful,64.260735,8.59758,62.60772,1.054612000000006,False,126412_50,39526
