game_id,period_id,episode_id,time_seconds,team_id,player_id,action_id,type_name,result_name,start_x,start_y,end_x,end_y,is_home,game_episode,phase
126428,1,22,2076.0,4643,187259,1112,Throw-In,Successful,36.140265,0.0,35.08155,8.500543999999998,True,126428_22,43752
126428,1,22,2076.933,4643,500502,1114,Pass,Unsuccessful,35.08155,8.500543999999998,57.91548,17.455056,True,126428_22,43752
126428,1,22,2078.9,4640,61922,1115,Recovery,,46.8363,50.34992,68.92389,68.0,False,126428_22,43753
126428,1,22,2078.9,4640,61922,1116,Pass,Unsuccessful,46.8363,50.34992,68.92389,68.0,False,126428_22,43753
