game_id,period_id,episode_id,time_seconds,team_id,player_id,action_id,type_name,result_name,start_x,start_y,end_x,end_y,is_home,game_episode,phase
126427,1,24,1831.233,2354,215806,1134,Throw-In,Successful,48.114255,0.0,51.12996,4.691999999999993,False,126427_24,43448
126427,1,24,1832.333,2354,500145,1136,Pass,Successful,51.12996,4.691999999999993,46.89972,0.4241159999999979,False,126427_24,43448
126427,1,24,1833.333,2354,215806,1138,Pass,Successful,46.89972,0.4241159999999979,46.69413,19.852396,False,126427_24,43448
126427,1,24,1835.633,2354,142111,1140,Pass,Unsuccessful,46.69413,19.852396,53.04033,68.0,False,126427_24,43448
