game_id,period_id,episode_id,time_seconds,team_id,player_id,action_id,type_name,result_name,start_x,start_y,end_x,end_y,is_home,game_episode,phase
126424,2,60,790.433,4644,62119,1722,Throw-In,Successful,90.608805,0.0,74.258625,1.8370199999999957,True,126424_60,42761
126424,2,60,793.567,4644,250055,1724,Pass,Successful,73.24128,2.541499999999999,77.19705,9.078408000000003,True,126424_60,42761
126424,2,60,794.8000000000002,4644,62112,1726,Pass,Successful,76.860105,9.209035999999998,66.303195,11.990712000000002,True,126424_60,42761
126424,2,60,797.2010000000002,4644,250055,1728,Carry,,66.303195,11.990712000000002,68.30271,8.643819999999998,True,126424_60,42761
126424,2,60,798.433,4644,250055,1729,Pass,Successful,68.30271,8.643819999999998,75.12624,13.418236,True,126424_60,42761
126424,2,60,799.2819999999999,4644,62112,1731,Carry,,75.12624,13.418236,77.56434,16.481499999999997,True,126424_60,42761
126424,2,60,802.0999999999999,4644,62112,1732,Pass,Successful,77.56434,16.481499999999997,84.47376,2.1622639999999933,True,126424_60,42761
126424,2,60,804.933,4644,62119,1734,Pass,Successful,85.595055,3.898508000000007,96.95847,3.309628000000004,True,126424_60,42761
