game_id,period_id,episode_id,time_seconds,team_id,player_id,action_id,type_name,result_name,start_x,start_y,end_x,end_y,is_home,game_episode,phase
126453,2,85,1897.4000000000003,4641,250957,2121,Goal Kick,Unsuccessful,4.992393,40.415324,68.922735,57.798232,True,126453_85,50930
126453,2,85,1901.2,2353,500576,2122,Duel,Successful,36.02529,9.55536,36.02529,9.55536,False,126453_85,50931
126453,2,85,1902.967,2353,500563,2123,Recovery,,39.55486500000001,4.74436,45.399585,8.527948000000002,False,126453_85,50931
126453,2,85,1902.967,2353,500563,2124,Pass,Successful,39.55486500000001,4.74436,45.399585,8.527948000000002,False,126453_85,50931
