game_id,period_id,episode_id,time_seconds,team_id,player_id,action_id,type_name,result_name,start_x,start_y,end_x,end_y,is_home,game_episode,phase
126465,1,36,2545.4,4643,500116,1360,Goal Kick,Successful,5.019315000000006,28.634052000000004,7.426933500000004,15.793816,False,126465_36,54346
126465,1,36,2547.167,4643,408792,1362,Pass,Successful,7.446285000000003,15.187323999999997,2.272914,28.943112,False,126465_36,54346
126465,1,36,2550.1,4643,500116,1364,Pass,Successful,4.770181500000007,30.444212,18.91659,60.503068,False,126465_36,54346
126465,1,36,2552.353,4643,500115,1366,Carry,,18.91659,60.503068,22.930634999999995,60.754124,False,126465_36,54346
126465,1,36,2553.233,4643,500115,1367,Pass,Successful,22.930634999999995,60.754124,41.08629,47.8074,False,126465_36,54346
126465,1,36,2555.387,4643,500502,1369,Carry,,41.08629,47.8074,55.97592,47.14236,False,126465_36,54346
126465,1,36,2558.4,4643,500502,1370,Pass,Unsuccessful,55.97592,47.14236,72.297855,54.722592,False,126465_36,54346
