game_id,period_id,episode_id,time_seconds,team_id,player_id,action_id,type_name,result_name,start_x,start_y,end_x,end_y,is_home,game_episode,phase
126453,2,80,1726.6000000000004,2353,526908,2067,Pass_Corner,Successful,104.972595,0.9043999999999954,98.281785,2.9241360000000043,False,126453_80,50923
126453,2,80,1728.6000000000004,2353,500563,2069,Pass,Successful,98.431725,4.448423999999996,91.173495,11.304320000000004,False,126453_80,50923
