game_id,period_id,episode_id,time_seconds,team_id,player_id,action_id,type_name,result_name,start_x,start_y,end_x,end_y,is_home,game_episode,phase
126450,1,8,685.133,2353,526908,359,Pass_Corner,Successful,104.12052,0.0876520000000056,97.902,2.4153599999999926,True,126450_8,49876
126450,1,8,687.133,2353,500580,361,Pass,Successful,97.66344,4.255848,89.605635,5.214308000000003,True,126450_8,49876
