game_id,period_id,episode_id,time_seconds,team_id,player_id,action_id,type_name,result_name,start_x,start_y,end_x,end_y,is_home,game_episode,phase
126431,2,91,2798.3,316,503173,2640,Pass_Freekick,Successful,86.57124,63.1428756,87.94107,66.066556,False,126431_91,44713
126431,2,91,2799.054,316,344465,2642,Carry,,87.94107,66.066556,82.38174,61.036528,False,126431_91,44713
126431,2,91,2804.5330000000004,316,344465,2643,Pass,Successful,82.38174,61.036528,68.799255,58.579756,False,126431_91,44713
126431,2,91,2806.6000000000004,316,500126,2645,Pass,Unsuccessful,67.20483,57.334472,89.0337,26.646684,False,126431_91,44713
