game_id,period_id,episode_id,time_seconds,team_id,player_id,action_id,type_name,result_name,start_x,start_y,end_x,end_y,is_home,game_episode,phase
126429,1,11,850.933,4220,215699,411,Pass_Freekick,Successful,26.897009999999995,53.716124,31.590824999999995,43.30954,False,126429_11,43961
126429,1,11,852.201,4220,500554,413,Carry,,31.590824999999995,43.30954,33.79257,35.245692,False,126429_11,43961
126429,1,11,854.2330000000001,4220,500554,414,Pass,Successful,33.79257,35.245692,34.661865000000006,28.299424,False,126429_11,43961
126429,1,11,855.334,4220,527822,416,Carry,,34.661865000000006,28.299424,36.865605,23.924100000000003,False,126429_11,43961
126429,1,11,857.5,4220,527822,417,Pass,Successful,36.865605,23.924100000000003,42.052185,2.730403999999993,False,126429_11,43961
126429,1,11,860.667,4220,287282,419,Pass,Unsuccessful,44.149245,3.4668439999999947,90.81807,9.735423999999997,False,126429_11,43961
