game_id,period_id,episode_id,time_seconds,team_id,player_id,action_id,type_name,result_name,start_x,start_y,end_x,end_y,is_home,game_episode,phase
126442,2,54,667.2330000000002,4657,527810,1914,Throw-In,Unsuccessful,87.97425,0.0,88.45851,6.9901960000000045,True,126442_54,47754
126442,2,54,668.1669999999999,4646,356596,1915,Duel,Successful,16.431029999999993,59.949752,16.431029999999993,59.949752,False,126442_54,47755
126442,2,54,668.1669999999999,4646,356596,1916,Tackle,Successful,16.431029999999993,59.949752,16.431029999999993,59.949752,False,126442_54,47755
126442,2,54,668.1669999999999,4646,356596,1917,Interception,,16.431029999999993,59.949752,16.431029999999993,59.949752,False,126442_54,47755
126442,2,54,668.1679999999999,4646,356596,1918,Carry,,16.431029999999993,59.949752,20.26374,64.2657392,False,126442_54,47755
126442,2,54,669.9000000000001,4646,356596,1919,Pass,Successful,20.26374,64.2657392,25.314975000000004,63.261692,False,126442_54,47755
126442,2,54,670.7330000000002,4646,109160,1921,Pass,Unsuccessful,25.314975000000004,63.261692,38.815455,51.003876000000005,False,126442_54,47755
126442,2,54,672.8670000000002,4657,528956,1922,Recovery,,66.05445,16.245675999999996,66.05445,16.245675999999996,True,126442_54,47756
126442,2,54,674.9000000000001,4657,528956,1923,Pass,Successful,64.53111,18.81016,75.532275,19.973776,True,126442_54,47756
