game_id,period_id,episode_id,time_seconds,team_id,player_id,action_id,type_name,result_name,start_x,start_y,end_x,end_y,is_home,game_episode,phase
126434,2,64,1578.4669999999996,2353,500576,1983,Pass_Freekick,Successful,50.18349,14.654272,66.83985,14.02024,True,126434_64,45435
126434,2,64,1579.5340000000003,2353,526911,1985,Carry,,66.83985,14.02024,65.78607,10.329948000000002,True,126434_64,45435
126434,2,64,1580.3000000000002,4643,500115,1986,Intervention,,39.213930000000005,57.670052,39.213930000000005,57.670052,False,126434_64,45436
126434,2,64,1581.3000000000002,4643,500117,1987,Recovery,,46.104975,60.927524,46.104975,60.927524,False,126434_64,45436
126434,2,64,1581.3010000000002,4643,500117,1988,Carry,,46.104975,60.927524,47.07528,64.4751588,False,126434_64,45436
126434,2,64,1582.3999999999996,4643,500117,1989,Take-On,Successful,47.07528,64.4751588,47.07528,64.4751588,False,126434_64,45436
126434,2,64,1582.4009999999996,4643,500117,1990,Carry,,47.07528,64.4751588,55.310115,62.42077,False,126434_64,45436
126434,2,64,1584.2330000000002,4643,500117,1991,Pass,Unsuccessful,55.310115,62.42077,85.002225,51.38114,False,126434_64,45436
