game_id,period_id,episode_id,time_seconds,team_id,player_id,action_id,type_name,result_name,start_x,start_y,end_x,end_y,is_home,game_episode,phase
126449,2,89,2642.967000000001,4220,500552,2834,Goal Kick,Successful,1.953546,27.990568000000003,25.99212,9.789076,True,126449_89,49818
126449,2,89,2645.767,4220,287282,2836,Pass,Successful,25.18446,9.209103999999996,42.385245,17.599011999999995,True,126449_89,49818
126449,2,89,2647.6040000000003,4220,529744,2838,Carry,,42.385245,17.599011999999995,50.15703,12.661872000000002,True,126449_89,49818
126449,2,89,2649.233,4220,529744,2839,Pass,Successful,50.15703,12.661872000000002,75.40176,11.013551999999995,True,126449_89,49818
