game_id,period_id,episode_id,time_seconds,team_id,player_id,action_id,type_name,result_name,start_x,start_y,end_x,end_y,is_home,game_episode,phase
126407,2,76,3019.5330000000004,4657,500476,3085,Pass_Freekick,Successful,48.951525,20.008116,54.64662,5.849428000000003,True,126407_76,38152
126407,2,76,3023.219,4657,527810,3087,Pass,Successful,55.800045,3.6428280000000086,59.663415,9.768064000000004,True,126407_76,38152
126407,2,76,3023.9680000000008,4657,500478,3089,Carry,,59.663415,9.768064000000004,63.542115,6.856847999999999,True,126407_76,38152
126407,2,76,3024.933,4657,500478,3090,Pass,Successful,63.542115,6.856847999999999,69.81492,1.0754200000000085,True,126407_76,38152
126407,2,76,3025.767,4657,500472,3092,Pass,Successful,69.81492,1.0754200000000085,77.555205,1.5331279999999907,True,126407_76,38152
