game_id,period_id,episode_id,time_seconds,team_id,player_id,action_id,type_name,result_name,start_x,start_y,end_x,end_y,is_home,game_episode,phase
126454,1,18,1317.067,4640,413675,667,Throw-In,Successful,56.19747,0.0,61.13184,3.4544680000000056,True,126454_18,51061
126454,1,18,1318.033,4640,530690,669,Pass,Successful,61.13184,3.4544680000000056,56.889735,2.163827999999995,True,126454_18,51061
126454,1,18,1319.1,4640,413675,671,Pass,Unsuccessful,56.889735,2.163827999999995,78.845655,8.264379999999996,True,126454_18,51061
126454,1,18,1320.6,316,77579,672,Recovery,,25.948545,59.245408,25.948545,59.245408,False,126454_18,51062
126454,1,18,1320.601,316,77579,673,Carry,,25.948545,59.245408,25.957889999999992,62.7121704,False,126454_18,51062
126454,1,18,1323.3,316,77579,674,Pass,Successful,25.957889999999992,62.7121704,17.368889999999993,40.395468,False,126454_18,51062
126454,1,18,1325.201,316,530218,676,Carry,,17.368889999999993,40.395468,25.88071500000001,35.903728,False,126454_18,51062
126454,1,18,1331.5,316,530218,677,Pass,Successful,25.88071500000001,35.903728,43.72284,38.315824000000006,False,126454_18,51062
