game_id,period_id,episode_id,time_seconds,team_id,player_id,action_id,type_name,result_name,start_x,start_y,end_x,end_y,is_home,game_episode,phase
126448,2,92,3124.6670000000004,4648,500135,2571,Throw-In,Successful,71.242815,68.0,76.876275,64.8216052,True,126448_92,49560
126448,2,92,3126.267,2354,215806,2573,Tackle,Successful,29.311905,3.957328000000004,29.311905,3.957328000000004,False,126448_92,49561
126448,2,92,3126.267,2354,215806,2574,Interception,,29.311905,3.957328000000004,29.311905,3.957328000000004,False,126448_92,49561
126448,2,92,3127.4000000000005,2354,215806,2575,Pass,Successful,29.71048500000001,3.0434759999999983,40.79754,5.614284000000005,False,126448_92,49561
126448,2,92,3129.2,2354,530659,2577,Pass,Unsuccessful,40.79754,5.614284000000005,34.25541,6.354191999999998,False,126448_92,49561
