game_id,period_id,episode_id,time_seconds,team_id,player_id,action_id,type_name,result_name,start_x,start_y,end_x,end_y,is_home,game_episode,phase
126446,2,72,1413.8000000000002,4640,413675,2071,Throw-In,Successful,78.43688999999999,0.0,80.321325,6.103068,False,126446_72,48856
126446,2,72,1414.861,4640,491838,2073,Pass,Successful,80.321325,6.103068,81.55707000000001,0.0,False,126446_72,48856
126446,2,72,1415.7160000000003,4640,413675,2075,Error,,81.55707000000001,0.0,81.55707000000001,0.0,False,126446_72,48856
126446,2,72,1416.6670000000004,4646,356599,2076,Recovery,,22.5666,65.9129304,22.5666,65.9129304,True,126446_72,48857
126446,2,72,1416.7669999999998,4640,491838,2077,Tackle,Unsuccessful,81.903255,2.660839999999993,81.903255,2.660839999999993,False,126446_72,48858
126446,2,72,1416.8330000000003,4646,356599,2078,Pass,Successful,21.883995,65.9315012,20.053635,61.171508,True,126446_72,48859
126446,2,72,1417.6000000000004,4646,356596,2080,Pass,Successful,20.053635,61.171508,28.462455,66.5829344,True,126446_72,48859
126446,2,72,1418.567,4646,109160,2082,Pass,Successful,28.462455,66.5829344,30.55542,57.374456,True,126446_72,48859
126446,2,72,1420.3670000000002,4646,250141,2084,Pass,Unsuccessful,33.37215,57.933212,49.548765,68.0,True,126446_72,48859
