game_id,period_id,episode_id,time_seconds,team_id,player_id,action_id,type_name,result_name,start_x,start_y,end_x,end_y,is_home,game_episode,phase
126453,1,14,531.567,4641,250965,307,Throw-In,Successful,73.751895,68.0,75.829215,59.837892,True,126453_14,50720
126453,1,14,532.798,4641,528608,309,Carry,,75.829215,59.837892,79.58391,54.26638,True,126453_14,50720
126453,1,14,532.9,2353,526908,310,Tackle,Unsuccessful,29.04678,5.746340000000004,29.04678,5.746340000000004,False,126453_14,50721
126453,1,14,535.667,2353,500565,311,Tackle,Unsuccessful,24.811499999999995,12.784136000000004,24.811499999999995,12.784136000000004,False,126453_14,50721
126453,1,14,535.7330000000001,4641,528608,312,Pass,Successful,79.58391,54.26638,83.32086,50.278724,True,126453_14,50722
