game_id,period_id,episode_id,time_seconds,team_id,player_id,action_id,type_name,result_name,start_x,start_y,end_x,end_y,is_home,game_episode,phase
126458,1,40,2763.6330000000003,4639,187316,1344,Throw-In,Successful,50.664285,0.0,27.330765,3.812488000000002,False,126458_40,52239
126458,1,40,2766.4660000000003,4639,527819,1346,Carry,,27.330765,3.812488000000002,28.732830000000007,7.008760000000002,False,126458_40,52239
126458,1,40,2767.733,4639,527819,1347,Pass,Successful,28.732830000000007,7.008760000000002,20.990235,31.30686,False,126458_40,52239
126458,1,40,2770.0020000000004,4639,142258,1349,Carry,,20.990235,31.30686,25.898145,31.315292,False,126458_40,52239
126458,1,40,2776.661,4639,142258,1350,Pass,Successful,25.898145,31.315292,76.684755,53.595560000000006,False,126458_40,52239
