game_id,period_id,episode_id,time_seconds,team_id,player_id,action_id,type_name,result_name,start_x,start_y,end_x,end_y,is_home,game_episode,phase
126471,1,40,2542.1,4644,250060,1358,Pass_Freekick,Unsuccessful,4.327112999999997,37.279164,57.473850000000006,48.653388,False,126471_40,56268
126471,1,40,2545.7670000000003,4643,187253,1359,Recovery,,47.322135,19.141864,47.322135,19.141864,True,126471_40,56269
126471,1,40,2545.7680000000005,4643,187253,1360,Carry,,47.322135,19.141864,48.381585,24.139048000000003,True,126471_40,56269
126471,1,40,2547.3,4643,187253,1361,Pass,Successful,48.381585,24.139048000000003,49.303905,32.454836,True,126471_40,56269
126471,1,40,2547.967,4643,343587,1363,Pass,Successful,49.303905,32.454836,45.019065,31.676508,True,126471_40,56269
126471,1,40,2548.7000000000003,4643,500502,1365,Pass,Successful,45.019065,31.676508,44.71698,53.044624,True,126471_40,56269
126471,1,40,2551.8680000000004,4643,187794,1367,Carry,,44.71698,53.044624,60.400725,61.5018452,True,126471_40,56269
126471,1,40,2557.0,4643,187794,1368,Pass,Successful,60.400725,61.5018452,56.6433,54.186888,True,126471_40,56269
126471,1,40,2559.867,4643,500502,1370,Pass,Successful,59.393985,53.641936,71.31243,50.575748,True,126471_40,56269
