game_id,period_id,episode_id,time_seconds,team_id,player_id,action_id,type_name,result_name,start_x,start_y,end_x,end_y,is_home,game_episode,phase
126469,2,47,781.5,4646,500460,1820,Goal Kick,Successful,4.507156499999994,31.311960000000006,66.87712499999999,36.929644,False,126469_47,55691
126469,2,47,784.4659999999999,4646,356597,1822,Pass,Successful,66.87712499999999,36.929644,74.79675,31.596200000000003,False,126469_47,55691
126469,2,47,785.6669999999999,4646,61645,1824,Pass,Successful,74.79675,31.596200000000003,85.980195,49.072404,False,126469_47,55691
