game_id,period_id,episode_id,time_seconds,team_id,player_id,action_id,type_name,result_name,start_x,start_y,end_x,end_y,is_home,game_episode,phase
126469,1,2,34.867,4639,187316,20,Throw-In,Successful,39.98589,0.0,53.33433,4.164388000000002,True,126469_2,55540
126469,1,2,36.267,4639,491802,22,Pass,Unsuccessful,53.33433,4.164388000000002,56.257740000000005,5.772383999999995,True,126469_2,55540
126469,1,2,36.6,4646,356604,23,Recovery,,48.688395,61.8717448,54.31471500000001,68.0,False,126469_2,55541
126469,1,2,36.6,4646,356604,24,Pass,Unsuccessful,48.688395,61.8717448,54.31471500000001,68.0,False,126469_2,55541
