game_id,period_id,episode_id,time_seconds,team_id,player_id,action_id,type_name,result_name,start_x,start_y,end_x,end_y,is_home,game_episode,phase
126442,1,3,170.267,4646,356599,127,Throw-In,Successful,29.543220000000005,68.0,28.227675000000005,63.3324936,False,126442_3,47611
126442,1,3,171.567,4646,356596,129,Pass,Successful,27.632010000000008,62.9236776,26.30418,67.3107996,False,126442_3,47611
126442,1,3,173.133,4646,356599,131,Pass,Successful,24.301410000000004,66.8248308,31.16683500000001,65.7695184,False,126442_3,47611
