game_id,period_id,episode_id,time_seconds,team_id,player_id,action_id,type_name,result_name,start_x,start_y,end_x,end_y,is_home,game_episode,phase
126423,2,44,1.7000000000002728,4220,500530,1449,Pass,Successful,52.695195000000005,34.300492,37.31909999999999,40.365752,False,126423_44,42466
126423,2,44,3.400000000000091,4220,527822,1451,Pass,Successful,37.31909999999999,40.365752,37.661085,58.342164,False,126423_44,42466
126423,2,44,5.432999999999993,4220,500540,1453,Pass,Successful,37.661085,58.342164,35.386785,48.154608,False,126423_44,42466
126423,2,44,6.834000000000084,4220,527822,1455,Carry,,35.386785,48.154608,36.922725,44.005384,False,126423_44,42466
126423,2,44,8.467000000000098,4220,527822,1456,Pass,Successful,36.922725,44.005384,25.510590000000008,21.676904,False,126423_44,42466
126423,2,44,13.567000000000007,4220,500547,1458,Pass,Successful,25.432469999999995,21.038112,23.05044000000001,45.902856,False,126423_44,42466
126423,2,44,15.986999999999876,4220,215699,1460,Carry,,23.05044000000001,45.902856,33.61585500000001,53.407608,False,126423_44,42466
126423,2,44,19.567000000000007,4220,215699,1461,Pass,Unsuccessful,33.61585500000001,53.407608,69.135885,68.0,False,126423_44,42466
