game_id,period_id,episode_id,time_seconds,team_id,player_id,action_id,type_name,result_name,start_x,start_y,end_x,end_y,is_home,game_episode,phase
126410,2,46,156.23300000000015,2353,500562,1591,Throw-In,Successful,37.02069,0.0,37.65174,5.245656000000004,True,126410_46,38952
126410,2,46,157.067,2353,500565,1593,Pass,Unsuccessful,37.65174,5.245656000000004,53.71474500000001,5.139711999999996,True,126410_46,38952
126410,2,46,158.9670000000001,4220,500540,1594,Recovery,,50.996925,64.679526,58.080225,62.1283428,False,126410_46,38953
126410,2,46,158.9670000000001,4220,500540,1595,Pass,Unsuccessful,50.996925,64.679526,58.080225,62.1283428,False,126410_46,38953
126410,2,46,159.76700000000028,2353,500565,1596,Duel,Successful,46.719855,7.120075999999997,46.719855,7.120075999999997,True,126410_46,38954
126410,2,46,159.76700000000028,2353,500565,1597,Tackle,Successful,46.719855,7.120075999999997,46.719855,7.120075999999997,True,126410_46,38954
126410,2,46,159.76700000000028,2353,500565,1598,Interception,,46.719855,7.120075999999997,46.719855,7.120075999999997,True,126410_46,38954
126410,2,46,159.76800000000028,2353,500565,1599,Carry,,46.719855,7.120075999999997,48.789825,10.321923999999996,True,126410_46,38954
126410,2,46,160.9670000000001,2353,500565,1600,Pass,Successful,48.789825,10.321923999999996,59.26305,11.221836000000003,True,126410_46,38954
126410,2,46,161.5999999999999,2353,526920,1602,Pass,Successful,59.26305,11.221836000000003,56.64351,20.445015999999995,True,126410_46,38954
