game_id,period_id,episode_id,time_seconds,team_id,player_id,action_id,type_name,result_name,start_x,start_y,end_x,end_y,is_home,game_episode,phase
126414,1,2,43.667,316,500126,32,Throw-In,Successful,86.038155,0.0,83.289045,3.665948,True,126414_2,39927
126414,1,2,44.767,316,143410,34,Pass,Successful,83.289045,3.665948,87.14873999999999,1.4901519999999948,True,126414_2,39927
126414,1,2,45.2,316,500126,36,Pass,Unsuccessful,87.14873999999999,1.4901519999999948,84.40383,2.1820519999999988,True,126414_2,39927
