game_id,period_id,episode_id,time_seconds,team_id,player_id,action_id,type_name,result_name,start_x,start_y,end_x,end_y,is_home,game_episode,phase
126465,2,48,474.8670000000002,4643,500115,1687,Pass_Freekick,Successful,33.829004999999995,61.997504,27.51063000000001,51.145316,False,126465_48,54402
126465,2,48,477.433,4643,145673,1689,Pass,Successful,27.83234999999999,49.778516,31.09953,20.968004,False,126465_48,54402
126465,2,48,479.6099999999999,4643,408792,1691,Carry,,31.09953,20.968004,44.207625,15.739144000000003,False,126465_48,54402
126465,2,48,483.3000000000002,4643,408792,1692,Pass,Successful,44.207625,15.739144000000003,50.5197,1.4558119999999946,False,126465_48,54402
126465,2,48,485.9670000000001,4643,187259,1694,Pass,Successful,48.479865,2.302412000000004,32.540760000000006,31.783336,False,126465_48,54402
126465,2,48,490.366,4643,145673,1696,Pass,Successful,33.553905,33.71168,32.97735,50.498296,False,126465_48,54402
126465,2,48,491.70100000000025,4643,500115,1698,Carry,,32.97735,50.498296,26.705070000000006,63.851728,False,126465_48,54402
126465,2,48,494.2670000000003,4643,500115,1699,Pass,Unsuccessful,26.705070000000006,63.851728,27.15888,66.276472,False,126465_48,54402
