game_id,period_id,episode_id,time_seconds,team_id,player_id,action_id,type_name,result_name,start_x,start_y,end_x,end_y,is_home,game_episode,phase
126440,2,83,2531.633,4641,500604,2519,Pass_Freekick,Successful,38.48260500000001,66.2918672,33.20016,63.5737576,False,126440_83,47279
126440,2,83,2532.767,4641,145831,2521,Pass,Successful,33.20016,63.5737576,39.41595000000001,65.0760408,False,126440_83,47279
126440,2,83,2534.5,4641,500604,2523,Pass,Successful,39.581955,62.5425648,31.741815000000003,45.818264,False,126440_83,47279
126440,2,83,2537.2,4641,187313,2525,Pass,Successful,33.753405,43.641584,38.73303,17.689112,False,126440_83,47279
126440,2,83,2539.567,4641,413677,2527,Pass,Successful,39.566835,16.458108000000003,55.58647499999999,2.771951999999999,False,126440_83,47279
126440,2,83,2541.733,4641,500586,2529,Pass,Unsuccessful,55.58647499999999,2.771951999999999,57.17145,3.403128000000009,False,126440_83,47279
