game_id,period_id,episode_id,time_seconds,team_id,player_id,action_id,type_name,result_name,start_x,start_y,end_x,end_y,is_home,game_episode,phase
126424,1,5,321.933,4644,62112,171,Pass_Corner,Successful,105.0,67.2865984,103.6077,65.4130012,True,126424_5,42607
126424,1,5,323.533,4644,250055,173,Pass,Successful,102.57681,63.9780244,96.845175,62.8014408,True,126424_5,42607
126424,1,5,325.1,4644,62112,175,Pass,Successful,94.427445,61.058968,79.11204000000001,45.747544000000005,True,126424_5,42607
126424,1,5,326.868,4644,250076,177,Carry,,79.11204000000001,45.747544000000005,79.819215,42.805592,True,126424_5,42607
126424,1,5,328.067,4644,250076,178,Pass,Unsuccessful,79.819215,42.805592,98.693385,22.929668,True,126424_5,42607
