game_id,period_id,episode_id,time_seconds,team_id,player_id,action_id,type_name,result_name,start_x,start_y,end_x,end_y,is_home,game_episode,phase
126422,2,54,695.6669999999999,4643,500115,1872,Pass_Freekick,Successful,26.20905,47.813996,15.392895,28.019535999999995,True,126422_54,42248
126422,2,54,697.972,4643,408792,1874,Carry,,15.392895,28.019535999999995,16.93545,22.401852000000005,True,126422_54,42248
126422,2,54,700.366,4643,408792,1875,Pass,Successful,16.93545,22.401852000000005,33.61407,4.162416,True,126422_54,42248
126422,2,54,703.2330000000002,4643,187259,1877,Pass,Successful,33.290985,4.968352000000003,32.16969,14.117072,True,126422_54,42248
