game_id,period_id,episode_id,time_seconds,team_id,player_id,action_id,type_name,result_name,start_x,start_y,end_x,end_y,is_home,game_episode,phase
126452,1,30,1547.367,4644,250076,727,Throw-In,Successful,72.964605,68.0,71.23546499999999,55.337856,True,126452_30,50454
126452,1,30,1548.834,4644,62112,729,Carry,,71.23546499999999,55.337856,68.184375,47.616456,True,126452_30,50454
126452,1,30,1550.433,4644,62112,730,Pass,Successful,68.184375,47.616456,80.30169,8.997284,True,126452_30,50454
126452,1,30,1553.834,4644,62105,732,Carry,,80.30169,8.997284,88.93898999999999,7.321355999999994,True,126452_30,50454
126452,1,30,1557.233,4644,62105,733,Pass,Unsuccessful,88.93898999999999,7.321355999999994,88.660005,8.982664,True,126452_30,50454
