game_id,period_id,episode_id,time_seconds,team_id,player_id,action_id,type_name,result_name,start_x,start_y,end_x,end_y,is_home,game_episode,phase
126418,1,36,2739.9,4648,408383,1431,Pass,Successful,52.54536,34.681768,50.925945000000006,27.794456000000004,True,126418_36,41130
126418,1,36,2741.7010000000005,4648,500139,1433,Carry,,50.925945000000006,27.794456000000004,59.872155,18.79384,True,126418_36,41130
126418,1,36,2746.3,4648,500139,1434,Pass,Successful,59.872155,18.79384,54.775245000000005,7.367460000000001,True,126418_36,41130
126418,1,36,2747.7340000000004,4648,500140,1436,Carry,,54.775245000000005,7.367460000000001,59.91237,22.062940000000005,True,126418_36,41130
126418,1,36,2753.1,4648,500140,1437,Pass,Successful,59.91237,22.062940000000005,54.468225,52.648184,True,126418_36,41130
126418,1,36,2755.2010000000005,4648,145703,1439,Carry,,54.468225,52.648184,55.427715,45.921896,True,126418_36,41130
126418,1,36,2756.567,4648,145703,1440,Pass,Successful,55.427715,45.921896,55.426875,29.186688000000004,True,126418_36,41130
126418,1,36,2757.8340000000003,4648,62365,1442,Carry,,55.426875,29.186688000000004,64.058925,26.416979999999995,True,126418_36,41130
126418,1,36,2762.0,4648,62365,1443,Pass,Successful,64.058925,26.416979999999995,75.94356,1.597999999999999,True,126418_36,41130
126418,1,36,2764.8,4648,360166,1445,Pass,Unsuccessful,76.02777,2.168112000000008,77.58135,11.189672000000002,True,126418_36,41130
