game_id,period_id,episode_id,time_seconds,team_id,player_id,action_id,type_name,result_name,start_x,start_y,end_x,end_y,is_home,game_episode,phase
126451,1,36,2835.869,4639,142258,1159,Goal Kick,Successful,4.921948499999999,37.191308,18.94409999999999,41.510940000000005,False,126451_36,50243
126451,1,36,2837.7010000000005,4639,527819,1161,Carry,,18.94409999999999,41.510940000000005,28.305795000000003,38.923404,False,126451_36,50243
126451,1,36,2847.1,4639,527819,1162,Pass,Successful,28.305795000000003,38.923404,21.458429999999996,18.757664,False,126451_36,50243
126451,1,36,2849.501,4639,142258,1164,Carry,,21.458429999999996,18.757664,26.321085,15.151148,False,126451_36,50243
126451,1,36,2850.733,4639,142258,1165,Pass,Unsuccessful,26.321085,15.151148,68.87149500000001,0.0,False,126451_36,50243
