game_id,period_id,episode_id,time_seconds,team_id,player_id,action_id,type_name,result_name,start_x,start_y,end_x,end_y,is_home,game_episode,phase
126444,1,44,2999.1330000000003,4643,187259,1314,Throw-In,Successful,92.76603,0.0,74.07561000000001,4.034644,True,126444_44,48257
126444,1,44,3001.933,4643,408792,1316,Pass,Successful,73.78644,5.996035999999997,73.25136,17.528631999999995,True,126444_44,48257
126444,1,44,3003.7670000000003,4643,187253,1318,Pass,Unsuccessful,74.084745,16.729495999999997,84.28455000000001,18.26718,True,126444_44,48257
126444,1,44,3004.6330000000003,4648,77414,1319,Interception,,20.48298,49.0144,25.959779999999995,50.819936,False,126444_44,48258
126444,1,44,3004.6330000000003,4648,77414,1320,Pass,Successful,20.48298,49.0144,25.959779999999995,50.819936,False,126444_44,48258
126444,1,44,3005.6330000000003,4648,250101,1322,Pass,Successful,25.959779999999995,50.819936,29.18012999999999,61.736996,False,126444_44,48258
