game_id,period_id,episode_id,time_seconds,team_id,player_id,action_id,type_name,result_name,start_x,start_y,end_x,end_y,is_home,game_episode,phase
126450,1,31,2310.667,4657,527810,1089,Throw-In,Successful,71.69904,0.0,78.294195,1.543396000000001,False,126450_31,49949
126450,1,31,2311.667,4657,530666,1091,Pass,Unsuccessful,78.294195,1.543396000000001,80.18199,5.019773600000001,False,126450_31,49949
126450,1,31,2312.6,2353,500565,1092,Recovery,,24.81801,62.9802264,25.853835,63.9961192,True,126450_31,49950
126450,1,31,2312.6,2353,500565,1093,Pass,Unsuccessful,24.81801,62.9802264,25.853835,63.9961192,True,126450_31,49950
