game_id,period_id,episode_id,time_seconds,team_id,player_id,action_id,type_name,result_name,start_x,start_y,end_x,end_y,is_home,game_episode,phase
126417,2,74,1934.233,4639,187316,2283,Throw-In,Successful,31.157805,0.0,46.06035,3.524168000000003,False,126417_74,40963
126417,2,74,1935.633,4639,188342,2285,Pass,Successful,46.06035,3.524168000000003,45.49314,11.208507999999997,False,126417_74,40963
126417,2,74,1936.933,4639,97086,2287,Pass,Successful,45.49314,11.208507999999997,40.20933,44.652948,False,126417_74,40963
126417,2,74,1939.868,4639,77845,2289,Carry,,40.20933,44.652948,55.728645,50.482928,False,126417_74,40963
126417,2,74,1942.933,4639,77845,2290,Pass,Successful,55.728645,50.482928,93.07116,56.820732,False,126417_74,40963
