game_id,period_id,episode_id,time_seconds,team_id,player_id,action_id,type_name,result_name,start_x,start_y,end_x,end_y,is_home,game_episode,phase
126416,2,69,2597.1800000000003,4657,527810,2867,Throw-In,Successful,60.033225,0.0,45.454815,5.569608000000002,True,126416_69,40752
126416,2,69,2600.134,4657,500484,2869,Pass,Successful,45.62397,7.101171999999998,42.089985,28.385512,True,126416_69,40752
126416,2,69,2602.586,4657,187343,2871,Pass,Successful,41.78811,29.058168,39.750690000000006,47.174252,True,126416_69,40752
126416,2,69,2603.9680000000008,4657,62633,2873,Carry,,39.750690000000006,47.174252,34.896015,49.050168,True,126416_69,40752
126416,2,69,2605.567,4657,62633,2874,Pass,Successful,34.896015,49.050168,30.80028,35.836952,True,126416_69,40752
126416,2,69,2608.469,4657,187343,2876,Pass,Successful,29.56212,33.484559999999995,32.411085,14.867452,True,126416_69,40752
126416,2,69,2611.4040000000005,4657,500484,2878,Pass,Successful,33.6693,12.251424,57.85983,7.566291999999997,True,126416_69,40752
