game_id,period_id,episode_id,time_seconds,team_id,player_id,action_id,type_name,result_name,start_x,start_y,end_x,end_y,is_home,game_episode,phase
126419,1,29,2682.967,4644,62105,1367,Throw-In,Successful,90.01923000000001,0.0,87.083325,5.0245200000000025,False,126419_29,41394
126419,1,29,2685.233,4644,250055,1369,Pass,Successful,85.723365,4.391439999999996,88.755765,0.5431839999999966,False,126419_29,41394
126419,1,29,2686.034,4644,62105,1371,Carry,,88.755765,0.5431839999999966,93.2316,0.6623879999999929,False,126419_29,41394
126419,1,29,2687.6,4644,62105,1372,Cross,Unsuccessful,93.2316,0.6623879999999929,98.059185,31.446600000000004,False,126419_29,41394
126419,1,29,2689.233,4220,143588,1373,Interception,,6.9408465,36.5534,6.9408465,36.5534,True,126419_29,41395
126419,1,29,2689.233,4220,143588,1374,Clearance,,6.9408465,36.5534,25.94539499999999,65.13210000000001,True,126419_29,41395
126419,1,29,2693.233,4644,250055,1375,Recovery,,79.05460500000001,2.867899999999992,79.05460500000001,2.867899999999992,False,126419_29,41396
126419,1,29,2693.2340000000004,4644,250055,1376,Carry,,79.05460500000001,2.867899999999992,76.928145,7.249207999999996,False,126419_29,41396
126419,1,29,2694.867,4644,250055,1377,Pass,Successful,76.928145,7.249207999999996,84.744135,17.222700000000003,False,126419_29,41396
126419,1,29,2696.068,4644,325355,1379,Carry,,84.744135,17.222700000000003,88.67092500000001,5.503444000000002,False,126419_29,41396
126419,1,29,2696.7670000000003,4220,500533,1380,Tackle,Unsuccessful,19.42878,51.365976,19.42878,51.365976,True,126419_29,41397
126419,1,29,2699.6330000000003,4644,325355,1381,Cross,Successful,88.67092500000001,5.503444000000002,92.253,30.499904,False,126419_29,41398
126419,1,29,2701.1340000000005,4644,62098,1383,Carry,,92.253,30.499904,87.36987,24.882764,False,126419_29,41398
126419,1,29,2703.5,4644,62098,1384,Pass,Successful,87.36987,24.882764,86.64977999999999,19.4497,False,126419_29,41398
126419,1,29,2704.233,4644,325355,1386,Pass,Successful,86.64977999999999,19.4497,91.941045,22.65726,False,126419_29,41398
126419,1,29,2705.2000000000003,4644,250055,1388,Pass,Successful,91.792785,23.624356,100.55892,22.77354,False,126419_29,41398
