game_id,period_id,episode_id,time_seconds,team_id,player_id,action_id,type_name,result_name,start_x,start_y,end_x,end_y,is_home,game_episode,phase
126461,1,15,579.833,4220,500552,275,Goal Kick,Successful,5.568906,33.852508,13.031445,10.252904,True,126461_15,53037
126461,1,15,582.434,4220,143588,277,Carry,,13.031445,10.252904,24.845415,5.433812000000003,True,126461_15,53037
126461,1,15,584.667,4220,143588,278,Pass,Successful,24.845415,5.433812000000003,27.381795,1.686400000000006,True,126461_15,53037
126461,1,15,585.434,4220,500540,280,Carry,,27.381795,1.686400000000006,23.289,3.266379999999998,True,126461_15,53037
126461,1,15,586.367,4220,500540,281,Pass,Successful,23.289,3.266379999999998,5.519472,14.996380000000002,True,126461_15,53037
126461,1,15,587.8000000000001,4220,500552,283,Pass,Unsuccessful,5.519472,14.996380000000002,28.473585,0.0,True,126461_15,53037
