game_id,period_id,episode_id,time_seconds,team_id,player_id,action_id,type_name,result_name,start_x,start_y,end_x,end_y,is_home,game_episode,phase
126453,2,57,272.933,2353,500558,1478,Goal Kick,Unsuccessful,3.8038245000000046,27.752976000000004,46.6263,9.434387999999998,False,126453_57,50865
126453,2,57,276.067,4641,500602,1479,Recovery,,58.506945,58.960148,58.506945,58.960148,True,126453_57,50866
126453,2,57,276.068,4641,500602,1480,Carry,,58.506945,58.960148,65.89233,66.5624868,True,126453_57,50866
126453,2,57,279.4670000000001,4641,500602,1481,Pass,Unsuccessful,65.89233,66.5624868,68.191095,65.9516836,True,126453_57,50866
