game_id,period_id,episode_id,time_seconds,team_id,player_id,action_id,type_name,result_name,start_x,start_y,end_x,end_y,is_home,game_episode,phase
126417,1,16,1058.5,4641,500586,650,Throw-In,Successful,40.83576,0.0,47.02719,6.006847999999998,True,126417_16,40824
126417,1,16,1059.401,4641,500602,652,Carry,,47.02719,6.006847999999998,49.980735,1.7178159999999991,True,126417_16,40824
126417,1,16,1060.6,4641,500602,653,Pass,Unsuccessful,49.980735,1.7178159999999991,54.09831,4.461208000000006,True,126417_16,40824
