game_id,period_id,episode_id,time_seconds,team_id,player_id,action_id,type_name,result_name,start_x,start_y,end_x,end_y,is_home,game_episode,phase
126453,1,42,2528.567,2353,500562,1090,Throw-In,Successful,74.484375,68.0,96.389475,59.473276,False,126453_42,50823
126453,1,42,2530.7010000000005,2353,500583,1092,Carry,,96.389475,59.473276,98.290605,64.0172264,False,126453_42,50823
126453,1,42,2531.867,2353,500583,1093,Pass,Unsuccessful,98.290605,64.0172264,95.418855,64.9489828,False,126453_42,50823
