game_id,period_id,episode_id,time_seconds,team_id,player_id,action_id,type_name,result_name,start_x,start_y,end_x,end_y,is_home,game_episode,phase
126462,1,19,953.367,4646,356603,581,Pass_Freekick,Successful,50.40399,8.648375999999999,52.654035,13.868871999999996,False,126462_19,53361
126462,1,19,954.336,4646,250141,583,Pass,Successful,52.654035,13.868871999999996,43.137465,13.221511999999995,False,126462_19,53361
126462,1,19,955.558,4646,61623,585,Carry,,43.137465,13.221511999999995,45.5511,17.011084000000004,False,126462_19,53361
126462,1,19,960.506,4646,61623,586,Pass,Successful,45.5511,17.011084000000004,36.63786,26.48634,False,126462_19,53361
126462,1,19,963.895,4646,500452,588,Pass,Successful,39.27986999999999,26.278736,56.69810999999999,14.036152,False,126462_19,53361
126462,1,19,966.999,4646,356603,590,Pass,Successful,55.102425,13.838679999999997,41.404335,10.766439999999996,False,126462_19,53361
126462,1,19,968.615,4646,61623,592,Pass,Successful,41.404335,10.766439999999996,47.30586,17.499732,False,126462_19,53361
126462,1,19,969.473,4646,356596,594,Pass,Successful,47.30586,17.499732,23.743965000000003,7.484147999999998,False,126462_19,53361
126462,1,19,972.7,4646,500452,596,Pass,Unsuccessful,23.743965000000003,7.484147999999998,45.001425,0.0,False,126462_19,53361
