game_id,period_id,episode_id,time_seconds,team_id,player_id,action_id,type_name,result_name,start_x,start_y,end_x,end_y,is_home,game_episode,phase
126460,1,13,838.833,4644,62098,400,Throw-In,Successful,18.862304999999992,0.0,22.060395,4.526555999999999,False,126460_13,52745
126460,1,13,839.768,4644,62112,402,Carry,,22.060395,4.526555999999999,19.635629999999992,1.7142800000000022,False,126460_13,52745
126460,1,13,840.3000000000001,4644,62112,403,Pass,Successful,19.635629999999992,1.7142800000000022,26.649734999999996,45.454872,False,126460_13,52745
