game_id,period_id,episode_id,time_seconds,team_id,player_id,action_id,type_name,result_name,start_x,start_y,end_x,end_y,is_home,game_episode,phase
126457,2,44,32.43299999999999,2354,142109,1312,Goal Kick,Successful,3.4462050000000004,30.036144,6.248193,42.530532,True,126457_44,51975
126457,2,44,33.93399999999999,2354,500147,1314,Carry,,6.248193,42.530532,13.715625,45.133368,True,126457_44,51975
126457,2,44,38.70000000000027,2354,500147,1315,Pass,Successful,13.715625,45.133368,19.3494,28.598147999999995,True,126457_44,51975
126457,2,44,40.501,2354,142111,1317,Carry,,19.3494,28.598147999999995,17.22483,24.700116,True,126457_44,51975
126457,2,44,41.5329999999999,2354,142111,1318,Pass,Successful,17.22483,24.700116,32.76735,2.714832000000001,True,126457_44,51975
126457,2,44,43.66799999999992,2354,215806,1320,Carry,,32.76735,2.714832000000001,55.14453,5.133184,True,126457_44,51975
126457,2,44,49.20000000000027,2354,215806,1321,Pass,Successful,55.14453,5.133184,60.430755000000005,1.4673039999999986,True,126457_44,51975
