game_id,period_id,episode_id,time_seconds,team_id,player_id,action_id,type_name,result_name,start_x,start_y,end_x,end_y,is_home,game_episode,phase
126323,1,46,2697.9,4220,500533,1419,Pass,Unsuccessful,59.58456,28.575028,64.09703999999999,36.474996,True,126323_46,126323_120
126323,1,46,2701.433,4220,500547,1423,Pass,Successful,42.847875,25.867132000000005,64.06848000000001,21.585172,True,126323_46,126323_122
126323,1,46,2735.8,4657,360391,1449,Pass,Successful,37.32550499999999,38.547568,44.35872,54.90388,False,126323_46,126323_123
126323,1,46,2742.3,4657,500486,1455,Pass,Successful,58.865205,34.182648,49.56882,40.807412,False,126323_46,126323_123
