game_id,period_id,episode_id,time_seconds,team_id,player_id,action_id,type_name,result_name,start_x,start_y,end_x,end_y,is_home,game_episode,phase
126323,2,89,2546.367,4657,505723,2541,Recovery,,75.678225,34.831368,69.29013,19.199528,False,126323_89,126323_255
126323,2,89,2554.967000000001,4220,500552,2549,Catch,,4.0571055000000005,33.2282,4.0571055000000005,33.2282,True,126323_89,126323_256
126323,2,89,2554.9680000000008,4220,500552,2551,Carry,,4.0571055000000005,33.2282,15.073485,30.506568,True,126323_89,126323_256
