game_id,period_id,episode_id,time_seconds,team_id,player_id,action_id,type_name,result_name,start_x,start_y,end_x,end_y,is_home,game_episode,phase
126323,2,88,2515.3,4220,500540,2526,Throw-In,Successful,41.614125,0.0,57.474165,7.571187999999999,True,126323_88,126323_252
126323,2,88,2517.601000000001,4220,500549,2530,Carry,,56.6937,16.135652,55.98873,22.79632,True,126323_88,126323_252
126323,2,88,2519.067,4220,500549,2531,Pass,Successful,55.98873,22.79632,76.91922,27.336476,True,126323_88,126323_252
