game_id,period_id,episode_id,time_seconds,team_id,player_id,action_id,type_name,result_name,start_x,start_y,end_x,end_y,is_home,game_episode,phase
126323,1,11,377.167,4220,500534,240,Pass,Successful,39.847815,17.973692,49.19922,5.540504000000006,True,126323_11,126323_10
126323,1,11,388.333,4657,360391,247,Pass,Successful,10.1153745,49.096272,14.783895,66.3553316,False,126323_11,126323_11
126323,1,11,388.333,4657,360391,245,Tackle,Successful,10.1153745,49.096272,14.783895,66.3553316,False,126323_11,126323_11
126323,1,11,390.167,4657,357150,249,Pass,Successful,14.549115,65.2672704,19.561605,55.679692,False,126323_11,126323_11
126323,1,11,402.768,4657,287281,258,Carry,,44.553285,24.401596000000005,48.111,25.189308,False,126323_11,126323_11
126323,1,11,405.668,4657,500486,261,Carry,,50.094555,43.724952,53.445,43.798664,False,126323_11,126323_11
