game_id,period_id,episode_id,time_seconds,team_id,player_id,action_id,type_name,result_name,start_x,start_y,end_x,end_y,is_home,game_episode,phase
126323,2,93,2817.7,4657,250167,2693,Goal Kick,Unsuccessful,3.382512000000005,27.659952000000004,65.20846499999999,18.048628,False,126323_93,126323_279
126323,2,93,2823.0,4220,500535,2695,Recovery,,49.72905,57.152844,49.77903,54.413872,True,126323_93,126323_280
