game_id,period_id,episode_id,time_seconds,team_id,player_id,action_id,type_name,result_name,start_x,start_y,end_x,end_y,is_home,game_episode,phase
126323,1,7,145.967,4657,250167,80,Pass,Successful,9.690890999999992,28.895648,12.082875,10.698507999999997,False,126323_7,126323_207
126323,1,7,155.401,4657,357150,89,Carry,,32.892300000000006,60.205568,50.706495,58.461096,False,126323_7,126323_207
126323,1,7,163.288,4657,500486,95,Pass,Successful,52.751895000000005,52.118736,96.888855,1.801592,False,126323_7,126323_207
