game_id,period_id,episode_id,time_seconds,team_id,player_id,action_id,type_name,result_name,start_x,start_y,end_x,end_y,is_home,game_episode,phase
126323,2,57,592.7330000000002,4657,250172,1795,Interception,,30.66042,66.070092,30.66042,66.070092,False,126323_57,126323_167
126323,2,57,597.6669999999999,4220,500533,1800,Tackle,Unsuccessful,69.527535,36.650232,69.527535,36.650232,True,126323_57,126323_168
126323,2,57,610.068,4657,360391,1811,Carry,,47.37159,29.6599,48.031305,34.333472,False,126323_57,126323_169
126323,2,57,628.9000000000001,4657,500484,1822,Pass,Successful,55.251315,10.751207999999998,57.766695,16.698964000000004,False,126323_57,126323_169
