game_id,period_id,episode_id,time_seconds,team_id,player_id,action_id,type_name,result_name,start_x,start_y,end_x,end_y,is_home,game_episode,phase
126323,2,99,3111.4000000000005,4220,500552,2790,Goal Kick,Successful,4.362582,34.916096,69.74078999999999,47.605644,True,126323_99,126323_294
126323,2,99,3131.933,4657,357150,2806,Pass,Unsuccessful,42.405405,49.978504,75.24562499999999,33.64538,False,126323_99,126323_295
126323,2,99,3161.733,4220,354812,2836,Pass,Successful,57.736245,8.893108000000005,69.538455,0.043452000000002,True,126323_99,126323_298
