game_id,period_id,episode_id,time_seconds,team_id,player_id,action_id,type_name,result_name,start_x,start_y,end_x,end_y,is_home,game_episode,phase
126323,1,45,2568.8340000000003,4657,500484,1348,Carry,,57.965565000000005,23.478428,66.34372499999999,21.748916,False,126323_45,126323_115
126323,1,45,2581.2000000000003,4220,500525,1356,Recovery,,35.480025,35.579028,35.480025,35.579028,True,126323_45,126323_116
126323,1,45,2583.2340000000004,4220,354812,1359,Carry,,29.114609999999995,32.58968,35.86044,30.605984000000007,True,126323_45,126323_116
126323,1,45,2594.9,4220,500549,1363,Pass,Successful,84.132405,59.623624,75.61974000000001,63.486908,True,126323_45,126323_116
