game_id,period_id,episode_id,time_seconds,team_id,player_id,action_id,type_name,result_name,start_x,start_y,end_x,end_y,is_home,game_episode,phase
126379,1,27,2312.1330000000003,4657,357146,1159,Pass,Successful,30.142455,32.906423999999994,35.522445000000005,50.269612,False,126379_27,126379_58
126379,1,27,2314.933,4657,500476,1161,Pass,Successful,35.19158999999999,49.229824,29.97140999999999,36.818804,False,126379_27,126379_58
126379,1,27,2329.934,4657,357146,1168,Carry,,35.41481999999999,34.449411999999995,36.40350000000001,31.192076,False,126379_27,126379_58
126379,1,27,2343.167,4657,250183,1179,Recovery,,68.44257,61.337496,68.44257,61.337496,False,126379_27,126379_60
126379,1,27,2349.5,4657,187343,1184,Pass,Successful,71.544795,25.654088,85.05483000000001,3.6893400000000014,False,126379_27,126379_60
