game_id,period_id,episode_id,time_seconds,team_id,player_id,action_id,type_name,result_name,start_x,start_y,end_x,end_y,is_home,game_episode,phase
126379,2,36,444.3000000000002,4639,407605,1732,Pass,Unsuccessful,53.55441,22.074364000000003,74.44206,9.673747999999996,True,126379_36,126379_107
126379,2,36,460.3330000000001,4657,250167,1744,Pass,Successful,5.198508000000004,40.647408,12.398399999999995,64.1185736,False,126379_36,126379_108
126379,2,36,476.3330000000001,4639,407605,1756,Pass,Unsuccessful,70.592235,11.869127999999996,98.089845,13.593947999999996,True,126379_36,126379_109
126379,2,36,476.3330000000001,4639,407605,1755,Recovery,,70.592235,11.869127999999996,98.089845,13.593947999999996,True,126379_36,126379_109
