game_id,period_id,episode_id,time_seconds,team_id,player_id,action_id,type_name,result_name,start_x,start_y,end_x,end_y,is_home,game_episode,phase
126379,2,35,399.63300000000027,4639,77845,1721,Pass_Corner,Successful,104.436885,0.8854279999999903,103.83744,5.052604000000002,True,126379_35,126379_105
126379,2,35,401.0999999999999,4639,412018,1723,Pass,Successful,103.39266,5.623599999999996,90.89052,4.626176000000001,True,126379_35,126379_105
