game_id,period_id,episode_id,time_seconds,team_id,player_id,action_id,type_name,result_name,start_x,start_y,end_x,end_y,is_home,game_episode,phase
126379,2,42,804.0,4639,491810,1895,Pass,Successful,60.124995,16.925744,87.43518,33.171488000000004,True,126379_42,126379_139
126379,2,42,808.5999999999999,4657,500476,1903,Block,,14.388464999999997,46.033076,14.388464999999997,46.033076,False,126379_42,126379_140
126379,2,42,809.933,4657,500478,1904,Recovery,,13.819469999999995,44.280376,13.819469999999995,44.280376,False,126379_42,126379_140
