game_id,period_id,episode_id,time_seconds,team_id,player_id,action_id,type_name,result_name,start_x,start_y,end_x,end_y,is_home,game_episode,phase
126379,1,23,2049.5,4639,77845,1036,Pass,Successful,67.971435,62.6923212,69.34399499999999,56.100204,True,126379_23,126379_47
126379,1,23,2063.767,4639,345446,1049,Pass,Successful,51.573375,24.80164,58.589580000000005,20.085024,True,126379_23,126379_49
