game_id,period_id,episode_id,time_seconds,team_id,player_id,action_id,type_name,result_name,start_x,start_y,end_x,end_y,is_home,game_episode,phase
126379,1,8,810.7330000000001,4639,77845,435,Duel,Successful,50.60853,55.721308,50.60853,55.721308,True,126379_8,126379_265
126379,1,8,825.034,4639,491810,445,Carry,,33.682950000000005,30.475832,36.53055,33.4492,True,126379_8,126379_265
126379,1,8,834.7,4639,77828,449,Pass,Successful,35.01288,50.50564,26.272155,32.943416,True,126379_8,126379_265
