game_id,period_id,episode_id,time_seconds,team_id,player_id,action_id,type_name,result_name,start_x,start_y,end_x,end_y,is_home,game_episode,phase
126379,2,67,3040.433,4657,250167,3092,Intervention,,14.49042,21.413948000000005,14.49042,21.413948000000005,False,126379_67,126379_258
126379,2,67,3041.1670000000004,4657,250167,3094,Pass,Successful,15.360240000000005,21.191655999999995,41.399085,3.592848000000004,False,126379_67,126379_258
126379,2,67,3048.467000000001,4657,287281,3100,Pass,Successful,42.902895,14.776332000000004,47.45097,0.7915880000000044,False,126379_67,126379_258
126379,2,67,3049.8680000000004,4657,357150,3102,Carry,,47.45097,0.7915880000000044,45.659145,5.243411999999999,False,126379_67,126379_258
