game_id,period_id,episode_id,time_seconds,team_id,player_id,action_id,type_name,result_name,start_x,start_y,end_x,end_y,is_home,game_episode,phase
126337,2,74,1625.1670000000004,4657,181865,2122,Throw-In,Successful,40.539135,0.0,52.613505,2.51606799999999,True,126337_74,126337_219
126337,2,74,1627.433,2353,356609,2126,Pass,Successful,45.1584,62.914858,61.15263,58.895412,False,126337_74,126337_220
