game_id,period_id,episode_id,time_seconds,team_id,player_id,action_id,type_name,result_name,start_x,start_y,end_x,end_y,is_home,game_episode,phase
126337,2,73,1590.4710000000002,2353,356626,2114,Carry,,12.829425,23.961431999999995,16.880745000000005,26.694759999999995,False,126337_73,126337_218
126337,2,73,1592.2669999999998,2353,356626,2115,Pass,Successful,16.880745000000005,26.694759999999995,22.012725000000003,57.066144,False,126337_73,126337_218
