game_id,period_id,episode_id,time_seconds,team_id,player_id,action_id,type_name,result_name,start_x,start_y,end_x,end_y,is_home,game_episode,phase
126337,2,97,2888.967000000001,2353,356610,2751,Pass,Successful,80.880765,22.697312,86.186415,22.049816000000007,False,126337_97,126337_292
126337,2,97,2911.567,4657,500481,2767,Recovery,,37.30881,47.629444,42.24654,45.427264,True,126337_97,126337_293
126337,2,97,2917.9000000000005,4657,500481,2776,Pass,Successful,39.02073,60.698976,23.43495,65.3390648,True,126337_97,126337_295
126337,2,97,2945.467000000001,2353,356609,2787,Pass,Unsuccessful,26.47029000000001,48.851676,48.411195,37.836084,False,126337_97,126337_298
126337,2,97,2959.233,4657,500465,2793,Pass,Successful,57.010695,61.2210256,88.53474,17.798456,True,126337_97,126337_301
