game_id,period_id,episode_id,time_seconds,team_id,player_id,action_id,type_name,result_name,start_x,start_y,end_x,end_y,is_home,game_episode,phase
126444,2,63,811.3010000000002,4643,343590,1766,Carry,,71.55298499999999,60.231272,76.58773500000001,58.951444,True,126444_63,126444_148
126444,2,63,834.8330000000001,4643,187259,1789,Pass,Successful,85.87740000000001,2.093651999999992,74.017335,4.621552000000001,True,126444_63,126444_150
