game_id,period_id,episode_id,time_seconds,team_id,player_id,action_id,type_name,result_name,start_x,start_y,end_x,end_y,is_home,game_episode,phase
126444,1,7,426.567,4643,529741,202,Clearance,,0.3952137,39.972440000000006,26.776260000000008,59.095128,True,126444_7,126444_164
126444,1,7,449.9,4648,359624,225,Carry,,95.580975,10.922975999999998,99.72606,11.591212,False,126444_7,126444_169
126444,1,7,459.867,4648,250100,235,Pass,Unsuccessful,42.208635,40.207856,0.6414450000000045,0.5080014800000043,False,126444_7,126444_171
