game_id,period_id,episode_id,time_seconds,team_id,player_id,action_id,type_name,result_name,start_x,start_y,end_x,end_y,is_home,game_episode,phase
126444,2,77,1854.6130000000005,4648,145703,2127,Pass,Successful,46.061085,58.486324,37.459065,41.608316,False,126444_77,126444_189
126444,2,77,1890.424,4648,500138,2147,Pass,Successful,43.92255,35.533128,51.75996,60.292268,False,126444_77,126444_189
126444,2,77,1892.368,4648,250100,2149,Carry,,51.75996,60.292268,53.148375,63.2098624,False,126444_77,126444_189
126444,2,77,1900.801,4643,343590,2157,Carry,,31.045455,1.693472,27.80568,2.617047999999997,True,126444_77,126444_190
