game_id,period_id,episode_id,time_seconds,team_id,player_id,action_id,type_name,result_name,start_x,start_y,end_x,end_y,is_home,game_episode,phase
126444,1,26,1836.033,4643,500502,771,Pass,Successful,67.844175,55.103596,61.3284,23.51304,True,126444_26,126444_52
126444,1,26,1838.301,4643,408792,773,Carry,,61.3284,23.51304,71.85696,19.769912000000005,True,126444_26,126444_52
126444,1,26,1861.734,4643,343590,800,Carry,,58.530255,33.579828,62.74926000000001,30.196828,True,126444_26,126444_60
