game_id,period_id,episode_id,time_seconds,team_id,player_id,action_id,type_name,result_name,start_x,start_y,end_x,end_y,is_home,game_episode,phase
126444,2,92,2881.2350000000006,4648,145703,2610,Carry,,49.605360000000005,40.256748,51.939615,42.659324,False,126444_92,126444_223
126444,2,92,2894.267,4648,359624,2622,Pass,Successful,91.25151,3.3295520000000067,92.65641,10.098612000000005,False,126444_92,126444_223
126444,2,92,2896.4010000000007,4648,360166,2627,Carry,,79.336845,7.130071999999998,75.846435,17.069020000000002,False,126444_92,126444_223
126444,2,92,2899.6000000000004,4648,360166,2628,Pass,Successful,75.846435,17.069020000000002,76.245855,34.223312,False,126444_92,126444_223
126444,2,92,2914.6000000000004,4648,500140,2644,Pass,Successful,75.82616999999999,42.394396,62.806695,31.65094,False,126444_92,126444_225
126444,2,92,2929.067,4648,500135,2652,Pass,Successful,75.39966,48.048664,70.961625,18.789828,False,126444_92,126444_225
