game_id,period_id,episode_id,time_seconds,team_id,player_id,action_id,type_name,result_name,start_x,start_y,end_x,end_y,is_home,game_episode,phase
126444,2,71,1219.967,4648,250079,1938,Goal Kick,Successful,1.1832765000000052,40.127412,17.964974999999995,25.250236,False,126444_71,126444_173
126444,2,71,1224.7500000000002,4648,77414,1942,Carry,,32.223240000000004,36.904688,32.69301,40.730844,False,126444_71,126444_173
126444,2,71,1246.8270000000002,4648,145703,1955,Pass,Successful,48.353025,54.591556,62.27109,44.207956,False,126444_71,126444_173
