game_id,period_id,episode_id,time_seconds,team_id,player_id,action_id,type_name,result_name,start_x,start_y,end_x,end_y,is_home,game_episode,phase
126444,1,21,1444.533,4648,145703,613,Interception,,34.12395000000001,51.177616,34.12395000000001,51.177616,False,126444_21,126444_37
126444,1,21,1448.233,4648,77414,617,Pass,Successful,46.394145,65.9206008,62.576745,62.4196004,False,126444_21,126444_37
