game_id,period_id,episode_id,time_seconds,team_id,player_id,action_id,type_name,result_name,start_x,start_y,end_x,end_y,is_home,game_episode,phase
126444,2,87,2495.0,4643,343590,2426,Pass,Successful,65.17707,6.159780000000005,56.922285,1.361699999999999,True,126444_87,126444_210
126444,2,87,2501.433,4643,408792,2433,Pass,Successful,27.311445,24.847539999999995,27.07152,55.6478,True,126444_87,126444_210
126444,2,87,2532.1670000000004,4643,187794,2463,Pass,Successful,80.93547,57.297004,85.14050999999999,67.38696436,True,126444_87,126444_212
126444,2,87,2551.3950000000004,4648,250101,2476,Carry,,32.98722000000001,28.368376000000005,45.51981,21.99426,False,126444_87,126444_213
126444,2,87,2575.933,4648,500140,2493,Pass,Successful,75.028905,44.704696,80.567865,31.883160000000004,False,126444_87,126444_213
126444,2,87,2580.9530000000004,4648,360166,2499,Carry,,73.72218,13.032540000000004,81.18705,23.511952,False,126444_87,126444_213
126444,2,87,2597.967000000001,4648,500138,2514,Interception,,78.383865,20.08856,78.383865,20.08856,False,126444_87,126444_215
