game_id,period_id,episode_id,time_seconds,team_id,player_id,action_id,type_name,result_name,start_x,start_y,end_x,end_y,is_home,game_episode,phase
126388,2,83,2858.433,4220,500547,3058,Recovery,,50.55078,33.542496,54.60441,14.521535999999998,False,126388_83,126388_292
126388,2,83,2858.433,4220,500547,3059,Pass,Successful,50.55078,33.542496,54.60441,14.521535999999998,False,126388_83,126388_292
126388,2,83,2880.3,4220,500549,3080,Recovery,,100.793385,7.031267999999997,100.793385,7.031267999999997,False,126388_83,126388_296
