game_id,period_id,episode_id,time_seconds,team_id,player_id,action_id,type_name,result_name,start_x,start_y,end_x,end_y,is_home,game_episode,phase
126388,1,11,696.2330000000001,4220,500533,425,Pass,Successful,32.65773,9.235011999999998,36.386700000000005,14.582056,False,126388_11,126388_16
126388,1,11,708.433,316,344467,442,Recovery,,20.001135,53.508588,4.715749499999999,40.119388,True,126388_11,126388_19
126388,1,11,715.668,316,500129,447,Carry,,15.162945,40.223632,15.79683,36.520964000000006,True,126388_11,126388_19
126388,1,11,728.168,316,344465,455,Carry,,45.844575,68.0,51.067485,65.252256,True,126388_11,126388_19
126388,1,11,747.801,316,344467,464,Carry,,43.11006,28.96698,46.721115,36.691168000000005,True,126388_11,126388_19
