game_id,period_id,episode_id,time_seconds,team_id,player_id,action_id,type_name,result_name,start_x,start_y,end_x,end_y,is_home,game_episode,phase
126388,2,59,1339.4,316,500126,2330,Throw-In,Successful,52.803345,0.0,54.275235,5.162356000000003,True,126388_59,126388_201
126388,2,59,1340.167,316,500124,2332,Pass,Successful,54.275235,5.162356000000003,50.535765000000005,0.9500280000000032,True,126388_59,126388_201
126388,2,59,1351.4,4220,500527,2343,Pass,Successful,35.93688,45.67458,35.955465000000004,46.483576,False,126388_59,126388_202
126388,2,59,1368.567,4220,500547,2356,Pass,Successful,56.36442,6.096676000000002,69.557355,6.352899999999998,False,126388_59,126388_204
