game_id,period_id,episode_id,time_seconds,team_id,player_id,action_id,type_name,result_name,start_x,start_y,end_x,end_y,is_home,game_episode,phase
126360,1,27,2022.3,4220,500527,1083,Pass,Successful,28.83657,54.148536,29.798265,22.169768000000005,True,126360_27,126360_82
126360,1,27,2046.533,4220,500549,1098,Recovery,,63.869505,48.205336,63.869505,48.205336,True,126360_27,126360_84
126360,1,27,2096.4680000000003,4639,345446,1147,Carry,,46.653285,42.624644,50.00625,44.490428,False,126360_27,126360_89
