game_id,period_id,episode_id,time_seconds,team_id,player_id,action_id,type_name,result_name,start_x,start_y,end_x,end_y,is_home,game_episode,phase
126360,1,3,144.4,4220,287282,87,Throw-In,Successful,34.82073,0.0,49.95753,3.736192000000002,True,126360_3,126360_92
126360,1,3,146.367,4220,500550,88,Duel,Successful,49.95753,3.736192000000002,49.95753,3.736192000000002,True,126360_3,126360_92
126360,1,3,146.368,4220,500550,90,Carry,,49.95753,3.736192000000002,68.23908,10.986624,True,126360_3,126360_92
126360,1,3,148.167,4639,77828,91,Duel,Successful,44.88813,62.9109412,44.88813,62.9109412,False,126360_3,126360_93
126360,1,3,149.20000000000002,4639,77845,92,Duel,Successful,47.066775,63.4973188,47.066775,63.4973188,False,126360_3,126360_93
126360,1,3,150.10000000000002,4639,77845,93,Intervention,,47.066775,63.4973188,47.066775,63.4973188,False,126360_3,126360_93
126360,1,3,151.0,4639,491810,94,Recovery,,36.76092,57.013376,74.603235,68.0,False,126360_3,126360_93
126360,1,3,151.0,4639,491810,95,Pass,Unsuccessful,36.76092,57.013376,60.912600000000005,68.0,False,126360_3,126360_93
