game_id,period_id,episode_id,time_seconds,team_id,player_id,action_id,type_name,result_name,start_x,start_y,end_x,end_y,is_home,game_episode,phase
126397,2,59,1242.7000000000005,2353,500580,1844,Pass_Corner,Unsuccessful,104.98698,66.7170712,96.54393,36.55816,True,126397_59,126397_233
126397,2,59,1244.033,4644,500520,1845,Duel,Successful,8.921839500000004,30.466176,8.921839500000004,30.466176,False,126397_59,126397_234
126397,2,59,1244.033,4644,500520,1846,Block,,8.921839500000004,30.466176,8.921839500000004,30.466176,False,126397_59,126397_234
126397,2,59,1245.0930000000003,4644,500520,1848,Clearance,,6.259302000000005,28.709056000000004,37.83885,61.41522,False,126397_59,126397_234
126397,2,59,1250.9,2353,526919,1849,Recovery,,67.16115,6.584780000000002,51.474675,18.95024,True,126397_59,126397_235
126397,2,59,1250.9,2353,526919,1850,Pass,Successful,67.16115,6.584780000000002,51.474675,18.95024,True,126397_59,126397_235
126397,2,59,1252.8680000000002,2353,500562,1852,Carry,,51.474675,18.95024,56.649285000000006,26.785948,True,126397_59,126397_235
126397,2,59,1256.9,2353,500562,1853,Pass,Successful,56.649285000000006,26.785948,88.67334000000001,62.2643972,True,126397_59,126397_235
