game_id,period_id,episode_id,time_seconds,team_id,player_id,action_id,type_name,result_name,start_x,start_y,end_x,end_y,is_home,game_episode,phase
126397,2,92,2763.553,4644,62086,2495,Throw-In,Successful,59.02365,0.0,49.32228,9.75358,False,126397_92,126397_346
126397,2,92,2767.0330000000004,4644,62105,2497,Pass,Unsuccessful,50.879535,8.274444000000003,87.236835,46.003836,False,126397_92,126397_346
126397,2,92,2770.3,2353,500562,2498,Interception,,17.065335,20.575372,17.065335,20.575372,True,126397_92,126397_347
126397,2,92,2770.3,2353,500562,2499,Clearance,,17.065335,20.575372,26.085465,27.063728,True,126397_92,126397_347
126397,2,92,2771.3,4644,62114,2500,Recovery,,78.914535,40.936272,78.914535,40.936272,False,126397_92,126397_348
126397,2,92,2771.3010000000004,4644,62114,2501,Carry,,78.914535,40.936272,76.03554,43.514288,False,126397_92,126397_348
126397,2,92,2771.8,2353,500569,2502,Tackle,Unsuccessful,24.97782,26.408344,24.97782,26.408344,True,126397_92,126397_349
126397,2,92,2773.259,4644,62114,2503,Pass,Successful,76.03554,43.514288,77.004795,54.261008,False,126397_92,126397_350
