game_id,period_id,episode_id,time_seconds,team_id,player_id,action_id,type_name,result_name,start_x,start_y,end_x,end_y,is_home,game_episode,phase
126397,2,80,2231.383,4644,62112,2217,Pass_Corner,Successful,103.78221,0.088875999999999,102.33909,2.415700000000001,False,126397_80,126397_298
126397,2,80,2233.1040000000003,4644,250055,2219,Pass,Successful,102.33909,2.415700000000001,95.11509,3.3876240000000024,False,126397_80,126397_298
