game_id,period_id,episode_id,time_seconds,team_id,player_id,action_id,type_name,result_name,start_x,start_y,end_x,end_y,is_home,game_episode,phase
126442,1,22,1483.967,4657,357146,869,Pass,Successful,32.979029999999995,43.038832,41.386485,9.824572000000003,True,126442_22,126442_36
126442,1,22,1512.6,4657,530666,887,Pass,Unsuccessful,67.669665,19.322607999999995,84.67189499999999,52.44398,True,126442_22,126442_36
