game_id,period_id,episode_id,time_seconds,team_id,player_id,action_id,type_name,result_name,start_x,start_y,end_x,end_y,is_home,game_episode,phase
126442,2,83,2848.9000000000005,4657,250167,2840,Pass,Successful,5.608491,34.763436,12.42696,50.131232,True,126442_83,126442_236
126442,2,83,2863.567,4646,193858,2855,Recovery,,7.051369500000007,35.266431999999995,7.051369500000007,35.266431999999995,False,126442_83,126442_237
