game_id,period_id,episode_id,time_seconds,team_id,player_id,action_id,type_name,result_name,start_x,start_y,end_x,end_y,is_home,game_episode,phase
126442,2,58,979.2670000000004,4657,527810,2095,Pass,Successful,33.24972,13.569603999999998,15.643215,27.575292,True,126442_58,126442_162
126442,2,58,988.467,4657,529334,2102,Pass,Unsuccessful,16.11876,67.34807584,43.35114,68.0,True,126442_58,126442_162
