game_id,period_id,episode_id,time_seconds,team_id,player_id,action_id,type_name,result_name,start_x,start_y,end_x,end_y,is_home,game_episode,phase
126442,2,55,708.4670000000001,4646,61645,1946,Shot,On Target,94.52037,37.000024,105.0,32.549398024,False,126442_55,126442_141
126442,2,55,708.4670000000001,4646,61645,1944,Duel,Successful,94.52037,37.000024,105.0,32.549398024,False,126442_55,126442_141
126442,2,55,720.3000000000002,4657,532191,1950,Pass,Successful,25.11747,29.835,9.431604,25.447436,True,126442_55,126442_142
