game_id,period_id,episode_id,time_seconds,team_id,player_id,action_id,type_name,result_name,start_x,start_y,end_x,end_y,is_home,game_episode,phase
126442,1,30,2314.7000000000003,4657,250168,1265,Goal Kick,Successful,5.454561,40.449256,4.3322265,36.247196,True,126442_30,126442_80
126442,1,30,2328.518,4657,357146,1270,Carry,,13.26192,53.388772,19.310865,53.561832,True,126442_30,126442_80
126442,1,30,2331.1,4657,357146,1271,Pass,Successful,19.310865,53.561832,2.5675965,37.651736,True,126442_30,126442_80
126442,1,30,2357.6,4657,527820,1290,Error,,37.786035,37.865596,37.786035,37.865596,True,126442_30,126442_84
