game_id,period_id,episode_id,time_seconds,team_id,player_id,action_id,type_name,result_name,start_x,start_y,end_x,end_y,is_home,game_episode,phase
126442,2,62,1269.834,4646,500452,2217,Carry,,45.580815,18.390668,51.042705000000005,18.674432,False,126442_62,126442_171
126442,2,62,1297.667,4646,356596,2238,Pass,Successful,47.028345,64.46468,55.577235,59.088668,False,126442_62,126442_171
126442,2,62,1305.1330000000005,4646,356604,2246,Pass,Successful,40.678995,49.386224,42.47103,25.569360000000003,False,126442_62,126442_171
126442,2,62,1313.533,4646,61626,2251,Pass,Successful,71.242185,1.3590480000000014,57.478995,1.6585880000000088,False,126442_62,126442_171
126442,2,62,1321.7330000000002,4646,356596,2258,Pass,Successful,50.67006,30.541112000000005,51.67554,54.832752,False,126442_62,126442_171
126442,2,62,1337.7000000000005,4646,500452,2274,Pass,Successful,41.5947,31.114148,52.561845,13.201928000000002,False,126442_62,126442_173
126442,2,62,1341.7670000000005,4646,61623,2277,Pass,Successful,61.369035,8.834899999999998,74.392605,1.1603520000000032,False,126442_62,126442_173
126442,2,62,1345.7330000000002,4646,61626,2280,Pass,Successful,77.62681500000001,3.761352000000002,65.62237499999999,3.163427999999996,False,126442_62,126442_173
