game_id,period_id,episode_id,time_seconds,team_id,player_id,action_id,type_name,result_name,start_x,start_y,end_x,end_y,is_home,game_episode,phase
126442,2,48,367.7330000000002,4646,356599,1726,Throw-In,Successful,90.1908,68.0,88.57464,60.796964,False,126442_48,126442_125
126442,2,48,375.933,4646,356596,1738,Pass,Successful,68.80209,57.36956,86.793735,7.141972000000003,False,126442_48,126442_125
