game_id,period_id,episode_id,time_seconds,team_id,player_id,action_id,type_name,result_name,start_x,start_y,end_x,end_y,is_home,game_episode,phase
126442,2,40,1.26700000000028,4657,213491,1512,Pass,Successful,52.419255,33.985312,42.82677,38.947748,True,126442_40,126442_118
126442,2,40,4.733000000000175,4657,532191,1516,Pass,Successful,41.429535,30.909944000000003,47.57067,21.697644,True,126442_40,126442_118
126442,2,40,27.09999999999991,4646,250141,1533,Pass,Successful,45.155985,9.570048,31.46513999999999,4.710495999999999,False,126442_40,126442_119
