game_id,period_id,episode_id,time_seconds,team_id,player_id,action_id,type_name,result_name,start_x,start_y,end_x,end_y,is_home,game_episode,phase
126341,1,27,2127.867,4641,413677,1040,Recovery,,61.96512,17.627708,61.96512,17.627708,True,126341_27,126341_100
126341,1,27,2130.967,4648,62367,1043,Recovery,,31.6218,65.763004,38.81598,63.1999208,False,126341_27,126341_101
126341,1,27,2132.333,4641,413677,1047,Block,,66.53031,4.135759999999998,66.53031,4.135759999999998,True,126341_27,126341_102
126341,1,27,2140.1,4641,145831,1054,Pass,Successful,52.420305,45.59706,72.63417,63.3246124,True,126341_27,126341_102
126341,1,27,2188.533,4641,500592,1089,Pass,Successful,67.47384,14.964419999999995,80.90984999999999,8.629744000000002,True,126341_27,126341_106
