game_id,period_id,episode_id,time_seconds,team_id,player_id,action_id,type_name,result_name,start_x,start_y,end_x,end_y,is_home,game_episode,phase
126341,1,18,1310.0,4641,145831,708,Interception,,2.6666745,46.577688,6.662376,53.890952,True,126341_18,126341_54
126341,1,18,1332.363,4648,62365,729,Carry,,56.217525,56.429528,57.844605,53.748424,False,126341_18,126341_57
126341,1,18,1334.804,4648,62365,730,Pass,Successful,57.844605,53.748424,50.602125,30.869347999999995,False,126341_18,126341_57
126341,1,18,1347.708,4648,500135,739,Pass,Successful,85.95279000000001,5.106799999999993,74.716845,15.340663999999997,False,126341_18,126341_57
