game_id,period_id,episode_id,time_seconds,team_id,player_id,action_id,type_name,result_name,start_x,start_y,end_x,end_y,is_home,game_episode,phase
126341,1,26,2064.0640000000003,4648,250079,1009,Carry,,10.173103499999996,32.614092,19.77717,24.924992,False,126341_26,126341_93
126341,1,26,2070.5,4641,187313,1015,Pass,Successful,56.94108,51.252892,46.73067,49.007124,True,126341_26,126341_94
