game_id,period_id,episode_id,time_seconds,team_id,player_id,action_id,type_name,result_name,start_x,start_y,end_x,end_y,is_home,game_episode,phase
126341,2,56,629.0999999999999,4648,500140,1703,Tackle,Unsuccessful,55.139175,47.154396,55.139175,47.154396,False,126341_56,126341_195
126341,2,56,629.3330000000001,4641,250963,1702,Duel,Successful,50.05539,19.703884,50.05539,19.703884,True,126341_56,126341_196
126341,2,56,637.4580000000001,4648,250101,1713,Pass,Unsuccessful,59.0478,35.800504000000004,81.3162,24.328972,False,126341_56,126341_197
126341,2,56,644.2000000000003,4648,500139,1720,Recovery,,64.01671499999999,25.58602,55.576605,12.756256,False,126341_56,126341_199
