game_id,period_id,episode_id,time_seconds,team_id,player_id,action_id,type_name,result_name,start_x,start_y,end_x,end_y,is_home,game_episode,phase
126341,1,16,1040.196,4648,500136,539,Duel,Successful,43.734075,59.497144,43.734075,59.497144,False,126341_16,126341_35
126341,1,16,1041.867,4641,500592,542,Block,,68.594715,12.458416,68.594715,12.458416,True,126341_16,126341_36
126341,1,16,1042.834,4641,500590,544,Carry,,69.119085,14.89336,74.86815,22.006568,True,126341_16,126341_36
126341,1,16,1046.933,4648,62365,547,Pass,Successful,22.48701,39.734508,18.951345000000003,30.839292,False,126341_16,126341_37
126341,1,16,1052.192,4648,250079,552,Pass,Unsuccessful,5.872083000000004,27.562508,61.918815,39.633596,False,126341_16,126341_37
126341,1,16,1058.001,4641,413677,554,Carry,,42.874965,28.401016,42.69951,21.226268,True,126341_16,126341_38
126341,1,16,1093.732,4648,500138,579,Pass,Successful,43.85304,39.862416,48.44763,61.8541736,False,126341_16,126341_39
126341,1,16,1168.233,4641,346036,631,Pass,Successful,73.38334499999999,63.9719316,67.46229,67.9135312,True,126341_16,126341_44
126341,1,16,1172.7,4641,250965,635,Recovery,,56.111895,63.4894036,56.111895,63.4894036,True,126341_16,126341_46
