game_id,period_id,episode_id,time_seconds,team_id,player_id,action_id,type_name,result_name,start_x,start_y,end_x,end_y,is_home,game_episode,phase
126479,2,67,593.8680000000002,4657,527810,1608,Carry,,16.663185,1.9692799999999977,14.251859999999994,3.7921560000000056,False,126479_67,126479_211
126479,2,67,595.1550000000002,4657,527810,1609,Take-On,Successful,14.251859999999994,3.7921560000000056,14.251859999999994,3.7921560000000056,False,126479_67,126479_211
126479,2,67,599.7810000000002,4657,500478,1614,Carry,,24.600765,18.71972,26.821304999999995,23.660328,False,126479_67,126479_213
126479,2,67,620.0770000000002,4657,181858,1628,Catch,,3.284042999999997,30.512076,3.284042999999997,30.512076,False,126479_67,126479_217
126479,2,67,639.3670000000002,4641,529743,1643,Pass,Successful,30.558885,57.087292,26.20758,44.816964,True,126479_67,126479_218
126479,2,67,668.2680000000003,4641,355790,1664,Carry,,51.840075,30.180100000000003,57.10194,28.41074,True,126479_67,126479_218
126479,2,67,677.3000000000002,4641,529743,1669,Pass,Successful,70.1862,65.7064892,54.01536,55.038384,True,126479_67,126479_218
126479,2,67,687.9000000000001,4641,187313,1676,Pass,Successful,54.28122,49.863856,96.5937,2.242028000000005,True,126479_67,126479_218
