game_id,period_id,episode_id,time_seconds,team_id,player_id,action_id,type_name,result_name,start_x,start_y,end_x,end_y,is_home,game_episode,phase
126479,2,59,183.9180000000001,4657,528956,1429,Pass,Successful,25.96965,52.750728,38.519775,66.945762,False,126479_59,126479_201
126479,2,59,186.31600000000023,4657,500478,1431,Pass,Successful,38.519775,66.945762,47.08977,65.742332,False,126479_59,126479_201
126479,2,59,189.933,4641,355790,1437,Pass,Successful,43.24719,10.181231999999994,51.24735,15.177055999999991,True,126479_59,126479_202
126479,2,59,196.1009999999999,4641,355790,1444,Carry,,40.917345,14.899004000000003,46.203885,15.507672,True,126479_59,126479_202
126479,2,59,214.001,4641,250957,1452,Carry,,7.6479585,34.64362,8.705361,28.063328,True,126479_59,126479_202
