game_id,period_id,episode_id,time_seconds,team_id,player_id,action_id,type_name,result_name,start_x,start_y,end_x,end_y,is_home,game_episode,phase
126479,2,74,1108.808,4657,181858,1853,Goal Kick,Successful,4.805125500000003,29.076392,15.464714999999998,59.389024,False,126479_74,126479_235
126479,2,74,1114.8540000000005,4657,360391,1858,Pass,Unsuccessful,0.8060251499999964,58.458852,11.370975,60.77228,False,126479_74,126479_235
