game_id,period_id,episode_id,time_seconds,team_id,player_id,action_id,type_name,result_name,start_x,start_y,end_x,end_y,is_home,game_episode,phase
126479,1,51,2612.467,4641,529743,1146,Pass,Successful,72.13080000000001,63.6159856,77.90391,54.74646,True,126479_51,126479_160
126479,1,51,2613.367,4641,346036,1148,Pass,Successful,77.90391,54.74646,82.030095,57.30258,True,126479_51,126479_160
126479,1,51,2650.2200000000003,4657,357146,1181,Pass,Successful,17.75970000000001,22.23382400000001,13.531454999999994,46.044160000000005,False,126479_51,126479_163
126479,1,51,2661.7000000000003,4641,73228,1189,Pass,Successful,61.507005,18.461048,62.320755000000005,36.538168,True,126479_51,126479_164
