game_id,period_id,episode_id,time_seconds,team_id,player_id,action_id,type_name,result_name,start_x,start_y,end_x,end_y,is_home,game_episode,phase
126479,1,5,194.437,4657,500478,114,Pass_Freekick,Successful,56.183925,27.387068,49.01379,23.303259999999995,False,126479_5,126479_157
126479,1,5,206.933,4657,181858,124,Pass,Unsuccessful,4.189436999999998,33.445596,0.0,1.0633839999999992,False,126479_5,126479_157
