game_id,period_id,episode_id,time_seconds,team_id,player_id,action_id,type_name,result_name,start_x,start_y,end_x,end_y,is_home,game_episode,phase
126411,2,54,216.4680000000001,2354,344557,1492,Carry,,73.11423,61.639484,76.082265,67.39878072,True,126411_54,126411_141
126411,2,54,218.5999999999999,4648,62386,1493,Tackle,Unsuccessful,31.782975,5.535267999999995,31.782975,5.535267999999995,False,126411_54,126411_142
126411,2,54,229.4000000000001,4648,250102,1506,Recovery,,33.78312,23.689976,33.78312,23.689976,False,126411_54,126411_146
126411,2,54,230.4670000000001,4648,250102,1508,Pass,Successful,36.74558999999999,23.1013,36.319395,10.648392,False,126411_54,126411_146
126411,2,54,266.8000000000002,4648,62365,1525,Pass,Successful,21.904575,57.137272,6.922922999999997,33.247512,False,126411_54,126411_148
126411,2,54,280.067,4648,145703,1535,Pass,Successful,24.871455,57.313868,17.866590000000002,47.660520000000005,False,126411_54,126411_148
