game_id,period_id,episode_id,time_seconds,team_id,player_id,action_id,type_name,result_name,start_x,start_y,end_x,end_y,is_home,game_episode,phase
126411,1,47,2671.501,2354,150850,1233,Carry,,19.193055,11.557076000000002,35.823375,10.218428000000005,True,126411_47,126411_123
126411,1,47,2688.7000000000003,2354,61981,1243,Pass,Successful,40.69632,58.82714,51.434565,56.121556,True,126411_47,126411_123
