game_id,period_id,episode_id,time_seconds,team_id,player_id,action_id,type_name,result_name,start_x,start_y,end_x,end_y,is_home,game_episode,phase
126411,2,83,2716.933,2354,61981,2902,Pass,Successful,59.96886,56.682216,79.43491499999999,67.45968696,True,126411_83,126411_275
126411,2,83,2738.534000000001,2354,500154,2921,Carry,,77.85214500000001,66.4868232,91.331625,53.108612,True,126411_83,126411_275
