game_id,period_id,episode_id,time_seconds,team_id,player_id,action_id,type_name,result_name,start_x,start_y,end_x,end_y,is_home,game_episode,phase
126411,1,13,610.067,4648,62365,314,Pass,Successful,37.77501000000001,35.953708,34.26759,51.036516,False,126411_13,126411_8
126411,1,13,617.167,4648,250101,317,Pass,Successful,29.979389999999995,43.450368,29.45796,18.202852,False,126411_13,126411_8
126411,1,13,624.401,4648,250101,324,Carry,,27.846419999999995,36.879256,36.60489,39.987944,False,126411_13,126411_8
126411,1,13,641.434,4648,250100,330,Carry,,30.861075,61.854942,27.315120000000007,57.722956,False,126411_13,126411_8
126411,1,13,645.101,4648,62365,333,Carry,,21.054075,23.305096,37.40289,17.265132,False,126411_13,126411_8
