game_id,period_id,episode_id,time_seconds,team_id,player_id,action_id,type_name,result_name,start_x,start_y,end_x,end_y,is_home,game_episode,phase
126411,1,15,733.134,2354,150850,376,Carry,,27.50937,22.152972000000005,34.51833,23.722140000000003,True,126411_15,126411_15
126411,1,15,742.7330000000001,2354,61981,379,Pass,Successful,28.32165,46.569324,12.095475,38.036548,True,126411_15,126411_15
126411,1,15,751.133,2354,250037,384,Pass,Successful,24.10506,24.885688,31.86309,4.808823999999994,True,126411_15,126411_15
126411,1,15,775.568,2354,344558,403,Carry,,52.74675,39.856976,67.15841999999999,46.063948,True,126411_15,126411_17
126411,1,15,841.5,2354,142109,433,Pass,Successful,9.617181,33.227316,11.039385,52.450032,True,126411_15,126411_19
126411,1,15,847.333,2354,344558,440,Pass,Unsuccessful,45.95682,48.92566,58.21095,34.879172000000004,True,126411_15,126411_19
