game_id,period_id,episode_id,time_seconds,team_id,player_id,action_id,type_name,result_name,start_x,start_y,end_x,end_y,is_home,game_episode,phase
126411,2,69,1781.1670000000004,2354,61981,2438,Recovery,,55.466355,28.793648000000005,61.928685,27.670356,True,126411_69,126411_227
126411,2,69,1785.7330000000002,2354,250037,2442,Pass,Successful,65.704065,29.996704,63.665175,36.124932,True,126411_69,126411_227
126411,2,69,1792.3670000000002,2354,529466,2445,Pass,Successful,66.59614499999999,40.546904,76.35327,63.5524736,True,126411_69,126411_227
126411,2,69,1803.9000000000003,2354,529466,2454,Pass,Successful,77.9688,53.233936,73.763025,40.640268,True,126411_69,126411_227
126411,2,69,1817.1670000000004,2354,61981,2467,Recovery,,63.654885,40.178616,63.654885,40.178616,True,126411_69,126411_229
