game_id,period_id,episode_id,time_seconds,team_id,player_id,action_id,type_name,result_name,start_x,start_y,end_x,end_y,is_home,game_episode,phase
126411,2,65,1219.333,4648,62386,2064,Pass_Freekick,Successful,55.12227000000001,5.112919999999996,42.44583,8.959272000000006,False,126411_65,126411_194
126411,2,65,1237.667,4648,250101,2080,Shot,Blocked,87.103905,34.334016000000005,91.347585,34.228752,False,126411_65,126411_194
126411,2,65,1242.6330000000005,4648,360389,2086,Pass,Successful,79.44258,22.20866400000001,90.48858,14.085384000000005,False,126411_65,126411_196
