game_id,period_id,episode_id,time_seconds,team_id,player_id,action_id,type_name,result_name,start_x,start_y,end_x,end_y,is_home,game_episode,phase
126286,1,37,2853.82,4646,61645,1507,Pass,Unsuccessful,79.090305,47.20322,78.25292999999999,48.051248,True,126286_37,126286_140
126286,1,37,2863.7000000000003,4220,354809,1521,Clearance,,11.531939999999992,32.785724,36.018885,19.575228,False,126286_37,126286_143
126286,1,37,2865.5,4220,500525,1522,Recovery,,36.018885,19.575228,36.018885,19.575228,False,126286_37,126286_143
