game_id,period_id,episode_id,time_seconds,team_id,player_id,action_id,type_name,result_name,start_x,start_y,end_x,end_y,is_home,game_episode,phase
126286,1,14,1138.533,4646,356599,699,Throw-In,Successful,32.71002,68.0,35.565285,61.8207108,True,126286_14,126286_40
126286,1,14,1141.232,4646,356599,703,Pass,Unsuccessful,29.08122,66.3888692,42.385455,34.188632,True,126286_14,126286_40
126286,1,14,1163.803,4646,161122,721,Pass,Successful,32.521755,41.534264,41.44686,50.712632,True,126286_14,126286_42
126286,1,14,1184.468,4646,356605,737,Carry,,48.69081,34.862852000000004,50.29752,38.82324,True,126286_14,126286_42
