game_id,period_id,episode_id,time_seconds,team_id,player_id,action_id,type_name,result_name,start_x,start_y,end_x,end_y,is_home,game_episode,phase
126286,2,82,3024.367,4646,500460,3058,Goal Kick,Unsuccessful,5.654103,29.218852,55.250685,34.590512000000004,True,126286_82,126286_328
126286,2,82,3027.7,4220,354812,3059,Interception,,50.155245,32.101032,56.132265,31.285372,False,126286_82,126286_329
126286,2,82,3027.7,4220,354812,3060,Pass,Successful,50.155245,32.101032,56.132265,31.285372,False,126286_82,126286_329
126286,2,82,3028.733,4220,252489,3062,Pass,Successful,56.132265,31.285372,60.11628,37.055852,False,126286_82,126286_329
126286,2,82,3029.8,4220,354812,3064,Pass,Successful,60.11628,37.055852,88.09605,64.5237924,False,126286_82,126286_329
126286,2,82,3033.701,4220,500549,3066,Carry,,88.09605,64.5237924,94.91265,64.7738216,False,126286_82,126286_329
126286,2,82,3035.467000000001,4220,500549,3067,Pass,Successful,94.91265,64.7738216,92.754375,51.485724000000005,False,126286_82,126286_329
