game_id,period_id,episode_id,time_seconds,team_id,player_id,action_id,type_name,result_name,start_x,start_y,end_x,end_y,is_home,game_episode,phase
126419,1,31,2818.9165000000003,4220,500533,1421,Recovery,,33.713715,16.77594,33.713715,16.77594,True,126419_31,126419_99
126419,1,31,2850.0,4220,500527,1444,Block,,10.4343225,39.354592,10.4343225,39.354592,True,126419_31,126419_103
126419,1,31,2856.2680000000005,4644,529335,1448,Carry,,48.329505,45.165736,43.13274,42.868016,False,126419_31,126419_104
