game_id,period_id,episode_id,time_seconds,team_id,player_id,action_id,type_name,result_name,start_x,start_y,end_x,end_y,is_home,game_episode,phase
126419,2,40,381.6669999999999,4220,500549,1716,Recovery,,23.707635,10.107588,23.707635,10.107588,True,126419_40,126419_135
126419,2,40,384.3330000000001,4220,500549,1718,Pass,Successful,23.908395,0.0,41.533905,2.4994760000000014,True,126419_40,126419_135
126419,2,40,402.2670000000003,4220,500549,1730,Pass,Successful,85.70635499999999,6.214247999999998,74.09409,15.469456,True,126419_40,126419_137
