game_id,period_id,episode_id,time_seconds,team_id,player_id,action_id,type_name,result_name,start_x,start_y,end_x,end_y,is_home,game_episode,phase
126419,1,7,666.2,4220,500549,362,Pass,Successful,54.370995,48.785988,55.84719,66.3301036,True,126419_7,126419_263
126419,1,7,735.647,4220,143588,398,Pass,Successful,30.15348,26.490284000000003,35.93919,51.067932,True,126419_7,126419_263
126419,1,7,785.967,4644,62086,438,Pass,Successful,13.997550000000004,39.176704,2.758108500000006,35.412156,False,126419_7,126419_268
126419,1,7,788.934,4644,62082,440,Carry,,2.758108500000006,35.412156,24.307815000000005,28.165464,False,126419_7,126419_268
126419,1,7,823.1,4644,62114,442,Duel,Successful,83.04586499999999,47.260408,83.04586499999999,47.260408,False,126419_7,126419_268
126419,1,7,829.434,4644,62086,447,Carry,,43.139145,50.89494,39.94504499999999,46.424348,False,126419_7,126419_270
126419,1,7,832.133,4644,62086,448,Pass,Successful,39.94504499999999,46.424348,41.03463,51.09146,False,126419_7,126419_270
126419,1,7,833.068,4644,529335,450,Carry,,41.03463,51.09146,48.50916,54.682812,False,126419_7,126419_270
