game_id,period_id,episode_id,time_seconds,team_id,player_id,action_id,type_name,result_name,start_x,start_y,end_x,end_y,is_home,game_episode,phase
126346,2,98,2179.501,4646,61623,2438,Carry,,11.173784999999995,4.862068000000001,14.521500000000003,4.791823999999998,False,126346_98,126346_293
126346,2,98,2186.767,4646,356603,2443,Pass,Unsuccessful,27.551684999999992,0.5756879999999995,49.4445,6.294216000000006,False,126346_98,126346_293
