game_id,period_id,episode_id,time_seconds,team_id,player_id,action_id,type_name,result_name,start_x,start_y,end_x,end_y,is_home,game_episode,phase
126346,2,49,22.9670000000001,4646,500460,1574,Goal Kick,Successful,6.080140499999999,33.0208,12.279120000000006,5.428439999999995,False,126346_49,126346_179
126346,2,49,26.23300000000017,4646,161122,1576,Pass,Successful,15.000824999999992,4.827932000000004,24.19326000000001,0.6966599999999943,False,126346_49,126346_179
126346,2,49,52.66699999999992,2353,356609,1603,Pass,Successful,33.1044,59.8757,34.969935,49.082264,True,126346_49,126346_188
126346,2,49,69.56700000000001,2353,356609,1621,Interception,,15.75651,47.297604,12.965715,39.730632,True,126346_49,126346_190
