game_id,period_id,episode_id,time_seconds,team_id,player_id,action_id,type_name,result_name,start_x,start_y,end_x,end_y,is_home,game_episode,phase
126346,2,108,2636.133,2353,500561,2648,Pass,Successful,10.474212,14.958776,2.8574805000000003,24.559152000000005,True,126346_108,126346_22
126346,2,108,2661.6000000000004,4646,146189,2665,Recovery,,25.326735,19.869532,14.843954999999994,7.700932000000002,False,126346_108,126346_25
126346,2,108,2669.867,2353,500569,2674,Pass,Successful,51.057615,43.52102,51.81687,52.751272,True,126346_108,126346_26
