game_id,period_id,episode_id,time_seconds,team_id,player_id,action_id,type_name,result_name,start_x,start_y,end_x,end_y,is_home,game_episode,phase
126474,2,67,1141.877,4220,500533,1887,Pass,Successful,26.350065,42.370664,25.09101,53.288812,False,126474_67,126474_242
126474,2,67,1149.097,4220,500534,1893,Carry,,28.894845000000004,19.513484,31.320135000000008,16.966815999999994,False,126474_67,126474_242
