game_id,period_id,episode_id,time_seconds,team_id,player_id,action_id,type_name,result_name,start_x,start_y,end_x,end_y,is_home,game_episode,phase
126474,1,27,1936.195,4220,500547,720,Pass,Successful,33.08655,5.320523999999999,28.523354999999995,24.079208,False,126474_27,126474_72
126474,1,27,1938.077,4220,143588,722,Carry,,28.523354999999995,24.079208,28.291934999999995,27.235088,False,126474_27,126474_72
126474,1,27,1963.642,4220,500534,737,Pass,Unsuccessful,50.080275,48.820056,43.488375000000005,50.680128,False,126474_27,126474_74
126474,1,27,1965.2,316,500124,738,Recovery,,61.604025,16.574252,61.604025,16.574252,True,126474_27,126474_75
126474,1,27,1973.523,4220,215699,747,Carry,,28.280595000000005,63.91881,29.843205,60.92868,False,126474_27,126474_76
126474,1,27,1979.631,4220,500552,752,Carry,,16.538970000000006,27.1592,31.024770000000004,22.7443,False,126474_27,126474_76
126474,1,27,2018.6,316,530218,768,Pass,Successful,41.303115000000005,15.953616000000004,53.91466499999999,11.349404,True,126474_27,126474_79
