game_id,period_id,episode_id,time_seconds,team_id,player_id,action_id,type_name,result_name,start_x,start_y,end_x,end_y,is_home,game_episode,phase
126470,2,56,688.933,4657,500478,1681,Pass,Successful,50.76834,24.518828,60.467295,25.117976,True,126470_56,126470_191
126470,2,56,691.2670000000003,2354,215806,1684,Interception,,36.53307000000001,36.659888,36.53307000000001,36.659888,False,126470_56,126470_192
126470,2,56,694.8000000000002,4657,527810,1686,Duel,Successful,51.710925,5.960675999999999,51.710925,5.960675999999999,True,126470_56,126470_193
126470,2,56,717.9670000000001,2354,250036,1701,Duel,Successful,57.31362,44.33906,57.31362,44.33906,False,126470_56,126470_194
126470,2,56,724.7000000000003,2354,150851,1706,Cross,Successful,95.59431,47.450332,99.21723,33.176996,False,126470_56,126470_194
126470,2,56,726.5,4657,250167,1710,Catch,,1.134084,32.55806,1.134084,32.55806,True,126470_56,126470_195
126470,2,56,740.7000000000003,4657,500478,1717,Pass,Successful,27.226185,34.349452,23.776305,43.458936,True,126470_56,126470_195
