game_id,period_id,episode_id,time_seconds,team_id,player_id,action_id,type_name,result_name,start_x,start_y,end_x,end_y,is_home,game_episode,phase
126470,2,61,998.5,4657,250167,1869,Pass,Successful,9.346785,29.19104,12.913005,37.689408,True,126470_61,126470_213
126470,2,61,1019.2330000000002,4657,527810,1881,Pass,Successful,88.880505,2.251819999999995,88.91631,9.222499999999997,True,126470_61,126470_215
126470,2,61,1020.1340000000002,4657,500480,1883,Carry,,88.91631,9.222499999999997,102.06567,4.082039999999999,True,126470_61,126470_215
