game_id,period_id,episode_id,time_seconds,team_id,player_id,action_id,type_name,result_name,start_x,start_y,end_x,end_y,is_home,game_episode,phase
126470,1,39,2740.4,2354,250036,1292,Duel,Successful,50.381310000000006,51.174692,50.381310000000006,51.174692,False,126470_39,126470_128
126470,1,39,2742.867,4657,527810,1295,Pass,Successful,43.66152,10.960715999999998,33.37236,28.756044000000003,True,126470_39,126470_129
126470,1,39,2748.167,2354,215806,1299,Interception,,43.170225,6.246547999999997,43.170225,6.246547999999997,False,126470_39,126470_130
