game_id,period_id,episode_id,time_seconds,team_id,player_id,action_id,type_name,result_name,start_x,start_y,end_x,end_y,is_home,game_episode,phase
126475,2,71,1535.1670000000004,2353,500569,2185,Pass,Successful,55.650735,44.854228,53.184915,50.718412,False,126475_71,126475_267
126475,2,71,1539.1999999999998,2353,500562,2189,Pass,Unsuccessful,54.063135,52.860072,63.433755,57.390164,False,126475_71,126475_267
126475,2,71,1548.157,2353,500558,2197,Carry,,3.757057500000002,46.767612,6.109740000000002,43.242696,False,126475_71,126475_269
126475,2,71,1592.433,2354,530659,2224,Interception,,52.695825,26.958327999999995,52.695825,26.958327999999995,True,126475_71,126475_276
126475,2,71,1594.1999999999998,2354,500145,2227,Pass,Successful,59.93841,30.012276,57.965250000000005,36.102832,True,126475_71,126475_276
126475,2,71,1596.5330000000004,2353,500569,2231,Block,,42.330645,30.356356,42.330645,30.356356,False,126475_71,126475_277
