game_id,period_id,episode_id,time_seconds,team_id,player_id,action_id,type_name,result_name,start_x,start_y,end_x,end_y,is_home,game_episode,phase
126475,1,39,2521.033,2353,500565,1229,Tackle,Unsuccessful,54.344535,67.102638,54.344535,67.102638,False,126475_39,126475_135
126475,1,39,2540.7000000000003,2354,150850,1249,Pass,Successful,54.11679,34.905216,52.230885,21.419252,True,126475_39,126475_138
