game_id,period_id,episode_id,time_seconds,team_id,player_id,action_id,type_name,result_name,start_x,start_y,end_x,end_y,is_home,game_episode,phase
126475,1,7,240.734,2354,500152,124,Carry,,46.430685,2.460784000000004,36.609615,0.0,True,126475_7,126475_240
126475,1,7,256.767,2353,500576,133,Block,,54.950385,18.953979999999994,54.950385,18.953979999999994,False,126475_7,126475_243
126475,1,7,299.567,2354,250036,161,Pass,Successful,21.55293,51.151776,24.55908,44.895912,True,126475_7,126475_248
126475,1,7,345.40000000000003,2353,500562,188,Pass,Unsuccessful,75.48145500000001,54.361036,95.63106,53.98282,False,126475_7,126475_253
126475,1,7,357.77,2353,500565,198,Carry,,66.403785,60.309608,75.47064,57.562,False,126475_7,126475_255
126475,1,7,359.767,2353,500565,199,Pass,Successful,75.47064,57.562,87.99105,49.341072,False,126475_7,126475_255
