game_id,period_id,episode_id,time_seconds,team_id,player_id,action_id,type_name,result_name,start_x,start_y,end_x,end_y,is_home,game_episode,phase
126475,2,48,5.432999999999993,2354,250036,1413,Pass,Successful,36.011115000000004,35.8156,35.442855,27.600656,True,126475_48,126475_158
126475,2,48,6.834000000000084,2354,150850,1415,Carry,,35.442855,27.600656,37.16076,21.231027999999995,True,126475_48,126475_158
126475,2,48,18.86700000000019,2353,500580,1421,Pass,Unsuccessful,27.051045,61.19184,29.53419000000001,55.758504,False,126475_48,126475_159
