game_id,period_id,episode_id,time_seconds,team_id,player_id,action_id,type_name,result_name,start_x,start_y,end_x,end_y,is_home,game_episode,phase
126475,1,31,1881.734,2354,150850,950,Carry,,20.45631,26.119072000000003,26.55177,29.026072,True,126475_31,126475_104
126475,1,31,1916.367,2354,150850,968,Pass,Successful,33.114059999999995,31.123396,37.46337,13.515136000000004,True,126475_31,126475_106
126475,1,31,1925.9,2353,526911,973,Pass,Unsuccessful,24.69117,13.64318,55.9314,9.987092000000004,False,126475_31,126475_107
126475,1,31,2002.533,2354,500152,1018,Pass,Successful,44.74239,15.210715999999998,34.819365,17.214812000000002,True,126475_31,126475_114
126475,1,31,2003.801,2354,150850,1020,Carry,,34.819365,17.214812000000002,38.124660000000006,14.635231999999997,True,126475_31,126475_114
126475,1,31,2009.4,2354,344558,1023,Pass,Successful,32.00358,28.18498,39.899475,45.638404,True,126475_31,126475_114
126475,1,31,2023.7,2354,250036,1030,Pass,Successful,38.25528,51.488172,39.299925,32.428996,True,126475_31,126475_114
126475,1,31,2033.367,2354,142109,1037,Pass,Successful,25.38228,35.317908,29.37459,49.070636,True,126475_31,126475_114
