game_id,period_id,episode_id,time_seconds,team_id,player_id,action_id,type_name,result_name,start_x,start_y,end_x,end_y,is_home,game_episode,phase
126475,1,24,1436.3,2354,187292,696,Pass,Successful,52.514175,33.475652,46.214595,33.672308,True,126475_24,126475_64
126475,1,24,1471.933,2353,500576,720,Recovery,,29.7675,10.219108,38.38400999999999,1.8430039999999928,False,126475_24,126475_65
126475,1,24,1488.815,2354,500152,738,Carry,,7.3022355,14.741923999999996,11.34273,6.721392000000002,True,126475_24,126475_68
