game_id,period_id,episode_id,time_seconds,team_id,player_id,action_id,type_name,result_name,start_x,start_y,end_x,end_y,is_home,game_episode,phase
126384,1,6,216.201,4641,346035,126,Carry,,40.47781499999999,26.386652,42.987315,22.88574000000001,False,126384_6,126384_203
126384,1,6,250.0,4641,346035,154,Recovery,,43.463280000000005,38.11604,16.686915,40.595728,False,126384_6,126384_207
126384,1,6,272.4,4644,412005,177,Interception,,71.41092,52.495184,71.41092,52.495184,True,126384_6,126384_210
126384,1,6,300.40000000000003,4641,500602,193,Pass,Successful,63.706860000000006,35.446632,67.836405,23.35902,False,126384_6,126384_213
126384,1,6,316.867,4644,250076,202,Pass,Successful,22.90785,58.03698,13.511715,51.939692,True,126384_6,126384_214
126384,1,6,320.0,4644,500520,204,Pass,Successful,13.981275,49.558196,15.31551,29.087816,True,126384_6,126384_214
