game_id,period_id,episode_id,time_seconds,team_id,player_id,action_id,type_name,result_name,start_x,start_y,end_x,end_y,is_home,game_episode,phase
126384,2,48,673.433,4641,145831,1941,Pass_Corner,Successful,104.64951,0.4813040000000086,98.650545,27.378091999999995,False,126384_48,126384_161
126384,2,48,674.5999999999999,4641,500602,1943,Pass,Unsuccessful,98.650545,27.378091999999995,97.0123665,35.353132,False,126384_48,126384_161
126384,2,48,674.933,4644,500507,1944,Interception,,7.987633499999999,32.646868,7.987633499999999,32.646868,True,126384_48,126384_162
126384,2,48,678.501,4641,360162,1947,Carry,,73.66989,39.306244,76.00845000000001,44.304516,False,126384_48,126384_163
126384,2,48,685.933,4641,346035,1954,Pass,Successful,70.203105,28.726668000000004,92.35107,0.8315039999999954,False,126384_48,126384_165
