game_id,period_id,episode_id,time_seconds,team_id,player_id,action_id,type_name,result_name,start_x,start_y,end_x,end_y,is_home,game_episode,phase
126448,2,48,340.7175000000001,2354,530659,1540,Intervention,,55.1208,8.267643999999997,55.1208,8.267643999999997,False,126448_48,126448_167
126448,2,48,343.7670000000003,4648,145703,1546,Pass,Successful,43.96623,65.2539152,57.911175,38.373692000000005,True,126448_48,126448_168
