game_id,period_id,episode_id,time_seconds,team_id,player_id,action_id,type_name,result_name,start_x,start_y,end_x,end_y,is_home,game_episode,phase
126448,2,80,2292.3,4648,250101,2187,Block,,9.299136,49.850596,9.299136,49.850596,True,126448_80,126448_238
126448,2,80,2299.101000000001,2354,150851,2195,Carry,,98.03955,11.003828,103.165755,13.971823999999998,False,126448_80,126448_239
126448,2,80,2321.715,4648,500138,2209,Pass,Successful,22.328775,37.861516,17.64483,51.70278,True,126448_80,126448_240
126448,2,80,2457.8010000000004,4648,500142,2291,Carry,,37.628115,29.272844,31.67892,33.656872,True,126448_80,126448_244
126448,2,80,2466.233,2354,142111,2298,Pass,Successful,64.204665,23.003516,76.20795000000001,31.544656,False,126448_80,126448_245
