game_id,period_id,episode_id,time_seconds,team_id,player_id,action_id,type_name,result_name,start_x,start_y,end_x,end_y,is_home,game_episode,phase
126448,2,85,2738.201,4648,250101,2392,Carry,,65.86629,9.907192000000002,63.12757500000001,11.547828000000004,True,126448_85,126448_248
126448,2,85,2765.746,4648,250100,2413,Pass,Successful,80.564715,8.343872000000005,68.55744,12.395924,True,126448_85,126448_250
126448,2,85,2770.133,2354,215806,2418,Clearance,,12.970860000000002,30.249392,49.921095,32.92696,False,126448_85,126448_251
126448,2,85,2789.467000000001,4648,500140,2430,Pass,Successful,52.83915,47.233412,66.66733500000001,67.0851688,True,126448_85,126448_252
