game_id,period_id,episode_id,time_seconds,team_id,player_id,action_id,type_name,result_name,start_x,start_y,end_x,end_y,is_home,game_episode,phase
126448,2,76,2138.967000000001,2354,215806,2100,Throw-In,Successful,56.64792,0.0,55.4694,6.889555999999999,False,126448_76,126448_227
126448,2,76,2140.1000000000004,2354,142111,2102,Pass,Unsuccessful,55.4694,6.889555999999999,71.39769,5.894579999999998,False,126448_76,126448_227
126448,2,76,2140.933,4648,500140,2103,Recovery,,34.449345,63.047594,34.449345,63.047594,True,126448_76,126448_228
126448,2,76,2140.934,4648,500140,2104,Carry,,34.449345,63.047594,31.83537,58.077304,True,126448_76,126448_228
126448,2,76,2143.0,4648,500140,2105,Pass,Unsuccessful,31.83537,58.077304,52.06887,43.806144,True,126448_76,126448_228
