game_id,period_id,episode_id,time_seconds,team_id,player_id,action_id,type_name,result_name,start_x,start_y,end_x,end_y,is_home,game_episode,phase
126448,2,45,186.0999999999999,4648,250101,1492,Block,,47.2899,12.336016,47.2899,12.336016,True,126448_45,126448_162
126448,2,45,191.5,4648,500139,1496,Pass,Successful,37.33758,24.937436000000005,28.07973,16.511283999999996,True,126448_45,126448_162
126448,2,45,210.5329999999999,2354,215806,1513,Block,,8.389122,21.286176,8.389122,21.286176,False,126448_45,126448_163
