game_id,period_id,episode_id,time_seconds,team_id,player_id,action_id,type_name,result_name,start_x,start_y,end_x,end_y,is_home,game_episode,phase
126448,1,21,1195.8,4648,77414,631,Pass,Successful,55.33877999999999,67.673481,58.323405,61.063388,True,126448_21,126448_66
126448,1,21,1231.3,2354,142111,643,Pass,Successful,17.493105,39.401648,3.568141499999996,42.734736,False,126448_21,126448_67
126448,1,21,1241.367,4648,250102,651,Pass,Successful,61.729605,29.798212,58.77795,31.64516,True,126448_21,126448_70
126448,1,21,1263.001,4648,250079,667,Carry,,2.1496755000000003,17.445128000000004,16.55094,27.612283999999995,True,126448_21,126448_74
126448,1,21,1276.096,4648,250101,673,Pass,Successful,28.227675,27.164300000000004,18.173295,34.913648,True,126448_21,126448_74
126448,1,21,1307.468,4648,500140,696,Carry,,77.229495,7.966471999999996,72.149595,23.047648,True,126448_21,126448_74
126448,1,21,1318.833,2354,253677,703,Tackle,Unsuccessful,22.312394999999995,17.442204000000004,22.312394999999995,17.442204000000004,False,126448_21,126448_75
126448,1,21,1321.843,4648,145701,706,Pass,Successful,71.53954499999999,42.359036,70.03248,22.735732,True,126448_21,126448_76
126448,1,21,1322.834,4648,500140,708,Carry,,70.03248,22.735732,75.4509,20.344988,True,126448_21,126448_76
