game_id,period_id,episode_id,time_seconds,team_id,player_id,action_id,type_name,result_name,start_x,start_y,end_x,end_y,is_home,game_episode,phase
126348,2,87,2914.4000000000005,4657,250167,2740,Goal Kick,Unsuccessful,4.699768500000005,28.236456,66.09099,25.663744,False,126348_87,126348_277
126348,2,87,2919.4000000000005,4648,62365,2741,Duel,Successful,38.4615,42.713996,38.4615,42.713996,True,126348_87,126348_278
126348,2,87,2919.4000000000005,4648,62365,2742,Intervention,,38.4615,42.713996,38.4615,42.713996,True,126348_87,126348_278
126348,2,87,2919.4000000000005,4648,62365,2744,Pass,Unsuccessful,38.5623,41.959196000000006,47.170725,49.64238,True,126348_87,126348_278
