game_id,period_id,episode_id,time_seconds,team_id,player_id,action_id,type_name,result_name,start_x,start_y,end_x,end_y,is_home,game_episode,phase
126319,2,85,2615.467000000001,4640,215818,2602,Recovery,,80.550855,41.925536,67.96587000000001,31.864528,True,126319_85,126319_270
126319,2,85,2633.867,4640,491837,2613,Pass,Successful,49.422975,41.743228,44.8917,25.151296,True,126319_85,126319_272
126319,2,85,2643.933,4640,61932,2620,Duel,Successful,59.99427000000001,19.415768,59.99427000000001,19.415768,True,126319_85,126319_274
126319,2,85,2652.8680000000004,4640,61932,2632,Carry,,64.48931999999999,23.338552,61.549005,22.689968,True,126319_85,126319_276
126319,2,85,2698.967000000001,4648,250099,2666,Pass,Successful,10.077469500000008,35.307164,14.37849,44.777932,False,126319_85,126319_279
126319,2,85,2701.433,4648,250108,2668,Pass,Successful,15.230985000000004,45.58312,21.418425,62.7166992,False,126319_85,126319_279
