game_id,period_id,episode_id,time_seconds,team_id,player_id,action_id,type_name,result_name,start_x,start_y,end_x,end_y,is_home,game_episode,phase
126319,1,23,1440.4,4640,354794,732,Pass_Freekick,Successful,19.52286,18.961324,79.262085,16.502443999999997,True,126319_23,126319_58
126319,1,23,1443.967,4640,491833,734,Pass,Successful,79.262085,16.502443999999997,83.736975,7.438383999999999,True,126319_23,126319_58
126319,1,23,1445.567,4640,500430,736,Pass,Unsuccessful,83.736975,7.438383999999999,85.64325,17.431799999999996,True,126319_23,126319_58
126319,1,23,1446.767,4648,250108,737,Interception,,18.75195,51.461924,23.116485,53.140436,False,126319_23,126319_59
126319,1,23,1446.767,4648,250108,738,Pass,Successful,18.75195,51.461924,23.116485,53.140436,False,126319_23,126319_59
126319,1,23,1447.267,4648,250101,740,Pass,Successful,23.116485,53.140436,14.110635000000002,60.71686,False,126319_23,126319_59
126319,1,23,1449.168,4648,145701,742,Carry,,14.110635000000002,60.71686,12.958889999999997,65.797786,False,126319_23,126319_59
126319,1,23,1451.6,4648,145701,743,Pass,Successful,12.958889999999997,65.797786,16.665179999999992,58.776752,False,126319_23,126319_59
