game_id,period_id,episode_id,time_seconds,team_id,player_id,action_id,type_name,result_name,start_x,start_y,end_x,end_y,is_home,game_episode,phase
126319,2,60,1159.8670000000002,4648,250106,2049,Pass,Successful,41.78517,29.561028,41.28747,47.57042,False,126319_60,126319_203
126319,2,60,1166.001,4648,250106,2053,Carry,,30.440865,24.951104,36.27813,19.316556,False,126319_60,126319_203
126319,2,60,1174.967,4640,491834,2060,Tackle,Successful,53.294745000000006,64.9628344,53.294745000000006,64.9628344,True,126319_60,126319_204
