game_id,period_id,episode_id,time_seconds,team_id,player_id,action_id,type_name,result_name,start_x,start_y,end_x,end_y,is_home,game_episode,phase
126319,1,2,96.733,4640,491837,58,Recovery,,38.729565,34.420919999999995,38.729565,34.420919999999995,True,126319_2,126319_44
126319,1,2,107.533,4640,354794,63,Pass,Unsuccessful,14.35749,33.965523999999995,38.99742,15.009299999999996,True,126319_2,126319_44
126319,1,2,127.534,4648,250101,80,Carry,,23.119005,51.269212,22.956255,45.888032,False,126319_2,126319_47
126319,1,2,148.20000000000002,4640,246402,89,Tackle,Successful,61.07808,27.698304,61.07808,27.698304,True,126319_2,126319_48
126319,1,2,148.20000000000002,4640,246402,88,Duel,Successful,61.07808,27.698304,61.07808,27.698304,True,126319_2,126319_48
126319,1,2,161.633,4648,250101,108,Recovery,,39.04803,39.341876,39.04803,39.341876,False,126319_2,126319_53
126319,1,2,176.333,4648,250101,118,Pass,Successful,41.68773,20.607060000000004,36.88167,31.539148,False,126319_2,126319_53
