game_id,period_id,episode_id,time_seconds,team_id,player_id,action_id,type_name,result_name,start_x,start_y,end_x,end_y,is_home,game_episode,phase
126319,1,30,2282.167,4648,62386,1211,Pass,Successful,78.71892,60.477568,83.893425,66.4420248,False,126319_30,126319_107
126319,1,30,2283.268,4648,77414,1213,Carry,,83.893425,66.4420248,77.304675,58.074788,False,126319_30,126319_107
126319,1,30,2301.867,4648,345464,1228,Pass,Successful,43.060815,41.35012,53.39397,58.685428,False,126319_30,126319_111
126319,1,30,2312.433,4648,77414,1234,Pass,Successful,59.683365,31.824272,58.48269,20.10148,False,126319_30,126319_111
