game_id,period_id,episode_id,time_seconds,team_id,player_id,action_id,type_name,result_name,start_x,start_y,end_x,end_y,is_home,game_episode,phase
126328,1,32,1933.7,316,500126,929,Throw-In,Successful,78.27949500000001,0.0,75.721275,4.418436,True,126328_32,126328_79
126328,1,32,1934.633,316,161110,931,Pass,Successful,75.721275,4.418436,78.02739,1.259087999999991,True,126328_32,126328_79
