game_id,period_id,episode_id,time_seconds,team_id,player_id,action_id,type_name,result_name,start_x,start_y,end_x,end_y,is_home,game_episode,phase
126477,1,3,366.433,4640,411440,222,Duel,Successful,61.559295,48.354936,61.559295,48.354936,False,126477_3,126477_102
126477,1,3,369.767,4640,530690,224,Duel,Successful,62.272560000000006,61.592054,62.272560000000006,61.592054,False,126477_3,126477_104
