game_id,period_id,episode_id,time_seconds,team_id,player_id,action_id,type_name,result_name,start_x,start_y,end_x,end_y,is_home,game_episode,phase
126477,2,75,2740.3680000000004,4644,62114,2960,Carry,,56.287875,29.376952000000003,65.91732,30.82916,True,126477_75,126477_315
126477,2,75,2745.567,4640,77520,2966,Recovery,,51.286725,44.438816,51.286725,44.438816,False,126477_75,126477_316
126477,2,75,2745.568,4640,77520,2967,Carry,,51.286725,44.438816,40.938975,47.725188,False,126477_75,126477_316
126477,2,75,2762.467000000001,4644,250075,2985,Cross,Unsuccessful,81.05538,57.877928,95.151525,34.723928,True,126477_75,126477_319
126477,2,75,2767.25,4640,246402,2989,Recovery,,13.340145000000009,24.248664,13.340145000000009,24.248664,False,126477_75,126477_322
