game_id,period_id,episode_id,time_seconds,team_id,player_id,action_id,type_name,result_name,start_x,start_y,end_x,end_y,is_home,game_episode,phase
126477,1,1,12.267,4644,62105,8,Pass,Successful,42.969045,1.6777639999999965,26.9808,4.600608000000001,True,126477_1,126477_1
126477,1,1,21.2,4644,250076,16,Pass,Successful,31.99182,44.943988,27.463065,48.323384,True,126477_1,126477_1
126477,1,1,25.233,4644,500505,22,Tackle,Unsuccessful,39.71184,50.004344,39.71184,50.004344,True,126477_1,126477_3
126477,1,1,48.3,4640,246402,36,Pass,Successful,41.48403,39.601024,24.909675,53.722856,False,126477_1,126477_8
126477,1,1,63.367,4640,246402,45,Pass,Successful,33.65502000000001,33.347676,33.138000000000005,41.684748,False,126477_1,126477_8
126477,1,1,78.733,4644,529335,55,Interception,,27.08832,43.154772,27.08832,43.154772,True,126477_1,126477_9
126477,1,1,96.767,4640,61922,71,Recovery,,50.910405,40.10266,54.83415,52.89414,False,126477_1,126477_12
126477,1,1,98.068,4640,411440,74,Carry,,54.83415,52.89414,55.10127,47.043148,False,126477_1,126477_12
