game_id,period_id,episode_id,time_seconds,team_id,player_id,action_id,type_name,result_name,start_x,start_y,end_x,end_y,is_home,game_episode,phase
126365,1,33,2736.0,4644,62086,1565,Pass,Successful,27.22692,34.453492,5.7359715,41.23384,True,126365_33,126365_113
126365,1,33,2742.1340000000005,4644,500520,1570,Carry,,10.77384,50.204808,14.45115,49.73622,True,126365_33,126365_113
126365,1,33,2745.033,4644,500520,1571,Pass,Successful,14.45115,49.73622,26.973765,65.2357184,True,126365_33,126365_113
126365,1,33,2818.1,4644,500520,1582,Pass,Successful,22.491105,36.715648,21.389445,25.951044000000003,True,126365_33,126365_113
126365,1,33,2824.9010000000003,4644,500515,1588,Carry,,20.771415,25.345368,22.480815,21.003432,True,126365_33,126365_113
