game_id,period_id,episode_id,time_seconds,team_id,player_id,action_id,type_name,result_name,start_x,start_y,end_x,end_y,is_home,game_episode,phase
126365,1,15,1267.2,4644,250055,768,Pass_Freekick,Successful,55.651680000000006,14.72744,53.60040000000001,20.905376000000004,True,126365_15,126365_31
126365,1,15,1320.934,4644,62112,816,Carry,,70.053165,35.394748,85.783635,27.807784,True,126365_15,126365_33
