game_id,period_id,episode_id,time_seconds,team_id,player_id,action_id,type_name,result_name,start_x,start_y,end_x,end_y,is_home,game_episode,phase
126365,2,52,1477.067,4644,500520,2411,Pass,Successful,49.63833,50.645924,52.723755,39.05206,True,126365_52,126365_209
126365,2,52,1478.3670000000002,4644,250055,2413,Pass,Successful,52.723755,39.05206,57.33483,41.079684,True,126365_52,126365_209
126365,2,52,1479.7330000000002,4644,250055,2417,Pass,Successful,56.331345,43.794448,57.15244500000001,39.506164,True,126365_52,126365_209
