game_id,period_id,episode_id,time_seconds,team_id,player_id,action_id,type_name,result_name,start_x,start_y,end_x,end_y,is_home,game_episode,phase
126365,1,10,695.567,4644,412005,437,Interception,,53.043690000000005,58.448312,59.92959,60.486952,True,126365_10,126365_5
126365,1,10,697.0,4644,259766,440,Pass,Successful,59.58897,58.53304,62.528235,52.858304,True,126365_10,126365_5
126365,1,10,705.533,4644,325355,448,Interception,,72.952845,13.43,72.952845,13.43,True,126365_10,126365_7
126365,1,10,715.2330000000001,4644,412005,453,Pass,Successful,67.907805,36.800444,69.56712,61.882074,True,126365_10,126365_7
126365,1,10,717.001,4644,250076,455,Carry,,69.56712,61.882074,73.37578500000001,61.6663372,True,126365_10,126365_7
126365,1,10,725.901,4643,500121,467,Carry,,40.547955,41.19202,54.22452,41.47252,False,126365_10,126365_8
126365,1,10,757.334,4643,343590,496,Carry,,15.021614999999995,0.8716919999999959,19.46154,1.2021039999999914,False,126365_10,126365_12
126365,1,10,776.168,4644,250055,510,Carry,,40.14696,16.839180000000006,41.16504,24.017123999999995,True,126365_10,126365_13
126365,1,10,797.133,4644,500515,533,Pass,Successful,24.16932,39.186564,21.96369,21.988616,True,126365_10,126365_15
