game_id,period_id,episode_id,time_seconds,team_id,player_id,action_id,type_name,result_name,start_x,start_y,end_x,end_y,is_home,game_episode,phase
126365,1,31,2473.068,4643,187259,1409,Carry,,75.663735,3.1462920000000025,101.06019,5.461964000000002,False,126365_31,126365_100
126365,1,31,2517.2000000000003,4644,500520,1442,Pass,Successful,25.708095,46.986232,39.22569,66.7228784,True,126365_31,126365_101
126365,1,31,2532.867,4644,250055,1455,Pass,Successful,71.917965,4.634540000000001,68.11413,15.535552000000004,True,126365_31,126365_101
126365,1,31,2539.467,4643,500113,1463,Intervention,,16.504215000000002,38.887704,16.504215000000002,38.887704,False,126365_31,126365_102
126365,1,31,2559.6340000000005,4644,62112,1476,Carry,,65.065455,21.261288,59.2809,30.262108,True,126365_31,126365_103
126365,1,31,2578.7000000000003,4644,325355,1491,Pass,Successful,54.80286,47.121144,48.719055,54.038920000000005,True,126365_31,126365_103
126365,1,31,2581.7000000000003,4644,250076,1494,Pass,Successful,52.352895,54.329076,56.87388,55.626516,True,126365_31,126365_103
126365,1,31,2582.9,4644,250076,1498,Pass,Successful,52.50798,54.459296,55.89318,66.7268768,True,126365_31,126365_103
