game_id,period_id,episode_id,time_seconds,team_id,player_id,action_id,type_name,result_name,start_x,start_y,end_x,end_y,is_home,game_episode,phase
126365,1,1,24.568,4643,83615,18,Carry,,27.56880000000001,52.33178,31.775835,50.605396,False,126365_1,126365_2
126365,1,1,31.568,4643,500115,21,Carry,,17.125185000000002,34.08602,17.087699999999998,29.435704,False,126365_1,126365_2
