game_id,period_id,episode_id,time_seconds,team_id,player_id,action_id,type_name,result_name,start_x,start_y,end_x,end_y,is_home,game_episode,phase
126365,1,2,62.767,4643,343590,32,Pass,Unsuccessful,96.89841,3.483708000000007,94.458945,3.2557720000000074,False,126365_2,126365_50
126365,1,2,67.967,4644,325355,38,Block,,8.748253499999999,43.761332,8.748253499999999,43.761332,True,126365_2,126365_53
126365,1,2,71.4,4644,412005,41,Pass,Successful,4.6775715,48.20248,0.0,51.371076,True,126365_2,126365_53
126365,1,2,80.8,4643,187722,55,Pass,Successful,83.89164,31.907776,90.2139,34.886788,False,126365_2,126365_56
126365,1,2,83.801,4643,410634,59,Carry,,91.872585,38.583064,95.2815675,42.883588,False,126365_2,126365_56
126365,1,2,91.533,4643,83615,65,Error,,91.70406,65.8732524,91.70406,65.8732524,False,126365_2,126365_58
