game_id,period_id,episode_id,time_seconds,team_id,player_id,action_id,type_name,result_name,start_x,start_y,end_x,end_y,is_home,game_episode,phase
126416,2,36,6.653999999999996,4657,357146,1557,Pass,Successful,28.20846,43.169664,21.93303,19.211156000000003,True,126416_36,126416_100
126416,2,36,46.20000000000027,4643,500502,1582,Pass,Successful,58.266705,9.003267999999998,60.58962,7.663940000000004,False,126416_36,126416_101
126416,2,36,46.86800000000019,4643,528960,1584,Carry,,60.58962,7.663940000000004,58.360155000000006,5.550364000000002,False,126416_36,126416_101
126416,2,36,65.0,4643,187794,1595,Pass,Successful,36.89038500000001,62.3045784,40.11934500000001,51.775948,False,126416_36,126416_103
126416,2,36,100.501,4643,500117,1628,Carry,,43.692075,41.189980000000006,71.113035,34.731612,False,126416_36,126416_103
126416,2,36,147.01300000000018,4643,500118,1648,Carry,,49.307265,27.939228,48.21663,31.147060000000003,False,126416_36,126416_105
126416,2,36,158.66799999999992,4643,343587,1660,Carry,,69.336015,56.71914,67.330935,53.720952,False,126416_36,126416_105
126416,2,36,171.0999999999999,4657,500480,1674,Pass,Successful,32.47314,1.8559920000000003,47.55954,6.1170080000000056,True,126416_36,126416_108
126416,2,36,193.4479999999999,4643,500502,1686,Pass,Successful,44.088975000000005,24.233364,44.38665,5.546895999999997,False,126416_36,126416_109
