game_id,period_id,episode_id,time_seconds,team_id,player_id,action_id,type_name,result_name,start_x,start_y,end_x,end_y,is_home,game_episode,phase
126416,2,41,762.826,4657,357146,1936,Pass,Successful,53.21064,63.6277428,45.58533,44.440856,True,126416_41,126416_130
126416,2,41,764.7010000000002,4657,187343,1938,Carry,,45.58533,44.440856,45.174045,41.326864,True,126416_41,126416_130
126416,2,41,765.6330000000003,4657,187343,1939,Pass,Successful,45.174045,41.326864,48.376545,17.509796,True,126416_41,126416_130
