game_id,period_id,episode_id,time_seconds,team_id,player_id,action_id,type_name,result_name,start_x,start_y,end_x,end_y,is_home,game_episode,phase
126416,1,11,810.0,4657,505723,429,Duel,Successful,60.04414500000001,32.892008,60.04414500000001,32.892008,True,126416_11,126416_8
126416,1,11,815.9300000000001,4643,500502,439,Pass,Successful,43.70226,39.889208,33.12434999999999,49.66584,False,126416_11,126416_9
126416,1,11,846.133,4643,500502,470,Pass,Successful,29.356425,19.806156,18.928455,24.383984,False,126416_11,126416_11
126416,1,11,851.462,4643,500118,477,Pass,Successful,20.618325,14.837668,13.45281,13.261156,False,126416_11,126416_11
