game_id,period_id,episode_id,time_seconds,team_id,player_id,action_id,type_name,result_name,start_x,start_y,end_x,end_y,is_home,game_episode,phase
126423,2,85,3004.5380000000005,4646,500460,2814,Pass_Freekick,Successful,6.899151000000001,42.637768,22.791195,27.872996,True,126423_85,126423_231
126423,2,85,3006.6680000000006,4646,61623,2816,Carry,,22.791195,27.872996,37.81659,21.737288,True,126423_85,126423_231
126423,2,85,3010.8770000000004,4646,61623,2817,Pass,Successful,37.81659,21.737288,46.600785,42.59248,True,126423_85,126423_231
126423,2,85,3014.5020000000004,4646,188514,2819,Pass,Successful,46.615485,44.50328,53.499285,44.619424,True,126423_85,126423_231
126423,2,85,3015.255,4646,356596,2821,Pass,Successful,53.499285,44.619424,45.554775,49.298708,True,126423_85,126423_231
126423,2,85,3016.2340000000004,4646,188514,2823,Carry,,45.554775,49.298708,45.95955,45.773996,True,126423_85,126423_231
126423,2,85,3017.7570000000005,4646,188514,2824,Pass,Unsuccessful,45.95955,45.773996,92.28072,17.505648,True,126423_85,126423_231
