game_id,period_id,episode_id,time_seconds,team_id,player_id,action_id,type_name,result_name,start_x,start_y,end_x,end_y,is_home,game_episode,phase
126423,1,32,1878.863,4646,61616,935,Pass_Freekick,Successful,51.45189,30.864792,50.338365,36.769844000000006,True,126423_32,126423_53
126423,1,32,1879.786,4646,500452,937,Pass,Successful,50.338365,36.769844000000006,49.49574,28.155196000000004,True,126423_32,126423_53
126423,1,32,1880.868,4646,61616,939,Carry,,49.49574,28.155196000000004,50.71983,22.5879,True,126423_32,126423_53
126423,1,32,1882.666,4646,61616,940,Pass,Successful,50.71983,22.5879,65.89317,1.6731400000000036,True,126423_32,126423_53
