game_id,period_id,episode_id,time_seconds,team_id,player_id,action_id,type_name,result_name,start_x,start_y,end_x,end_y,is_home,game_episode,phase
126423,1,17,912.933,4646,500460,499,Goal Kick,Successful,4.8921915,31.201256,2.585667,48.71112,True,126423_17,126423_15
126423,1,17,915.829,4646,356604,501,Pass,Successful,3.5654745,51.044608,12.15186,67.0297828,True,126423_17,126423_15
126423,1,17,917.421,4646,61623,503,Pass,Unsuccessful,12.15186,67.0297828,22.87341,54.870084,True,126423_17,126423_15
126423,1,17,918.267,4220,527822,504,Recovery,,81.89244,13.438295999999994,93.643725,15.599743999999994,False,126423_17,126423_16
126423,1,17,918.267,4220,527822,505,Pass,Successful,81.89244,13.438295999999994,93.643725,15.599743999999994,False,126423_17,126423_16
