game_id,period_id,episode_id,time_seconds,team_id,player_id,action_id,type_name,result_name,start_x,start_y,end_x,end_y,is_home,game_episode,phase
126423,2,84,2969.429,4646,356596,2804,Pass_Freekick,Successful,78.43688999999999,26.156268,79.678305,25.11342,True,126423_84,126423_231
126423,2,84,2969.767,4646,356603,2806,Pass,Successful,79.678305,25.11342,79.038225,26.240996000000003,True,126423_84,126423_231
126423,2,84,2970.383,4646,356596,2808,Pass,Unsuccessful,79.038225,26.240996000000003,93.40758,37.011176,True,126423_84,126423_231
