game_id,period_id,episode_id,time_seconds,team_id,player_id,action_id,type_name,result_name,start_x,start_y,end_x,end_y,is_home,game_episode,phase
126340,2,44,85.26700000000028,4640,500430,1527,Pass_Freekick,Successful,41.822655000000005,53.802688,52.77279,14.6744,False,126340_44,126340_144
126340,2,44,115.33300000000008,4640,491835,1549,Recovery,,89.650575,66.9933008,89.650575,66.9933008,False,126340_44,126340_146
