game_id,period_id,episode_id,time_seconds,team_id,player_id,action_id,type_name,result_name,start_x,start_y,end_x,end_y,is_home,game_episode,phase
126340,2,55,592.1669999999999,4640,215818,1810,Pass,Successful,75.171495,57.800544,67.904025,49.556904,False,126340_55,126340_164
126340,2,55,615.567,4640,146168,1828,Pass,Successful,43.843065,28.767876,38.29203000000001,47.020028,False,126340_55,126340_164
126340,2,55,617.3680000000002,4640,491834,1830,Carry,,38.29203000000001,47.020028,38.744055,50.167612,False,126340_55,126340_164
126340,2,55,622.0329999999999,4640,500430,1836,Pass,Unsuccessful,47.468715,57.257428,70.017045,66.8220224,False,126340_55,126340_164
