game_id,period_id,episode_id,time_seconds,team_id,player_id,action_id,type_name,result_name,start_x,start_y,end_x,end_y,is_home,game_episode,phase
126340,2,70,2097.567,4646,356599,2413,Throw-In,Successful,20.56824,68.0,27.2412,63.5287144,True,126340_70,126340_237
126340,2,70,2098.441,4646,356603,2415,Pass,Successful,27.2412,63.5287144,21.435015,68.0,True,126340_70,126340_237
126340,2,70,2099.334,4646,356599,2417,Pass,Successful,21.435015,68.0,65.783025,42.075136,True,126340_70,126340_237
126340,2,70,2103.5,4646,356597,2418,Duel,Successful,65.783025,42.075136,57.49674,37.107056,True,126340_70,126340_237
126340,2,70,2103.5,4646,356597,2420,Pass,Successful,65.783025,42.075136,57.49674,37.107056,True,126340_70,126340_237
126340,2,70,2105.1130000000003,4646,146189,2422,Carry,,57.49674,37.107056,64.039185,28.16866,True,126340_70,126340_237
126340,2,70,2106.53,4646,146189,2423,Pass,Successful,64.039185,28.16866,71.25573,16.819664000000003,True,126340_70,126340_237
