game_id,period_id,episode_id,time_seconds,team_id,player_id,action_id,type_name,result_name,start_x,start_y,end_x,end_y,is_home,game_episode,phase
126340,2,58,940.5,4640,61932,1920,Pass,Unsuccessful,49.93506,2.1379200000000083,53.006205,7.265324,False,126340_58,126340_174
126340,2,58,942.068,4640,491833,1924,Carry,,56.214795,9.051276,49.424445,26.283292,False,126340_58,126340_176
126340,2,58,969.1330000000004,4640,411440,1941,Recovery,,72.90843000000001,57.906828,72.90843000000001,57.906828,False,126340_58,126340_178
126340,2,58,992.5,4640,500430,1964,Pass,Successful,62.71797,55.412112,65.01211500000001,22.945172,False,126340_58,126340_182
126340,2,58,1042.933,4640,61913,1999,Pass,Successful,53.904795,66.636328,95.63043,46.650992,False,126340_58,126340_182
