game_id,period_id,episode_id,time_seconds,team_id,player_id,action_id,type_name,result_name,start_x,start_y,end_x,end_y,is_home,game_episode,phase
126344,1,27,1540.057,4639,491802,648,Tackle,Successful,48.545595,47.23008,48.545595,47.23008,True,126344_27,126344_46
126344,1,27,1549.283,4639,491802,651,Pass,Unsuccessful,77.60655,65.5085752,72.78138,44.873132,True,126344_27,126344_46
126344,1,27,1555.1,4640,411440,658,Pass,Successful,40.59457499999999,29.201716,55.29299999999999,43.742156,False,126344_27,126344_49
126344,1,27,1612.333,4640,500430,706,Pass,Successful,48.06228,4.844728000000004,44.226735,14.677596,False,126344_27,126344_55
