game_id,period_id,episode_id,time_seconds,team_id,player_id,action_id,type_name,result_name,start_x,start_y,end_x,end_y,is_home,game_episode,phase
126344,1,21,1211.534,4640,61913,502,Carry,,13.261605000000005,64.0047144,20.68647,63.2059252,False,126344_21,126344_33
126344,1,21,1250.6,4640,411440,529,Pass,Successful,49.145775,36.974388,35.32032000000001,16.120012000000003,False,126344_21,126344_33
