game_id,period_id,episode_id,time_seconds,team_id,player_id,action_id,type_name,result_name,start_x,start_y,end_x,end_y,is_home,game_episode,phase
126344,1,2,77.0,4640,413675,32,Recovery,,47.59104,14.358676000000004,53.74446,23.608784,False,126344_2,126344_31
126344,1,2,86.34400000000001,4639,491802,40,Carry,,91.484295,66.0259124,87.507315,64.6843404,True,126344_2,126344_32
