game_id,period_id,episode_id,time_seconds,team_id,player_id,action_id,type_name,result_name,start_x,start_y,end_x,end_y,is_home,game_episode,phase
126380,1,37,2382.333,4648,500139,1060,Pass,Unsuccessful,62.71398000000001,58.848424,55.163325,63.247208,True,126380_37,126380_84
126380,1,37,2398.2340000000004,4648,360166,1076,Carry,,74.51303999999999,0.8678840000000037,66.809295,2.505527999999998,True,126380_37,126380_88
126380,1,37,2425.8010000000004,4648,500136,1095,Carry,,64.802115,40.195344000000006,71.259405,46.11726,True,126380_37,126380_90
126380,1,37,2439.333,4648,500140,1106,Pass,Unsuccessful,80.18157000000001,3.5844160000000045,102.01128,12.625832000000004,True,126380_37,126380_90
