game_id,period_id,episode_id,time_seconds,team_id,player_id,action_id,type_name,result_name,start_x,start_y,end_x,end_y,is_home,game_episode,phase
126380,2,49,516.9670000000001,4648,188178,1558,Pass_Freekick,Unsuccessful,85.07373,0.8922280000000029,101.837925,31.910496,True,126380_49,126380_128
126380,2,49,518.5,2353,356626,1560,Clearance,,2.661823499999997,36.310776,19.103385000000003,59.06276,False,126380_49,126380_129
