game_id,period_id,episode_id,time_seconds,team_id,player_id,action_id,type_name,result_name,start_x,start_y,end_x,end_y,is_home,game_episode,phase
126380,1,11,614.667,2353,500565,344,Pass,Successful,51.23601,35.452616,35.885850000000005,16.056228000000004,False,126380_11,126380_21
126380,1,11,633.133,2353,356626,352,Pass,Unsuccessful,21.837900000000005,36.076516,71.176875,29.966852000000003,False,126380_11,126380_21
