game_id,period_id,episode_id,time_seconds,team_id,player_id,action_id,type_name,result_name,start_x,start_y,end_x,end_y,is_home,game_episode,phase
126380,1,40,2523.5,2353,500576,1135,Clearance,,12.997110000000006,5.908859999999997,63.01533,17.565148,False,126380_40,126380_93
126380,1,40,2528.1,4648,500138,1136,Recovery,,41.98467,50.434852,42.13125,41.284364,True,126380_40,126380_94
126380,1,40,2544.833,4648,360166,1146,Pass,Successful,72.12051,7.489452,60.294885,16.932612000000006,True,126380_40,126380_94
