game_id,period_id,episode_id,time_seconds,team_id,player_id,action_id,type_name,result_name,start_x,start_y,end_x,end_y,is_home,game_episode,phase
126380,1,17,972.933,4648,500138,514,Pass_Freekick,Successful,35.01582,16.595672,42.905415000000005,22.474272,True,126380_17,126380_32
126380,1,17,978.934,4648,145703,521,Carry,,35.098035,51.218212,39.352215,55.262852,True,126380_17,126380_32
126380,1,17,981.167,4648,145703,522,Pass,Successful,39.352215,55.262852,63.799155,66.6760604,True,126380_17,126380_32
