game_id,period_id,episode_id,time_seconds,team_id,player_id,action_id,type_name,result_name,start_x,start_y,end_x,end_y,is_home,game_episode,phase
126380,2,72,1925.9000000000003,2353,500583,2175,Pass,Successful,52.72154999999999,34.472532,42.00378,33.576632000000004,False,126380_72,126380_215
126380,2,72,1927.967,2353,356618,2177,Pass,Successful,41.618325000000006,35.168852,46.91169,62.2402776,False,126380_72,126380_215
126380,2,72,1930.2,2353,500562,2179,Pass,Successful,46.91169,62.2402776,61.130055,66.7501396,False,126380_72,126380_215
126380,2,72,1932.467,2353,500563,2181,Pass,Unsuccessful,60.291315,67.2341228,61.194315,67.0659044,False,126380_72,126380_215
