game_id,period_id,episode_id,time_seconds,team_id,player_id,action_id,type_name,result_name,start_x,start_y,end_x,end_y,is_home,game_episode,phase
126297,2,55,455.8330000000001,4641,500602,1674,Interception,,20.99464499999999,60.711216,26.242755,63.2027836,False,126297_55,126297_194
126297,2,55,460.3670000000002,4641,346036,1680,Pass,Successful,35.673855,47.553284000000005,43.078140000000005,34.170952,False,126297_55,126297_194
126297,2,55,465.2330000000002,4641,61968,1683,Pass,Successful,64.529535,33.959608,84.942375,6.465575999999999,False,126297_55,126297_194
126297,2,55,473.0,316,500125,1687,Interception,,14.430885,34.081396,14.430885,34.081396,True,126297_55,126297_195
126297,2,55,474.9000000000001,316,143410,1689,Recovery,,26.405295,42.693392,26.405295,42.693392,True,126297_55,126297_195
126297,2,55,474.90100000000007,316,143410,1690,Carry,,26.405295,42.693392,23.07795,37.273656,True,126297_55,126297_195
