game_id,period_id,episode_id,time_seconds,team_id,player_id,action_id,type_name,result_name,start_x,start_y,end_x,end_y,is_home,game_episode,phase
126297,2,50,183.30000000000013,4641,500586,1493,Recovery,,41.23266,1.0818799999999982,71.50310999999999,20.539876,False,126297_50,126297_164
126297,2,50,189.567,316,77579,1499,Recovery,,31.11486,41.447972,38.357025,32.191267999999994,True,126297_50,126297_165
126297,2,50,196.8340000000001,4641,360162,1510,Carry,,53.48773500000001,58.0159,52.727745,54.919112,False,126297_50,126297_168
