game_id,period_id,episode_id,time_seconds,team_id,player_id,action_id,type_name,result_name,start_x,start_y,end_x,end_y,is_home,game_episode,phase
126297,1,4,127.6,4641,355790,60,Pass_Freekick,Successful,39.34119000000001,20.355256,18.35746499999999,32.820948,False,126297_4,126297_116
126297,1,4,142.367,4641,250957,72,Pass,Successful,10.081585500000005,39.719208,13.64286,52.433372,False,126297_4,126297_116
126297,1,4,143.53400000000002,4641,187313,74,Carry,,13.64286,52.433372,15.983310000000005,55.277132,False,126297_4,126297_116
