game_id,period_id,episode_id,time_seconds,team_id,player_id,action_id,type_name,result_name,start_x,start_y,end_x,end_y,is_home,game_episode,phase
126464,1,11,566.833,316,500124,264,Pass_Corner,Unsuccessful,105.0,0.0,102.69756,37.341996,False,126464_11,126464_7
126464,1,11,601.333,316,407441,290,Pass,Successful,54.968970000000006,51.709036,59.867955,43.19564,False,126464_11,126464_13
126464,1,11,602.6,4644,500505,292,Intervention,,43.136205,26.503476,43.136205,26.503476,True,126464_11,126464_14
126464,1,11,610.668,4644,62112,304,Carry,,57.15738,13.399264000000002,63.49056,9.920656,True,126464_11,126464_16
