game_id,period_id,episode_id,time_seconds,team_id,player_id,action_id,type_name,result_name,start_x,start_y,end_x,end_y,is_home,game_episode,phase
126464,1,24,1795.033,4644,62119,923,Pass,Unsuccessful,94.165365,45.66608,95.11803,40.948308,True,126464_24,126464_64
126464,1,24,1799.034,316,62038,929,Carry,,26.229524999999995,24.327476,29.886675,26.666744,False,126464_24,126464_65
126464,1,24,1869.2,316,407441,977,Pass,Successful,54.601995,47.622236,51.1203,54.477112000000005,False,126464_24,126464_69
