game_id,period_id,episode_id,time_seconds,team_id,player_id,action_id,type_name,result_name,start_x,start_y,end_x,end_y,is_home,game_episode,phase
126464,2,83,3100.2340000000004,4644,250055,2893,Carry,,71.89087500000001,7.747512,77.0742,3.3879639999999966,True,126464_83,126464_252
126464,2,83,3105.133,4644,62112,2897,Pass,Successful,76.531665,9.926436000000002,82.84877999999999,1.129480000000001,True,126464_83,126464_252
126464,2,83,3118.9000000000005,4644,500520,2910,Recovery,,69.200355,15.093824000000003,69.200355,15.093824000000003,True,126464_83,126464_254
126464,2,83,3125.867,316,530218,2915,Interception,,10.443898500000005,29.619304,10.443898500000005,29.619304,False,126464_83,126464_255
126464,2,83,3127.367,316,500126,2918,Clearance,,21.796845000000005,27.940928,36.771945,9.815528,False,126464_83,126464_255
126464,2,83,3130.967000000001,4644,250076,2920,Pass,Successful,68.228055,58.184472,90.284565,64.2554236,True,126464_83,126464_256
