game_id,period_id,episode_id,time_seconds,team_id,player_id,action_id,type_name,result_name,start_x,start_y,end_x,end_y,is_home,game_episode,phase
126464,2,39,129.067,4644,62086,1622,Duel,Successful,27.02154,33.548276,27.02154,33.548276,True,126464_39,126464_120
126464,2,39,131.9670000000001,4644,500505,1624,Pass,Unsuccessful,41.252295,39.378664,64.57079999999999,40.419608,True,126464_39,126464_120
126464,2,39,153.4680000000001,316,503173,1636,Carry,,80.17432500000001,66.7160852,84.22270499999999,66.1284768,False,126464_39,126464_121
