game_id,period_id,episode_id,time_seconds,team_id,player_id,action_id,type_name,result_name,start_x,start_y,end_x,end_y,is_home,game_episode,phase
126464,1,14,718.767,316,500124,340,Pass,Successful,72.914205,59.067588,57.844080000000005,58.630824,False,126464_14,126464_19
126464,1,14,731.201,316,530218,351,Carry,,45.492405,14.117548,46.26762,20.795216,False,126464_14,126464_19
126464,1,14,733.767,316,530218,352,Pass,Successful,46.26762,20.795216,44.20752,39.766808,False,126464_14,126464_19
126464,1,14,750.2330000000001,316,77579,359,Pass,Successful,46.939305,53.474996,51.087435,45.438756,False,126464_14,126464_19
