game_id,period_id,episode_id,time_seconds,team_id,player_id,action_id,type_name,result_name,start_x,start_y,end_x,end_y,is_home,game_episode,phase
126464,1,29,2205.434,4644,325355,1180,Carry,,56.705145,8.335915999999997,54.11469,6.066892000000003,True,126464_29,126464_94
126464,1,29,2220.033,4644,62119,1191,Pass,Unsuccessful,54.83961,67.2253032,79.246965,64.1534236,True,126464_29,126464_94
126464,1,29,2242.867,316,62013,1204,Pass,Successful,47.97324,3.690020000000004,30.673125,16.053644000000006,False,126464_29,126464_95
126464,1,29,2352.967,316,500126,1275,Pass,Successful,56.939085,13.158407999999994,56.877135,4.403475999999998,False,126464_29,126464_99
126464,1,29,2379.833,316,530218,1296,Pass,Successful,53.36583,10.019052000000002,49.29813,35.531564,False,126464_29,126464_99
