game_id,period_id,episode_id,time_seconds,team_id,player_id,action_id,type_name,result_name,start_x,start_y,end_x,end_y,is_home,game_episode,phase
126464,1,6,274.401,4644,62086,151,Carry,,61.72005000000001,22.492088000000003,57.909705,21.509556,True,126464_6,126464_182
126464,1,6,298.768,4644,250075,170,Carry,,90.816075,60.764324,98.47341,53.406656,True,126464_6,126464_182
126464,1,6,304.567,316,533480,177,Recovery,,1.0819094999999948,36.854572,1.0819094999999948,36.854572,False,126464_6,126464_183
