game_id,period_id,episode_id,time_seconds,team_id,player_id,action_id,type_name,result_name,start_x,start_y,end_x,end_y,is_home,game_episode,phase
126401,2,65,2194.367,4641,145831,2444,Pass,Successful,50.346135,42.687748,70.45059,65.0403748,False,126401_65,126401_227
126401,2,65,2216.133,4641,250965,2461,Pass,Successful,82.297845,66.2041268,78.848385,57.60688,False,126401_65,126401_227
