game_id,period_id,episode_id,time_seconds,team_id,player_id,action_id,type_name,result_name,start_x,start_y,end_x,end_y,is_home,game_episode,phase
126401,2,44,771.3330000000001,4641,346037,1732,Pass,Successful,53.586645,25.805932,35.77213499999999,13.036484000000002,False,126401_44,126401_139
126401,2,44,790.0339999999999,4641,355790,1749,Carry,,32.25894,37.841048,33.851265,31.991348,False,126401_44,126401_139
126401,2,44,797.1330000000003,4641,500602,1756,Pass,Unsuccessful,49.376145,8.163059999999994,79.44289500000001,5.553151999999997,False,126401_44,126401_139
126401,2,44,802.5329999999999,4648,145703,1762,Interception,,13.756155,50.95002,13.756155,50.95002,True,126401_44,126401_142
126401,2,44,806.5329999999999,4648,145703,1764,Pass,Unsuccessful,23.560215,43.092688,29.31894,45.02484,True,126401_44,126401_142
126401,2,44,807.4670000000001,4648,145703,1766,Duel,Successful,27.594735,43.651852,27.594735,43.651852,True,126401_44,126401_144
126401,2,44,809.7670000000003,4641,346035,1770,Recovery,,59.799600000000005,22.5828,71.986215,31.948167999999995,False,126401_44,126401_145
126401,2,44,811.9670000000001,4641,73228,1773,Pass,Successful,71.986215,31.948167999999995,61.06737,32.09702,False,126401_44,126401_145
