game_id,period_id,episode_id,time_seconds,team_id,player_id,action_id,type_name,result_name,start_x,start_y,end_x,end_y,is_home,game_episode,phase
126401,2,41,673.567,4641,250957,1696,Goal Kick,Successful,2.627520000000004,29.944208,12.392520000000005,52.051008,False,126401_41,126401_135
126401,2,41,682.433,4641,145831,1703,Pass,Successful,14.045640000000006,63.80695,25.795140000000004,68.0,False,126401_41,126401_135
