game_id,period_id,episode_id,time_seconds,team_id,player_id,action_id,type_name,result_name,start_x,start_y,end_x,end_y,is_home,game_episode,phase
126462,2,85,2926.004,2353,500583,2980,Carry,,65.972025,54.424276,68.498745,56.49984,True,126462_85,126462_354
126462,2,85,2927.2160000000003,2353,500583,2981,Pass,Successful,68.498745,56.49984,75.661635,67.68495124,True,126462_85,126462_354
126462,2,85,2930.933,2353,500580,2984,Pass,Successful,71.855175,67.1147216,58.17042000000001,64.6049232,True,126462_85,126462_354
