game_id,period_id,episode_id,time_seconds,team_id,player_id,action_id,type_name,result_name,start_x,start_y,end_x,end_y,is_home,game_episode,phase
126462,1,9,450.501,2353,526920,271,Carry,,50.31915,15.134488000000005,48.252015,21.169624,True,126462_9,126462_360
126462,1,9,469.238,2353,500561,283,Pass,Successful,51.95526,15.388060000000005,58.490355,20.124668,True,126462_9,126462_360
126462,1,9,474.044,2353,500569,289,Pass,Successful,51.283155,43.410452,51.71061,32.3578,True,126462_9,126462_360
126462,1,9,477.306,2353,500565,292,Pass,Successful,50.857065,35.25698,47.146575,21.740008000000003,True,126462_9,126462_360
126462,1,9,484.967,2353,500561,302,Block,,54.97464,14.994884,54.97464,14.994884,True,126462_9,126462_362
