game_id,period_id,episode_id,time_seconds,team_id,player_id,action_id,type_name,result_name,start_x,start_y,end_x,end_y,is_home,game_episode,phase
126462,1,38,2203.1,2353,500558,1142,Pass_Freekick,Successful,19.908525,32.1538,21.33033,42.046236,True,126462_38,126462_114
126462,1,38,2204.168,2353,500569,1144,Carry,,21.33033,42.046236,28.462455,44.452416,True,126462_38,126462_114
126462,1,38,2209.7000000000003,2353,500569,1145,Pass,Successful,28.462455,44.452416,39.62952,47.93592,True,126462_38,126462_114
126462,1,38,2210.867,2353,500577,1147,Pass,Unsuccessful,39.62952,47.93592,40.25469,58.357804,True,126462_38,126462_114
