game_id,period_id,episode_id,time_seconds,team_id,player_id,action_id,type_name,result_name,start_x,start_y,end_x,end_y,is_home,game_episode,phase
126462,2,86,2973.3,2353,500573,2990,Pass_Freekick,Successful,69.102285,62.7678284,71.77012500000001,67.2483348,True,126462_86,126462_354
126462,2,86,2974.5420000000004,2353,500580,2992,Carry,,71.77012500000001,67.2483348,79.76619,66.9890508,True,126462_86,126462_354
126462,2,86,2976.6000000000004,2353,500580,2993,Pass,Unsuccessful,79.76619,66.9890508,79.40089499999999,65.5878632,True,126462_86,126462_354
126462,2,86,2976.967000000001,4646,356607,2994,Interception,,24.834810000000004,2.763384000000002,24.834810000000004,2.763384000000002,False,126462_86,126462_355
126462,2,86,2978.4000000000005,2353,500580,2995,Intervention,,81.53838,63.3568444,81.53838,63.3568444,True,126462_86,126462_356
126462,2,86,2979.8330000000005,2353,500565,2996,Recovery,,74.590005,60.87292,86.183265,62.5319636,True,126462_86,126462_356
126462,2,86,2979.8330000000005,2353,500565,2997,Pass,Unsuccessful,74.590005,60.87292,86.183265,62.5319636,True,126462_86,126462_356
