game_id,period_id,episode_id,time_seconds,team_id,player_id,action_id,type_name,result_name,start_x,start_y,end_x,end_y,is_home,game_episode,phase
126427,2,76,2380.133,2354,530659,2523,Recovery,,80.78532,33.956412,80.78532,33.956412,False,126427_76,126427_225
126427,2,76,2390.034000000001,2354,253677,2534,Carry,,83.06770499999999,11.660435999999995,94.84692,10.103984000000004,False,126427_76,126427_227
