game_id,period_id,episode_id,time_seconds,team_id,player_id,action_id,type_name,result_name,start_x,start_y,end_x,end_y,is_home,game_episode,phase
126427,1,11,861.601,2354,344557,533,Carry,,92.5995,45.860288,102.336108,46.486704,False,126427_11,126427_13
126427,1,11,865.001,4641,413677,536,Carry,,2.663892,21.513296,4.914714,17.095743999999996,True,126427_11,126427_14
126427,1,11,874.767,4641,413677,543,Interception,,10.51974,24.320812,10.51974,24.320812,True,126427_11,126427_16
