game_id,period_id,episode_id,time_seconds,team_id,player_id,action_id,type_name,result_name,start_x,start_y,end_x,end_y,is_home,game_episode,phase
126427,2,65,1637.3330000000003,4641,250957,2208,Goal Kick,Successful,5.20716,26.53224,55.438635,13.128284,True,126427_65,126427_178
126427,2,65,1641.1329999999998,4641,413677,2210,Pass,Unsuccessful,55.438635,13.128284,69.722415,9.580928,True,126427_65,126427_178
126427,2,65,1643.3000000000002,2354,500143,2211,Duel,Successful,35.16261,58.122388,35.16261,58.122388,False,126427_65,126427_179
126427,2,65,1647.8999999999996,2354,500147,2216,Pass,Successful,23.254245,52.840352,24.2445,44.087596000000005,False,126427_65,126427_179
