game_id,period_id,episode_id,time_seconds,team_id,player_id,action_id,type_name,result_name,start_x,start_y,end_x,end_y,is_home,game_episode,phase
126427,2,48,307.7330000000002,2354,215806,1688,Throw-In,Successful,33.26232,0.0,39.59382,8.662383999999996,False,126427_48,126427_109
126427,2,48,333.5999999999999,4641,250965,1711,Pass,Unsuccessful,88.53851999999999,65.6907948,76.75773,42.762412,True,126427_48,126427_112
126427,2,48,350.2330000000002,2354,500145,1725,Pass,Successful,74.74939499999999,19.752300000000005,88.53327,10.988732000000006,False,126427_48,126427_113
