game_id,period_id,episode_id,time_seconds,team_id,player_id,action_id,type_name,result_name,start_x,start_y,end_x,end_y,is_home,game_episode,phase
126329,2,72,1358.2330000000002,4643,500118,2264,Tackle,Unsuccessful,33.927600000000005,13.731375999999996,33.927600000000005,13.731375999999996,True,126329_72,126329_207
126329,2,72,1370.334,4646,61616,2277,Carry,,26.854485,21.08476,20.30469,24.131976,False,126329_72,126329_208
126329,2,72,1374.933,4643,343590,2283,Tackle,Unsuccessful,81.71058,55.21702,81.71058,55.21702,True,126329_72,126329_209
