game_id,period_id,episode_id,time_seconds,team_id,player_id,action_id,type_name,result_name,start_x,start_y,end_x,end_y,is_home,game_episode,phase
126329,2,57,391.933,4643,500115,1729,Pass,Unsuccessful,21.166005,60.75766,65.419305,39.998756,True,126329_57,126329_149
126329,2,57,395.5,4646,161122,1730,Recovery,,39.667950000000005,27.277248,46.17438,26.93106,False,126329_57,126329_150
126329,2,57,442.90100000000007,4646,356603,1775,Carry,,33.89967,57.70344,56.442435,52.937728,False,126329_57,126329_156
