game_id,period_id,episode_id,time_seconds,team_id,player_id,action_id,type_name,result_name,start_x,start_y,end_x,end_y,is_home,game_episode,phase
126329,1,40,2264.3680000000004,4646,250141,1227,Carry,,26.34597,52.357076,30.789255,49.716976,False,126329_40,126329_98
126329,1,40,2299.467,4646,356599,1258,Pass,Successful,36.68059500000001,1.7964920000000006,35.124390000000005,7.952464000000006,False,126329_40,126329_98
126329,1,40,2308.534,4643,83615,1267,Carry,,20.472375,46.42836,24.148425000000003,41.403024,True,126329_40,126329_99
