game_id,period_id,episode_id,time_seconds,team_id,player_id,action_id,type_name,result_name,start_x,start_y,end_x,end_y,is_home,game_episode,phase
126329,1,34,1990.533,4643,83615,1039,Recovery,,81.98305500000001,64.3361804,81.98305500000001,64.3361804,True,126329_34,126329_89
126329,1,34,1990.534,4643,83615,1040,Carry,,81.98305500000001,64.3361804,104.478045,64.8761548,True,126329_34,126329_89
