game_id,period_id,episode_id,time_seconds,team_id,player_id,action_id,type_name,result_name,start_x,start_y,end_x,end_y,is_home,game_episode,phase
126329,1,17,796.709,4643,83615,411,Carry,,30.864645000000003,59.519516,41.557005,59.133752,True,126329_17,126329_31
126329,1,17,811.933,4643,500113,422,Recovery,,66.84321,18.264188000000004,66.84321,18.264188000000004,True,126329_17,126329_33
126329,1,17,819.5,4643,187259,429,Pass,Successful,71.172045,1.880676000000008,66.78462,3.364776000000006,True,126329_17,126329_33
126329,1,17,821.4,4643,500118,431,Pass,Unsuccessful,66.75228,3.331251999999992,77.91294,42.249488,True,126329_17,126329_33
