game_id,period_id,episode_id,time_seconds,team_id,player_id,action_id,type_name,result_name,start_x,start_y,end_x,end_y,is_home,game_episode,phase
126331,1,21,1282.467,4657,360391,547,Pass,Successful,50.533875,39.991072,16.63977,30.498272,True,126331_21,126331_58
126331,1,21,1290.901,4657,287281,553,Carry,,45.65589,21.440604,50.06295000000001,27.945348000000003,True,126331_21,126331_58
126331,1,21,1294.233,316,500129,555,Recovery,,50.39874,32.758796000000004,50.39874,32.758796000000004,False,126331_21,126331_59
