game_id,period_id,episode_id,time_seconds,team_id,player_id,action_id,type_name,result_name,start_x,start_y,end_x,end_y,is_home,game_episode,phase
126331,1,3,337.567,4657,181865,223,Recovery,,79.85796,4.660651999999999,86.02398,6.614564000000001,True,126331_3,126331_76
126331,1,3,341.267,4657,287281,229,Cross,Unsuccessful,100.69017,9.527684,100.3527,10.780720000000002,True,126331_3,126331_76
