game_id,period_id,episode_id,time_seconds,team_id,player_id,action_id,type_name,result_name,start_x,start_y,end_x,end_y,is_home,game_episode,phase
126287,1,6,443.467,4643,500118,177,Pass_Corner,Unsuccessful,105.0,0.0,98.398965,30.944556,True,126287_6,126287_230
126287,1,6,474.8,4643,500113,205,Pass,Successful,76.26265500000001,17.787507999999995,64.950375,3.049868000000004,True,126287_6,126287_234
126287,1,6,479.168,4643,500115,209,Carry,,48.44322,23.113948,48.25191,26.750792000000004,True,126287_6,126287_234
126287,1,6,482.767,4643,83615,213,Pass,Successful,60.24375,54.316768,82.059495,61.3806488,True,126287_6,126287_234
126287,1,6,489.201,4643,288640,219,Carry,,78.608775,31.502292000000004,61.684875,28.434200000000004,True,126287_6,126287_236
126287,1,6,507.867,4643,500115,229,Pass,Successful,35.488425,41.394184,44.39001,49.606884,True,126287_6,126287_236
126287,1,6,545.267,4641,250957,254,Pass,Successful,10.317132,31.216080000000005,15.348794999999996,21.271896000000005,False,126287_6,126287_237
