game_id,period_id,episode_id,time_seconds,team_id,player_id,action_id,type_name,result_name,start_x,start_y,end_x,end_y,is_home,game_episode,phase
126287,1,19,1117.1,4643,500121,559,Pass,Successful,69.892725,55.162416,72.56927999999999,66.9948852,True,126287_19,126287_44
126287,1,19,1126.433,4643,500118,566,Pass,Successful,51.726255,45.354572,57.519735,52.776432,True,126287_19,126287_44
126287,1,19,1136.267,4643,500118,575,Pass,Successful,70.610715,50.744796,73.583895,67.0867396,True,126287_19,126287_46
