game_id,period_id,episode_id,time_seconds,team_id,player_id,action_id,type_name,result_name,start_x,start_y,end_x,end_y,is_home,game_episode,phase
126287,2,82,2321.501,4643,500502,2499,Carry,,64.78416,0.2728160000000059,78.240645,0.554403999999991,True,126287_82,126287_316
126287,2,82,2325.633,4643,62054,2501,Duel,Successful,96.018195,26.246027999999995,105.0,33.724009624,True,126287_82,126287_316
126287,2,82,2383.3,4643,500118,2546,Pass,Successful,54.4761,55.89872,46.170285,44.929572,True,126287_82,126287_320
126287,2,82,2406.1680000000006,4643,500113,2567,Carry,,77.279055,36.293572,79.351335,31.5945,True,126287_82,126287_322
