game_id,period_id,episode_id,time_seconds,team_id,player_id,action_id,type_name,result_name,start_x,start_y,end_x,end_y,is_home,game_episode,phase
126456,2,90,2708.534000000001,4220,500549,2611,Carry,,51.225615,16.843736,56.507850000000005,12.873827999999996,False,126456_90,126456_247
126456,2,90,2723.233,4643,500502,2624,Recovery,,30.126495,45.463168,34.525155000000005,57.177528,True,126456_90,126456_248
126456,2,90,2726.233,4220,532196,2629,Pass,Successful,84.54726000000001,15.567988,82.736955,17.915824,False,126456_90,126456_249
