game_id,period_id,episode_id,time_seconds,team_id,player_id,action_id,type_name,result_name,start_x,start_y,end_x,end_y,is_home,game_episode,phase
126456,2,78,1872.133,4643,187253,2211,Clearance,,33.623310000000004,20.452632,72.60771,28.266784,True,126456_78,126456_208
126456,2,78,1886.933,4643,187253,2219,Intervention,,14.7063,63.3500104,14.7063,63.3500104,True,126456_78,126456_210
126456,2,78,1891.2,4220,500540,2223,Interception,,90.066585,1.451188000000002,90.066585,1.451188000000002,False,126456_78,126456_211
126456,2,78,1894.133,4220,532196,2227,Pass,Unsuccessful,91.55853,2.915976000000001,89.52552,3.752375999999998,False,126456_78,126456_213
