game_id,period_id,episode_id,time_seconds,team_id,player_id,action_id,type_name,result_name,start_x,start_y,end_x,end_y,is_home,game_episode,phase
126456,2,72,1439.3010000000002,4643,528960,1997,Carry,,73.907295,13.126923999999995,76.06137,10.639144000000002,True,126456_72,126456_192
126456,2,72,1460.8330000000003,4643,500121,2018,Pass,Successful,59.146185,65.986724,52.88535,66.3628728,True,126456_72,126456_194
126456,2,72,1503.1329999999998,4643,500115,2051,Pass,Successful,66.42310499999999,63.2783928,62.06718,55.8994,True,126456_72,126456_196
126456,2,72,1506.8330000000003,4643,500121,2054,Pass,Successful,62.378505,59.224192,61.60077,65.7882456,True,126456_72,126456_196
126456,2,72,1514.7340000000002,4643,85175,2062,Carry,,23.627415,29.251288,23.13759,24.471364,True,126456_72,126456_196
