game_id,period_id,episode_id,time_seconds,team_id,player_id,action_id,type_name,result_name,start_x,start_y,end_x,end_y,is_home,game_episode,phase
126461,2,86,1772.2330000000002,4220,215699,2219,Duel,Successful,16.754430000000003,48.49794,16.754430000000003,48.49794,True,126461_86,126461_238
126461,2,86,1778.433,4220,500552,2228,Pass,Successful,4.3517985,40.615312,34.4505,65.4325036,True,126461_86,126461_240
126461,2,86,1786.3330000000003,4220,354809,2231,Pass,Successful,62.623575,63.7109408,61.25973,57.065804,True,126461_86,126461_240
