game_id,period_id,episode_id,time_seconds,team_id,player_id,action_id,type_name,result_name,start_x,start_y,end_x,end_y,is_home,game_episode,phase
126461,2,105,2873.7340000000004,4640,246402,2780,Carry,,22.12791,16.800488,32.47608,18.178168,False,126461_105,126461_23
126461,2,105,2890.567,4640,529332,2793,Pass,Successful,51.28893,21.993648,45.12186,23.720168,False,126461_105,126461_23
126461,2,105,2891.3330000000005,4640,527821,2795,Pass,Successful,45.12186,23.720168,47.53833,35.679872,False,126461_105,126461_23
