game_id,period_id,episode_id,time_seconds,team_id,player_id,action_id,type_name,result_name,start_x,start_y,end_x,end_y,is_home,game_episode,phase
126461,1,41,1954.733,4640,246402,1009,Pass,Successful,41.08755,26.333,49.42854,30.314808,False,126461_41,126461_111
126461,1,41,1955.6,4640,527821,1011,Pass,Successful,49.42854,30.314808,42.08946,27.336816,False,126461_41,126461_111
126461,1,41,1957.767,4640,246402,1013,Pass,Successful,42.563745,27.951604000000003,43.205505,40.394176,False,126461_41,126461_111
126461,1,41,2012.1,4640,61922,1042,Clearance,,46.432155,52.215636,68.48877,57.734924,False,126461_41,126461_113
