game_id,period_id,episode_id,time_seconds,team_id,player_id,action_id,type_name,result_name,start_x,start_y,end_x,end_y,is_home,game_episode,phase
126461,2,65,566.6009999999999,4640,491835,1674,Carry,,61.87923,60.86306,55.819155,61.051624,False,126461_65,126461_175
126461,2,65,572.8000000000002,4640,61922,1678,Pass,Successful,38.057355,47.64488,32.932935,21.254964,False,126461_65,126461_175
126461,2,65,575.5,4640,246402,1680,Pass,Successful,32.83161000000001,21.897156000000003,29.44515,36.91414,False,126461_65,126461_175
