game_id,period_id,episode_id,time_seconds,team_id,player_id,action_id,type_name,result_name,start_x,start_y,end_x,end_y,is_home,game_episode,phase
126461,1,56,2808.733,4640,413675,1431,Clearance,,30.88869,12.41986,30.78831,62.598828000000005,False,126461_56,126461_153
126461,1,56,2812.8,4220,500540,1432,Recovery,,74.21169,5.401171999999995,74.21169,5.401171999999995,True,126461_56,126461_154
