game_id,period_id,episode_id,time_seconds,team_id,player_id,action_id,type_name,result_name,start_x,start_y,end_x,end_y,is_home,game_episode,phase
126461,1,32,1540.244,4640,413675,779,Throw-In,Successful,96.470955,0.0,103.18812,1.702923999999996,False,126461_32,126461_85
126461,1,32,1541.068,4640,527821,781,Carry,,103.18812,1.702923999999996,97.846245,0.0,False,126461_32,126461_85
126461,1,32,1545.9,4640,527821,782,Pass,Successful,97.846245,0.0,83.59994999999999,2.260320000000007,False,126461_32,126461_85
126461,1,32,1548.233,4640,411440,784,Cross,Unsuccessful,84.93954,2.5307559999999967,101.360175,36.094196,False,126461_32,126461_85
126461,1,32,1550.3,4220,500552,785,Recovery,,3.178959,33.063232,3.178959,33.063232,True,126461_32,126461_86
126461,1,32,1550.301,4220,500552,786,Carry,,3.178959,33.063232,14.119560000000002,28.475068,True,126461_32,126461_86
126461,1,32,1553.667,4220,500552,787,Pass,Successful,14.119560000000002,28.475068,43.557045,27.980028000000004,True,126461_32,126461_86
