game_id,period_id,episode_id,time_seconds,team_id,player_id,action_id,type_name,result_name,start_x,start_y,end_x,end_y,is_home,game_episode,phase
126414,2,74,2844.3900000000003,316,77582,2970,Pass_Freekick,Successful,14.827995,26.353808,73.387335,50.540184,True,126414_74,126414_267
126414,2,74,2847.8900000000003,316,286696,2971,Duel,Successful,73.387335,50.540184,73.387335,50.540184,True,126414_74,126414_267
126414,2,74,2847.8910000000005,316,286696,2973,Carry,,73.387335,50.540184,81.331005,53.455548,True,126414_74,126414_267
126414,2,74,2848.2905000000005,316,286696,2974,Intervention,,81.331005,53.455548,81.331005,53.455548,True,126414_74,126414_267
126414,2,74,2848.6900000000005,4657,527810,2975,Recovery,,23.668994999999995,14.544452,30.98193000000001,18.169668,False,126414_74,126414_268
126414,2,74,2848.6900000000005,4657,527810,2976,Pass,Unsuccessful,23.668994999999995,14.544452,30.98193000000001,18.169668,False,126414_74,126414_268
