game_id,period_id,episode_id,time_seconds,team_id,player_id,action_id,type_name,result_name,start_x,start_y,end_x,end_y,is_home,game_episode,phase
126414,2,50,639.556,4657,505723,1953,Pass,Unsuccessful,19.03166999999999,19.294184,17.287305000000003,22.354796,False,126414_50,126414_166
126414,2,50,655.7559999999999,316,500129,1969,Pass,Successful,47.60532,16.274168000000003,47.914965,33.213308,True,126414_50,126414_171
126414,2,50,672.8560000000002,316,500126,1986,Pass,Successful,67.370835,3.914351999999994,79.95224999999999,15.547656000000003,True,126414_50,126414_171
126414,2,50,697.0230000000001,316,407441,2004,Recovery,,70.101465,60.001296,70.101465,60.001296,True,126414_50,126414_173
126414,2,50,709.3560000000002,4657,187343,2020,Recovery,,30.346679999999992,36.769096,30.346679999999992,36.769096,False,126414_50,126414_174
126414,2,50,715.2239999999999,4657,62633,2024,Carry,,67.79702999999999,64.7805128,78.67545,62.7408392,False,126414_50,126414_174
