game_id,period_id,episode_id,time_seconds,team_id,player_id,action_id,type_name,result_name,start_x,start_y,end_x,end_y,is_home,game_episode,phase
126414,2,69,2464.59,316,503173,2832,Throw-In,Unsuccessful,79.11749999999999,68.0,88.58870999999999,57.99006,True,126414_69,126414_249
126414,2,69,2471.0560000000005,316,407441,2844,Recovery,,81.03501,54.997108,81.06461999999999,55.88308,True,126414_69,126414_251
126414,2,69,2491.523,316,500126,2857,Interception,,6.456786,26.449620000000003,6.456786,26.449620000000003,True,126414_69,126414_253
126414,2,69,2492.1900000000005,4657,500480,2859,Recovery,,94.15161,42.022232,94.37589,34.96934,False,126414_69,126414_254
126414,2,69,2493.991,4657,527820,2862,Carry,,94.37589,34.96934,78.593865,31.117412,False,126414_69,126414_254
126414,2,69,2509.723,4657,527820,2876,Shot,Off Target,99.55659,32.913904,90.885795,29.386268,False,126414_69,126414_254
126414,2,69,2514.1900000000005,4657,62633,2881,Pass,Successful,74.56764,52.473016,67.48749000000001,39.83406,False,126414_69,126414_256
