game_id,period_id,episode_id,time_seconds,team_id,player_id,action_id,type_name,result_name,start_x,start_y,end_x,end_y,is_home,game_episode,phase
126414,1,32,2452.267,316,344467,1435,Pass,Successful,27.887685,18.707140000000003,37.087050000000005,37.458616000000006,True,126414_32,126414_105
126414,1,32,2478.733,316,407441,1457,Recovery,,68.30092499999999,32.321828,68.30092499999999,32.321828,True,126414_32,126414_107
126414,1,32,2480.033,316,407441,1458,Pass,Successful,67.87452,32.835296,72.15831,21.248028000000005,True,126414_32,126414_107
126414,1,32,2493.4680000000003,4657,250167,1469,Carry,,4.342967999999999,41.710996,14.896874999999994,29.807596000000004,False,126414_32,126414_108
126414,1,32,2510.2000000000003,4657,250167,1470,Pass,Unsuccessful,14.896874999999994,29.807596000000004,78.317505,15.264912000000002,False,126414_32,126414_108
126414,1,32,2516.0,316,500129,1475,Pass,Successful,30.48255,49.492916,7.01757,44.579508,True,126414_32,126414_109
