game_id,period_id,episode_id,time_seconds,team_id,player_id,action_id,type_name,result_name,start_x,start_y,end_x,end_y,is_home,game_episode,phase
126473,2,56,798.4670000000001,2353,526921,1866,Pass,Successful,49.964775,49.695488,58.423155,43.175444,True,126473_56,126473_215
126473,2,56,803.0999999999999,2353,500569,1873,Intervention,,51.658425,32.099875999999995,51.658425,32.099875999999995,True,126473_56,126473_217
126473,2,56,804.9000000000001,4648,500140,1874,Recovery,,50.29878,42.209436,73.51176,64.9579996,False,126473_56,126473_218
126473,2,56,811.067,2353,526911,1879,Interception,,19.69632,6.929336000000006,19.69632,6.929336000000006,True,126473_56,126473_219
