game_id,period_id,episode_id,time_seconds,team_id,player_id,action_id,type_name,result_name,start_x,start_y,end_x,end_y,is_home,game_episode,phase
126473,1,36,2399.033,4648,360165,1156,Pass,Successful,45.9144,47.927012000000005,36.79178999999999,27.325323999999995,False,126473_36,126473_96
126473,1,36,2407.6340000000005,4648,369783,1162,Carry,,62.967135,67.1728412,64.32793500000001,60.317768,False,126473_36,126473_96
126473,1,36,2423.3,4648,500139,1172,Pass,Successful,83.994645,7.140884,90.95625,14.453468,False,126473_36,126473_96
126473,1,36,2424.467,4648,250102,1174,Pass,Successful,90.95625,14.453468,81.32397,13.463184000000004,False,126473_36,126473_96
126473,1,36,2427.033,4648,359624,1177,Shot,Blocked,82.55719500000001,20.199264,86.974335,22.988828,False,126473_36,126473_96
