game_id,period_id,episode_id,time_seconds,team_id,player_id,action_id,type_name,result_name,start_x,start_y,end_x,end_y,is_home,game_episode,phase
126473,2,59,1071.8010000000002,4648,62365,2008,Carry,,26.918325,27.278336,33.472215000000006,25.147148,False,126473_59,126473_226
126473,2,59,1084.833,4648,345464,2016,Pass,Successful,26.21136,11.089032000000005,49.3836,20.258288,False,126473_59,126473_226
126473,2,59,1089.2670000000005,4648,250101,2022,Duel,Successful,44.38182,17.181627999999996,44.38182,17.181627999999996,False,126473_59,126473_228
126473,2,59,1090.933,2353,526908,2024,Recovery,,66.33333,49.5907,86.96845499999999,62.3252708,True,126473_59,126473_229
