game_id,period_id,episode_id,time_seconds,team_id,player_id,action_id,type_name,result_name,start_x,start_y,end_x,end_y,is_home,game_episode,phase
126473,1,2,27.567,2353,500562,15,Tackle,Successful,46.32117,63.4457,46.32117,63.4457,True,126473_2,126473_49
126473,1,2,31.234,4648,359624,22,Carry,,47.26701,7.358212000000002,43.65753,14.411716000000006,False,126473_2,126473_50
