game_id,period_id,episode_id,time_seconds,team_id,player_id,action_id,type_name,result_name,start_x,start_y,end_x,end_y,is_home,game_episode,phase
126473,1,17,1375.033,4648,359624,651,Pass,Successful,53.318895,4.8896760000000015,33.01473,10.229172000000004,False,126473_17,126473_40
126473,1,17,1417.833,4648,500139,669,Block,,54.031425,38.53254,54.031425,38.53254,False,126473_17,126473_42
126473,1,17,1419.867,4648,345464,671,Pass,Unsuccessful,46.400445,29.626784,54.43158,32.300408000000004,False,126473_17,126473_42
