game_id,period_id,episode_id,time_seconds,team_id,player_id,action_id,type_name,result_name,start_x,start_y,end_x,end_y,is_home,game_episode,phase
126473,2,49,228.501,4648,360165,1518,Carry,,30.99684000000001,42.760848,35.17227,37.039668,False,126473_49,126473_152
126473,2,49,239.1330000000003,4648,62365,1525,Pass,Successful,29.426565,16.924859999999995,48.970110000000005,15.74268,False,126473_49,126473_152
126473,2,49,256.3000000000002,4648,360165,1542,Interception,,9.823086000000004,27.768004,9.823086000000004,27.768004,False,126473_49,126473_156
126473,2,49,262.0999999999999,2353,526920,1548,Recovery,,75.458775,41.760772,72.54439500000001,49.781236,True,126473_49,126473_157
126473,2,49,262.0999999999999,2353,526920,1549,Pass,Successful,75.458775,41.760772,72.54439500000001,49.781236,True,126473_49,126473_157
126473,2,49,267.83400000000006,2353,500569,1554,Carry,,71.787975,58.525764,78.92135999999999,62.9791316,True,126473_49,126473_157
126473,2,49,272.9680000000001,4648,345464,1561,Carry,,13.224014999999994,5.816108,9.963324,3.858795999999998,False,126473_49,126473_160
126473,2,49,293.567,2353,526925,1578,Pass,Unsuccessful,49.329525,37.337644,53.84200500000001,21.978076,True,126473_49,126473_163
126473,2,49,309.0999999999999,4648,250101,1587,Pass,Successful,73.57097999999999,58.12436,82.10768999999999,65.042782,False,126473_49,126473_164
