game_id,period_id,episode_id,time_seconds,team_id,player_id,action_id,type_name,result_name,start_x,start_y,end_x,end_y,is_home,game_episode,phase
126473,2,52,458.2000000000003,4648,369783,1652,Recovery,,86.41258499999999,57.92342,75.57437999999999,61.4578968,False,126473_52,126473_190
126473,2,52,466.2000000000003,2353,526911,1659,Recovery,,21.17724,8.089824,25.421025,10.515927999999995,True,126473_52,126473_191
