game_id,period_id,episode_id,time_seconds,team_id,player_id,action_id,type_name,result_name,start_x,start_y,end_x,end_y,is_home,game_episode,phase
126421,2,67,3030.3,2354,529466,2630,Recovery,,34.436115,18.498788,30.67176000000001,16.154896,False,126421_67,126421_231
126421,2,67,3030.3,2354,529466,2631,Pass,Successful,34.436115,18.498788,30.67176000000001,16.154896,False,126421_67,126421_231
126421,2,67,3033.8,4640,411440,2636,Interception,,70.185675,54.651532,70.185675,54.651532,True,126421_67,126421_232
126421,2,67,3049.733,2354,61979,2655,Pass,Successful,16.706654999999998,55.067624,57.580635,52.439356,False,126421_67,126421_233
126421,2,67,3060.8,2354,150850,2665,Interception,,31.99329,32.734724,31.99329,32.734724,False,126421_67,126421_237
