game_id,period_id,episode_id,time_seconds,team_id,player_id,action_id,type_name,result_name,start_x,start_y,end_x,end_y,is_home,game_episode,phase
126421,1,24,1979.633,2354,215806,1048,Recovery,,77.92806,5.839908000000001,68.23498500000001,24.743160000000003,False,126421_24,126421_63
126421,1,24,1979.633,2354,215806,1049,Pass,Unsuccessful,77.92806,5.839908000000001,68.23498500000001,24.743160000000003,False,126421_24,126421_63
126421,1,24,1992.533,4640,491835,1055,Cross,Unsuccessful,100.39638,45.240808,100.717995,44.465404,True,126421_24,126421_64
