game_id,period_id,episode_id,time_seconds,team_id,player_id,action_id,type_name,result_name,start_x,start_y,end_x,end_y,is_home,game_episode,phase
126421,2,42,518.433,2354,529466,1623,Pass_Corner,Unsuccessful,105.0,0.0,99.059205,29.096452,False,126421_42,126421_131
126421,2,42,544.1009999999999,2354,344559,1646,Carry,,81.949665,63.8858096,92.44284,59.8774,False,126421_42,126421_135
126421,2,42,613.1659999999999,4640,61922,1698,Carry,,37.22922,28.067204000000004,38.99553,25.632056,True,126421_42,126421_140
126421,2,42,625.8340000000001,2354,529466,1710,Carry,,23.956695,39.976248,29.75763000000001,32.763828000000004,False,126421_42,126421_141
126421,2,42,659.8330000000001,2354,530659,1730,Shot,On Target,91.282695,42.184276,99.5364195,37.500844,False,126421_42,126421_141
