game_id,period_id,episode_id,time_seconds,team_id,player_id,action_id,type_name,result_name,start_x,start_y,end_x,end_y,is_home,game_episode,phase
126316,1,23,1938.133,4643,500121,973,Error,,77.66976000000001,62.6277076,77.66976000000001,62.6277076,False,126316_23,126316_55
126316,1,23,1939.8,4640,246402,974,Recovery,,22.139355,5.583207999999999,9.868761,6.789459999999998,True,126316_23,126316_56
