game_id,period_id,episode_id,time_seconds,team_id,player_id,action_id,type_name,result_name,start_x,start_y,end_x,end_y,is_home,game_episode,phase
126316,2,83,2591.521,4643,500116,2680,Pass,Successful,15.034109999999998,18.270444,28.880040000000008,3.5534760000000034,False,126316_83,126316_231
126316,2,83,2610.567,4640,146168,2693,Intervention,,69.009255,19.795276,69.009255,19.795276,True,126316_83,126316_232
126316,2,83,2618.1670000000004,4640,146168,2702,Pass,Successful,65.591295,18.82206,68.931345,23.5637,True,126316_83,126316_234
