game_id,period_id,episode_id,time_seconds,team_id,player_id,action_id,type_name,result_name,start_x,start_y,end_x,end_y,is_home,game_episode,phase
126316,2,69,2056.2,4640,246410,2423,Throw-In,Successful,55.19724000000001,67.3967652,39.592455,59.07024,True,126316_69,126316_208
126316,2,69,2066.366,4640,146168,2428,Pass,Successful,55.652205,14.33712,69.791085,11.78134,True,126316_69,126316_208
126316,2,69,2067.492,4640,61932,2430,Carry,,69.791085,11.78134,68.480055,15.855968000000004,True,126316_69,126316_208
126316,2,69,2070.5330000000004,4640,61932,2432,Pass,Successful,68.480055,15.855968000000004,62.715345,18.0965,True,126316_69,126316_210
126316,2,69,2085.3,4643,413926,2448,Pass,Successful,21.20034,23.955856000000004,23.679705,32.501892,False,126316_69,126316_211
126316,2,69,2086.967000000001,4643,343587,2451,Pass,Successful,26.654775,32.098788000000006,39.12195,33.62362,False,126316_69,126316_211
