game_id,period_id,episode_id,time_seconds,team_id,player_id,action_id,type_name,result_name,start_x,start_y,end_x,end_y,is_home,game_episode,phase
126316,1,5,298.866,4643,500115,125,Carry,,3.7971359999999934,47.527036,16.51545,42.378348,False,126316_5,126316_159
126316,1,5,308.501,4643,408792,128,Carry,,18.61692,17.064396000000002,32.11046999999999,22.025948,False,126316_5,126316_159
126316,1,5,314.178,4643,408792,129,Pass,Successful,32.11046999999999,22.025948,26.012595000000005,45.201912,False,126316_5,126316_159
