game_id,period_id,episode_id,time_seconds,team_id,player_id,action_id,type_name,result_name,start_x,start_y,end_x,end_y,is_home,game_episode,phase
126316,2,43,267.9000000000001,4640,146168,1635,Pass,Successful,65.29005,41.446544,69.560925,56.135904,True,126316_43,126316_136
126316,2,43,291.4000000000001,4640,491837,1649,Pass,Successful,23.69913,26.632404,37.54842,32.591788,True,126316_43,126316_138
126316,2,43,299.1669999999999,4640,500425,1655,Recovery,,55.004565,30.949248,55.004565,30.949248,True,126316_43,126316_138
126316,2,43,302.5329999999999,4640,500425,1657,Take-On,Successful,55.71111,33.52128,55.71111,33.52128,True,126316_43,126316_140
126316,2,43,358.29999999999995,4643,408792,1671,Carry,,29.092245000000005,21.182816000000003,31.13817,17.843744,False,126316_43,126316_141
126316,2,43,364.953,4643,500113,1675,Pass,Successful,56.53725,8.646812000000004,90.742365,28.45222,False,126316_43,126316_141
126316,2,43,367.36800000000017,4643,410634,1678,Carry,,90.742365,28.45222,91.442085,22.613876,False,126316_43,126316_141
