game_id,period_id,episode_id,time_seconds,team_id,player_id,action_id,type_name,result_name,start_x,start_y,end_x,end_y,is_home,game_episode,phase
126316,2,36,28.833000000000084,4640,246402,1484,Pass,Successful,50.63016,8.506799999999998,40.419015,21.592448000000005,True,126316_36,126316_120
126316,2,36,39.38599999999997,4640,360011,1492,Pass,Successful,46.747155,65.336168,67.29313499999999,49.426208,True,126316_36,126316_120
