game_id,period_id,episode_id,time_seconds,team_id,player_id,action_id,type_name,result_name,start_x,start_y,end_x,end_y,is_home,game_episode,phase
126316,2,71,2156.4660000000003,4643,500115,2471,Pass,Successful,35.851725,59.662452,21.427769999999995,41.918532,False,126316_71,126316_215
126316,2,71,2169.437,4643,408792,2479,Pass,Successful,16.024259999999998,21.304196000000005,5.854369500000004,30.128352,False,126316_71,126316_215
