game_id,period_id,episode_id,time_seconds,team_id,player_id,action_id,type_name,result_name,start_x,start_y,end_x,end_y,is_home,game_episode,phase
126317,2,58,1828.1670000000004,4644,500505,2321,Recovery,,13.038165,17.416432,13.038165,17.416432,True,126317_58,126317_203
126317,2,58,1828.1680000000003,4644,500505,2322,Carry,,13.038165,17.416432,23.016945,9.593984,True,126317_58,126317_203
126317,2,58,1835.867,316,344467,2324,Recovery,,35.229705,17.251464,35.229705,17.251464,False,126317_58,126317_204
126317,2,58,1865.1000000000004,316,344467,2349,Pass,Successful,62.587035,21.923608,64.25265,24.324348,False,126317_58,126317_204
126317,2,58,1869.467,316,344467,2354,Pass,Unsuccessful,61.396440000000005,10.128259999999996,103.362,11.818739999999998,False,126317_58,126317_204
