game_id,period_id,episode_id,time_seconds,team_id,player_id,action_id,type_name,result_name,start_x,start_y,end_x,end_y,is_home,game_episode,phase
126317,1,7,261.066,4644,500520,105,Carry,,18.672255,57.716904,17.054834999999997,51.348568,True,126317_7,126317_243
126317,1,7,277.7,316,344474,118,Pass,Successful,56.49378,62.926214,55.53954,56.761368,False,126317_7,126317_246
126317,1,7,278.801,316,161110,120,Carry,,55.53954,56.761368,49.352415,65.8085708,False,126317_7,126317_246
126317,1,7,281.067,4644,62098,122,Tackle,Unsuccessful,56.42532,1.4037919999999957,56.42532,1.4037919999999957,True,126317_7,126317_247
