game_id,period_id,episode_id,time_seconds,team_id,player_id,action_id,type_name,result_name,start_x,start_y,end_x,end_y,is_home,game_episode,phase
126317,1,30,2888.8,316,500129,1437,Pass,Successful,50.398425,22.567091999999995,36.454530000000005,23.799048,False,126317_30,126317_112
126317,1,30,2891.433,316,344467,1439,Pass,Successful,35.9247,26.047400000000003,38.95363499999999,51.711416,False,126317_30,126317_112
