game_id,period_id,episode_id,time_seconds,team_id,player_id,action_id,type_name,result_name,start_x,start_y,end_x,end_y,is_home,game_episode,phase
126317,1,26,2118.067,316,500129,1110,Pass,Successful,53.62476000000001,56.170652,51.605925,38.949788,False,126317_26,126317_84
126317,1,26,2164.033,4644,62114,1146,Pass,Unsuccessful,92.90715,46.670304,90.425265,45.117864,True,126317_26,126317_89
