game_id,period_id,episode_id,time_seconds,team_id,player_id,action_id,type_name,result_name,start_x,start_y,end_x,end_y,is_home,game_episode,phase
126305,2,65,1167.758,316,77579,2015,Carry,,20.063715,49.059416,25.787475,53.744752,False,126305_65,126305_172
126305,2,65,1180.7330000000002,4643,500121,2023,Intervention,,84.311115,64.7108128,84.311115,64.7108128,True,126305_65,126305_173
126305,2,65,1211.811,316,344466,2035,Carry,,5.085286499999995,40.064988,4.687619999999996,36.408968,False,126305_65,126305_176
