game_id,period_id,episode_id,time_seconds,team_id,player_id,action_id,type_name,result_name,start_x,start_y,end_x,end_y,is_home,game_episode,phase
126305,2,80,2156.5550000000003,4643,62069,2509,Pass,Successful,61.3305,63.0485052,66.87618,58.00638,True,126305_80,126305_213
126305,2,80,2157.281,4643,500114,2511,Carry,,66.87618,58.00638,64.92486,60.310084,True,126305_80,126305_213
126305,2,80,2166.089,4643,500115,2519,Pass,Successful,44.55675,34.13634,47.502525,48.158824,True,126305_80,126305_213
