game_id,period_id,episode_id,time_seconds,team_id,player_id,action_id,type_name,result_name,start_x,start_y,end_x,end_y,is_home,game_episode,phase
126305,2,53,515.0329999999999,4643,412016,1698,Throw-In,Successful,61.741365,0.0,38.20278,6.139448000000002,True,126305_53,126305_137
126305,2,53,521.866,4643,413926,1701,Pass,Successful,41.94582,14.036968000000002,51.126495,4.579256000000001,True,126305_53,126305_137
126305,2,53,532.7000000000003,316,161110,1709,Tackle,Unsuccessful,40.49272500000001,34.920312,40.49272500000001,34.920312,False,126305_53,126305_138
