game_id,period_id,episode_id,time_seconds,team_id,player_id,action_id,type_name,result_name,start_x,start_y,end_x,end_y,is_home,game_episode,phase
126305,2,87,2888.784000000001,316,187326,2830,Pass,Successful,68.4894,52.074944,76.188,67.015564,False,126305_87,126305_240
126305,2,87,2899.126,316,500125,2838,Pass,Successful,50.9565,22.562944,64.78395,4.316980000000001,False,126305_87,126305_240
