game_id,period_id,episode_id,time_seconds,team_id,player_id,action_id,type_name,result_name,start_x,start_y,end_x,end_y,is_home,game_episode,phase
126305,2,86,2623.6670000000004,4643,62069,2689,Pass,Unsuccessful,95.780055,66.50196,96.185145,66.9091508,True,126305_86,126305_227
126305,2,86,2636.567,4643,500115,2699,Interception,,25.212495,47.531932,25.212495,47.531932,True,126305_86,126305_229
126305,2,86,2682.4000000000005,4643,500116,2732,Pass,Unsuccessful,2.6832855,19.695588,45.857805000000006,7.570236000000001,True,126305_86,126305_233
126305,2,86,2705.383,316,187326,2746,Pass,Successful,63.61887,43.532172,71.36451,56.505076,False,126305_86,126305_234
126305,2,86,2747.153,316,161110,2780,Pass,Successful,48.60849,24.550652,54.20163000000001,52.766572,False,126305_86,126305_236
126305,2,86,2762.634,316,62009,2793,Carry,,89.20758000000001,29.189544000000005,102.8219115,26.350136,False,126305_86,126305_236
126305,2,86,2798.001,4643,83615,2808,Carry,,70.01515500000001,55.830516,72.710925,54.215312,True,126305_86,126305_239
