game_id,period_id,episode_id,time_seconds,team_id,player_id,action_id,type_name,result_name,start_x,start_y,end_x,end_y,is_home,game_episode,phase
126305,1,26,1624.133,4643,500113,704,Pass,Successful,51.936675,34.993752,45.370395,32.88344,True,126305_26,126305_53
126305,1,26,1633.958,316,500129,716,Recovery,,37.66812,14.087356,49.641375,18.281460000000003,False,126305_26,126305_54
126305,1,26,1638.313,316,188267,724,Carry,,30.887535,43.688368,31.26375,48.789388,False,126305_26,126305_54
126305,1,26,1656.767,4643,500113,739,Pass,Successful,60.08898,8.809332000000005,69.684615,0.9848439999999954,True,126305_26,126305_57
