game_id,period_id,episode_id,time_seconds,team_id,player_id,action_id,type_name,result_name,start_x,start_y,end_x,end_y,is_home,game_episode,phase
126405,2,79,2119.7,4641,346035,2543,Pass,Successful,22.065015,38.407692,28.655235,23.34304,True,126405_79,126405_226
126405,2,79,2133.767,4641,215816,2554,Pass,Successful,21.975975,10.839132,2.707383,24.48034,True,126405_79,126405_226
126405,2,79,2162.068,4641,215816,2569,Carry,,21.03864,15.208812000000002,23.025135,12.873827999999996,True,126405_79,126405_226
126405,2,79,2177.284,316,143410,2581,Pass,Unsuccessful,66.039645,5.546759999999999,67.11537,16.782740000000004,False,126405_79,126405_227
126405,2,79,2178.8680000000004,4641,500602,2583,Carry,,36.840195,51.09282,40.466895,56.355136,True,126405_79,126405_228
126405,2,79,2183.6680000000006,4641,346035,2588,Carry,,30.284415,53.212584,31.96935,48.601096,True,126405_79,126405_228
126405,2,79,2196.5330000000004,4641,250963,2594,Pass,Successful,59.95227,17.373863999999998,67.521825,24.260088000000003,True,126405_79,126405_228
126405,2,79,2198.267,4641,73228,2597,Pass,Unsuccessful,71.26287,20.895652000000005,96.051585,7.752203999999999,True,126405_79,126405_228
