game_id,period_id,episode_id,time_seconds,team_id,player_id,action_id,type_name,result_name,start_x,start_y,end_x,end_y,is_home,game_episode,phase
126405,1,31,2917.033,4641,73228,1210,Pass,Successful,48.43272,66.1081584,41.630085,67.84096296,True,126405_31,126405_100
126405,1,31,2918.6330000000003,316,407441,1214,Pass,Successful,61.16817,0.8850879999999961,72.979305,18.06896,False,126405_31,126405_101
126405,1,31,2922.119,316,500124,1218,Carry,,65.967405,17.751468000000003,64.92927,26.30274,False,126405_31,126405_101
126405,1,31,2948.233,316,500124,1241,Tackle,Successful,87.73548,49.083624,87.73548,49.083624,False,126405_31,126405_103
126405,1,31,2955.6,4641,500586,1247,Recovery,,6.075730500000001,2.8270320000000027,6.075730500000001,2.8270320000000027,True,126405_31,126405_104
126405,1,31,2958.2670000000003,316,500129,1249,Recovery,,77.71406999999999,61.8070156,77.71406999999999,61.8070156,False,126405_31,126405_105
