game_id,period_id,episode_id,time_seconds,team_id,player_id,action_id,type_name,result_name,start_x,start_y,end_x,end_y,is_home,game_episode,phase
126405,1,25,1701.467,316,77582,899,Recovery,,0.9915989999999936,39.474408,0.9915989999999936,39.474408,False,126405_25,126405_69
126405,1,25,1768.0,316,77579,939,Pass,Successful,55.01181,44.224888,60.669,37.956852,False,126405_25,126405_69
126405,1,25,1788.106,316,77579,952,Pass,Successful,49.51653,51.580448,43.561980000000005,29.450188,False,126405_25,126405_69
126405,1,25,1791.015,316,344467,954,Pass,Successful,44.49333,28.649964,55.88204999999999,19.226524,False,126405_25,126405_69
