game_id,period_id,episode_id,time_seconds,team_id,player_id,action_id,type_name,result_name,start_x,start_y,end_x,end_y,is_home,game_episode,phase
126405,1,8,399.184,316,500126,200,Throw-In,Successful,11.783519999999996,0.0,30.179835,5.955235999999999,False,126405_8,126405_229
126405,1,8,400.728,316,286696,203,Pass,Successful,30.179835,5.955235999999999,25.362120000000004,3.972219999999993,False,126405_8,126405_229
126405,1,8,401.533,316,188266,205,Pass,Unsuccessful,25.362120000000004,3.972219999999993,44.98011,10.485328000000004,False,126405_8,126405_229
126405,1,8,408.134,316,500126,211,Carry,,11.233530000000002,1.3950200000000024,13.192724999999996,4.356664799999997,False,126405_8,126405_231
126405,1,8,410.867,4641,250965,214,Recovery,,91.807275,63.6433352,91.807275,63.6433352,True,126405_8,126405_232
