,game_id,period_id,episode_id,time_seconds,team_id,player_id,action_id,type_name,result_name,start_x,start_y,end_x,end_y,is_home,game_episode,phase
0,153366,2,53,465.3330000000001,2354,215806,1774,Throw-In,Unsuccessful,36.933015,0.0,54.794145,3.981468000000007,False,153366_53,153366_190
1,153366,2,53,467.2330000000002,2353,526909,1775,Duel,Successful,49.864395,63.6626744,49.864395,63.6626744,True,153366_53,153366_191
2,153366,2,53,468.2000000000003,2354,500145,1776,Recovery,,49.902195,7.563096000000002,55.50321,1.454111999999995,False,153366_53,153366_192
3,153366,2,53,468.2000000000003,2354,500145,1777,Pass,Successful,49.902195,7.563096000000002,55.50321,1.454111999999995,False,153366_53,153366_192
4,153366,2,53,471.0329999999999,2354,150851,1779,Pass,Unsuccessful,56.96775,1.4822640000000007,,,False,153366_53,153366_192
