game_id,period_id,episode_id,time_seconds,team_id,player_id,action_id,type_name,result_name,start_x,start_y,end_x,end_y,is_home,game_episode,phase
126472,2,75,2080.433,4640,527821,2260,Pass,Unsuccessful,50.243235,4.214027999999999,59.23638,6.748592000000002,True,126472_75,126472_208
126472,2,75,2098.767,4641,73228,2275,Pass,Successful,41.725215,18.846676,36.54545999999999,20.987656,False,126472_75,126472_209
126472,2,75,2106.467000000001,4640,61922,2284,Pass,Successful,18.909555,53.965344,25.835565,52.189388,True,126472_75,126472_210
