game_id,period_id,episode_id,time_seconds,team_id,player_id,action_id,type_name,result_name,start_x,start_y,end_x,end_y,is_home,game_episode,phase
126472,2,87,3244.8330000000005,4640,61922,2720,Pass,Successful,23.301285,44.947796,24.615885,67.2607244,True,126472_87,126472_272
126472,2,87,3251.633,4640,491833,2725,Pass,Unsuccessful,50.86956,61.086372,78.088815,55.180504,True,126472_87,126472_272
126472,2,87,3265.767,4640,411440,2735,Block,,23.380245,18.062908,23.380245,18.062908,True,126472_87,126472_276
126472,2,87,3269.133,4640,246402,2740,Clearance,,14.419125,30.28584,40.435815,24.794908,True,126472_87,126472_278
126472,2,87,3272.733,4640,529332,2741,Recovery,,40.435815,24.794908,40.435815,24.794908,True,126472_87,126472_278
126472,2,87,3277.2,4640,529332,2743,Pass,Successful,72.158625,33.387252000000004,83.85846000000001,43.996816,True,126472_87,126472_278
126472,2,87,3300.267,4640,533476,2760,Pass,Successful,24.35307,43.045768,28.870065,36.641052,True,126472_87,126472_282
