game_id,period_id,episode_id,time_seconds,team_id,player_id,action_id,type_name,result_name,start_x,start_y,end_x,end_y,is_home,game_episode,phase
126472,1,5,270.534,4640,246402,148,Carry,,31.20432,18.971116,42.635775,16.507000000000005,True,126472_5,126472_150
126472,1,5,276.933,4640,246402,149,Pass,Successful,42.635775,16.507000000000005,48.038445,25.228476,True,126472_5,126472_150
126472,1,5,281.66700000000003,4640,61922,154,Pass,Successful,33.853785,41.04412,41.291565,55.636172,True,126472_5,126472_150
126472,1,5,296.66700000000003,4641,250965,169,Carry,,13.929509999999992,5.298015999999997,23.503515000000007,2.1071976000000063,False,126472_5,126472_151
126472,1,5,303.1,4641,413678,176,Tackle,Unsuccessful,16.274159999999995,11.249851999999995,16.274159999999995,11.249851999999995,False,126472_5,126472_153
126472,1,5,306.2,4641,528608,179,Pass,Unsuccessful,18.209835,22.850652,38.68336500000001,38.964816,False,126472_5,126472_153
