game_id,period_id,episode_id,time_seconds,team_id,player_id,action_id,type_name,result_name,start_x,start_y,end_x,end_y,is_home,game_episode,phase
126472,2,81,2809.8330000000005,4641,355790,2547,Pass_Freekick,Successful,40.06107,33.169448,80.31534,2.274192,False,126472_81,126472_245
126472,2,81,2818.433,4641,250965,2551,Pass,Unsuccessful,69.61258500000001,2.331720000000004,71.04132,2.4740440000000063,False,126472_81,126472_245
