game_id,period_id,episode_id,time_seconds,team_id,player_id,action_id,type_name,result_name,start_x,start_y,end_x,end_y,is_home,game_episode,phase
126472,2,70,1842.8330000000003,4640,61922,2194,Interception,,33.2304,60.617988,33.2304,60.617988,True,126472_70,126472_198
126472,2,70,1846.233,4641,250965,2196,Duel,Successful,40.3116,5.393352,40.3116,5.393352,False,126472_70,126472_199
