game_id,period_id,episode_id,time_seconds,team_id,player_id,action_id,type_name,result_name,start_x,start_y,end_x,end_y,is_home,game_episode,phase
126325,1,34,2749.033,2354,500147,1553,Pass,Unsuccessful,12.07983,5.320591999999998,54.14787,35.196936,False,126325_34,126325_114
126325,1,34,2765.5,2354,500146,1564,Pass,Successful,81.57554999999999,52.809072,72.45987,55.880972,False,126325_34,126325_116
126325,1,34,2768.9010000000003,2354,500154,1568,Carry,,83.94498,67.0848628,79.25095499999999,65.0924424,False,126325_34,126325_116
126325,1,34,2775.7000000000003,2354,250036,1573,Pass,Successful,60.55035,55.478684,79.03182,45.78066,False,126325_34,126325_116
126325,1,34,2791.7000000000003,4648,500140,1589,Clearance,,6.7461345,32.238392000000005,20.600475,33.696584,True,126325_34,126325_119
126325,1,34,2820.2670000000003,4648,500133,1603,Pass,Successful,48.784365,40.661892,47.738565,23.011404,True,126325_34,126325_121
