game_id,period_id,episode_id,time_seconds,team_id,player_id,action_id,type_name,result_name,start_x,start_y,end_x,end_y,is_home,game_episode,phase
126325,1,31,2599.5,4648,250101,1466,Pass,Successful,75.795825,16.207051999999997,84.989835,2.151859999999999,True,126325_31,126325_105
126325,1,31,2605.2000000000003,4648,62386,1470,Pass,Successful,74.31879,8.231127999999998,65.14074000000001,8.821027999999998,True,126325_31,126325_107
126325,1,31,2606.1340000000005,4648,500138,1472,Carry,,65.14074000000001,8.821027999999998,68.06016,6.591104000000001,True,126325_31,126325_107
