game_id,period_id,episode_id,time_seconds,team_id,player_id,action_id,type_name,result_name,start_x,start_y,end_x,end_y,is_home,game_episode,phase
126325,1,8,928.468,2354,500147,552,Carry,,22.788465,46.33214,21.4998,38.347852,False,126325_8,126325_264
126325,1,8,934.3,2354,500147,553,Pass,Successful,21.4998,38.347852,13.242914999999996,19.625004000000004,False,126325_8,126325_264
126325,1,8,968.167,4648,250101,580,Pass,Unsuccessful,50.186325,45.493496,66.388665,60.40542,True,126325_8,126325_265
