game_id,period_id,episode_id,time_seconds,team_id,player_id,action_id,type_name,result_name,start_x,start_y,end_x,end_y,is_home,game_episode,phase
126325,2,50,892.0,2354,250037,2047,Pass,Successful,47.210730000000005,34.361488,50.07387,11.886399999999997,False,126325_50,126325_170
126325,2,50,924.7000000000004,2354,250037,2069,Recovery,,51.624405,27.015856,51.624405,27.015856,False,126325_50,126325_172
