game_id,period_id,episode_id,time_seconds,team_id,player_id,action_id,type_name,result_name,start_x,start_y,end_x,end_y,is_home,game_episode,phase
126325,1,7,896.901,4648,500138,534,Carry,,40.73076,27.239372000000003,48.61899,19.570808,True,126325_7,126325_243
126325,1,7,900.833,4648,500138,535,Pass,Unsuccessful,48.61899,19.570808,57.469440000000006,11.144451999999994,True,126325_7,126325_243
