game_id,period_id,episode_id,time_seconds,team_id,player_id,action_id,type_name,result_name,start_x,start_y,end_x,end_y,is_home,game_episode,phase
126325,2,54,1182.9,4648,250101,2225,Pass,Successful,31.427235,21.755784,21.81396,10.665936000000002,True,126325_54,126325_187
126325,2,54,1200.7000000000005,4648,500138,2240,Pass,Successful,28.61586,20.504448000000004,20.59155,45.585296,True,126325_54,126325_187
126325,2,54,1213.167,4648,500142,2250,Pass,Successful,74.23667999999999,53.84376,95.01156,49.30408,True,126325_54,126325_187
