game_id,period_id,episode_id,time_seconds,team_id,player_id,action_id,type_name,result_name,start_x,start_y,end_x,end_y,is_home,game_episode,phase
126450,2,80,2294.3,4657,528956,2205,Pass_Freekick,Unsuccessful,74.041275,53.319616,102.161325,27.038908,False,126450_80,126450_245
126450,2,80,2296.5,2353,500558,2206,Aerial Clearance,Successful,2.7835395,41.856312,2.7835395,41.856312,True,126450_80,126450_246
126450,2,80,2296.5,2353,500558,2207,Parry,,2.7835395,41.856312,2.7835395,41.856312,True,126450_80,126450_246
126450,2,80,2296.5,2353,500558,2208,Recovery,,2.7835395,41.856312,2.7835395,41.856312,True,126450_80,126450_246
126450,2,80,2296.501,2353,500558,2209,Carry,,2.7835395,41.856312,5.203485,47.961148,True,126450_80,126450_246
126450,2,80,2297.633,2353,500558,2210,Pass,Successful,5.203485,47.961148,32.40699,61.3874284,True,126450_80,126450_246
126450,2,80,2301.034000000001,2353,500581,2212,Carry,,32.40699,61.3874284,80.57826,64.0458952,True,126450_80,126450_246
126450,2,80,2307.6670000000004,2353,500581,2213,Pass,Successful,80.57826,64.0458952,76.56579,55.35098,True,126450_80,126450_246
