game_id,period_id,episode_id,time_seconds,team_id,player_id,action_id,type_name,result_name,start_x,start_y,end_x,end_y,is_home,game_episode,phase
126324,1,8,487.025,4646,161122,328,Pass,Successful,36.26868,60.093844,35.94507,43.938472,True,126324_8,126324_293
126324,1,8,505.442,4646,161122,339,Pass,Successful,40.86579,51.138108,47.418735,64.998718,True,126324_8,126324_293
126324,1,8,507.467,4646,356599,341,Pass,Successful,46.049535,65.1476448,33.064184999999995,56.036148,True,126324_8,126324_293
