game_id,period_id,episode_id,time_seconds,team_id,player_id,action_id,type_name,result_name,start_x,start_y,end_x,end_y,is_home,game_episode,phase
126324,2,47,403.933,4644,62086,1761,Pass,Successful,35.61914999999999,13.55444,42.755265,1.98424,False,126324_47,126324_132
126324,2,47,410.1340000000002,4644,342719,1767,Carry,,30.92985,39.452512,44.374785,48.059,False,126324_47,126324_132
126324,2,47,421.6669999999999,4644,325355,1777,Pass,Successful,50.071245,51.871828,60.57618,57.36956,False,126324_47,126324_132
126324,2,47,422.6340000000002,4644,145716,1779,Carry,,60.57618,57.36956,63.530355,60.931128,False,126324_47,126324_132
126324,2,47,451.8330000000001,4644,500505,1807,Pass,Successful,83.739705,59.928808,88.01625,59.125252,False,126324_47,126324_134
126324,2,47,452.5329999999999,4644,325355,1809,Pass,Successful,88.01625,59.125252,85.975365,62.5330108,False,126324_47,126324_134
