game_id,period_id,episode_id,time_seconds,team_id,player_id,action_id,type_name,result_name,start_x,start_y,end_x,end_y,is_home,game_episode,phase
126324,1,34,2619.567,4646,61645,1450,Pass,Unsuccessful,63.532035,45.440524,70.505085,49.92526,True,126324_34,126324_91
126324,1,34,2622.067,4646,61645,1454,Pass,Unsuccessful,76.52169,38.857104,99.24789,30.001192,True,126324_34,126324_93
126324,1,34,2626.934,4644,250076,1459,Carry,,27.13284,53.657168,49.6209,59.91514,False,126324_34,126324_94
126324,1,34,2647.467,4644,325355,1468,Pass,Successful,59.060190000000006,43.025776,69.353865,65.7388504,False,126324_34,126324_94
