game_id,period_id,episode_id,time_seconds,team_id,player_id,action_id,type_name,result_name,start_x,start_y,end_x,end_y,is_home,game_episode,phase
126324,2,79,2806.8,4646,250147,2981,Throw-In,Successful,25.168815,0.0663679999999971,14.062335,7.102328,True,126324_79,126324_289
126324,2,79,2821.048,4646,161122,2988,Pass,Successful,41.711775,44.476012,48.473775,43.335312,True,126324_79,126324_289
126324,2,79,2836.7030000000004,4646,146189,3002,Pass,Successful,57.95727,15.977891999999995,47.62086,31.143184,True,126324_79,126324_291
126324,2,79,2849.16,4646,61616,3011,Pass,Successful,46.46397,10.862319999999997,43.59873,24.342844000000007,True,126324_79,126324_293
126324,2,79,2850.568,4646,500452,3013,Carry,,43.59873,24.342844000000007,47.677245,27.976764,True,126324_79,126324_293
