game_id,period_id,episode_id,time_seconds,team_id,player_id,action_id,type_name,result_name,start_x,start_y,end_x,end_y,is_home,game_episode,phase
126324,1,26,1732.833,4644,62086,942,Pass,Successful,35.302155,16.589008,40.16743500000001,22.652432,False,126324_26,126324_42
126324,1,26,1753.667,4644,342719,955,Pass,Successful,31.370745,26.086568,11.029200000000005,35.719856,False,126324_26,126324_42
126324,1,26,1770.7,4644,325355,965,Pass,Successful,42.46179,51.441592,51.496935,65.1196696,False,126324_26,126324_42
126324,1,26,1776.434,4644,342719,972,Carry,,29.750384999999994,33.044124000000004,37.73941500000001,24.054320000000004,False,126324_26,126324_42
126324,1,26,1831.233,4646,61623,1018,Block,,42.697305,66.8581304,42.697305,66.8581304,True,126324_26,126324_45
