game_id,period_id,episode_id,time_seconds,team_id,player_id,action_id,type_name,result_name,start_x,start_y,end_x,end_y,is_home,game_episode,phase
126324,2,68,2239.7340000000004,4646,61616,2744,Carry,,29.078805,5.9121920000000046,30.273180000000004,9.916031999999994,True,126324_68,126324_251
126324,2,68,2241.1310000000003,4646,61616,2745,Pass,Successful,30.273180000000004,9.916031999999994,32.05818,26.195367999999995,True,126324_68,126324_251
126324,2,68,2249.8,4646,146189,2751,Tackle,Successful,57.77898,26.524964,57.77898,26.524964,True,126324_68,126324_253
126324,2,68,2251.767,4646,146189,2754,Pass,Successful,59.849265,29.41476,65.55192,28.067884,True,126324_68,126324_253
126324,2,68,2260.767,4646,146189,2766,Pass,Successful,53.023425,16.391264,58.03329,14.113535999999996,True,126324_68,126324_257
126324,2,68,2271.367,4646,109160,2778,Tackle,Unsuccessful,59.28573,46.513836,59.28573,46.513836,True,126324_68,126324_261
126324,2,68,2274.367,4644,62105,2781,Pass,Successful,39.987885000000006,8.604651999999994,52.520790000000005,4.1358960000000025,False,126324_68,126324_262
