game_id,period_id,episode_id,time_seconds,team_id,player_id,action_id,type_name,result_name,start_x,start_y,end_x,end_y,is_home,game_episode,phase
126375,1,26,1888.801,4639,491810,1031,Carry,,31.17260999999999,52.00844,32.52458999999999,47.357308,False,126375_26,126375_54
126375,1,26,1894.768,4639,491810,1036,Carry,,31.312995,45.690016,33.66268500000001,42.544268,False,126375_26,126375_54
