game_id,period_id,episode_id,time_seconds,team_id,player_id,action_id,type_name,result_name,start_x,start_y,end_x,end_y,is_home,game_episode,phase
126375,2,77,1986.733,4639,491810,2292,Pass,Successful,7.368584999999996,24.493328,9.252263999999997,38.0154,False,126375_77,126375_210
126375,2,77,2004.7,4639,491801,2303,Pass,Unsuccessful,55.591515,1.363196000000002,56.52170999999999,1.6587920000000054,False,126375_77,126375_210
