game_id,period_id,episode_id,time_seconds,team_id,player_id,action_id,type_name,result_name,start_x,start_y,end_x,end_y,is_home,game_episode,phase
126375,2,59,1005.467,2353,356626,1917,Goal Kick,Unsuccessful,4.844028,39.044784,66.700515,51.275876,True,126375_59,126375_165
126375,2,59,1009.567,4639,491810,1919,Clearance,,39.92645999999999,12.754148,87.57798,37.869744,False,126375_59,126375_166
126375,2,59,1017.5,2353,500576,1923,Pass,Successful,24.30624,25.430436,27.35607,53.804932,True,126375_59,126375_167
