game_id,period_id,episode_id,time_seconds,team_id,player_id,action_id,type_name,result_name,start_x,start_y,end_x,end_y,is_home,game_episode,phase
126406,2,28,7.833000000000084,4639,491811,1578,Pass,Successful,39.437475000000006,28.073595999999995,42.7224,44.964796,False,126406_28,126406_92
126406,2,28,27.5329999999999,4639,491810,1586,Pass,Successful,26.50242,19.574344,11.305980000000003,33.096484,False,126406_28,126406_92
126406,2,28,32.001,4639,250902,1590,Carry,,30.103605,1.3600679999999985,33.46749,3.090056000000004,False,126406_28,126406_92
126406,2,28,34.83400000000008,4639,412018,1593,Carry,,50.37207,17.106012,61.941705000000006,16.980688,False,126406_28,126406_92
126406,2,28,107.27599999999984,4639,345446,1648,Pass,Successful,51.941925,50.317824,58.462425,65.2722412,False,126406_28,126406_96
126406,2,28,114.54299999999992,4639,77828,1656,Carry,,37.507785,52.281936,40.40589,45.291468,False,126406_28,126406_96
