game_id,period_id,episode_id,time_seconds,team_id,player_id,action_id,type_name,result_name,start_x,start_y,end_x,end_y,is_home,game_episode,phase
126406,2,30,204.8340000000001,4639,491801,1711,Carry,,87.664605,8.29634,87.75963,17.796008,False,126406_30,126406_118
126406,2,30,232.33300000000008,4644,250076,1732,Pass,Successful,17.340225,52.576648,47.66769,35.625472,True,126406_30,126406_121
126406,2,30,236.73300000000012,4644,62112,1735,Pass,Successful,45.75858,27.855656,50.40231,5.362684000000002,True,126406_30,126406_121
