game_id,period_id,episode_id,time_seconds,team_id,player_id,action_id,type_name,result_name,start_x,start_y,end_x,end_y,is_home,game_episode,phase
126406,2,43,1069.7000000000005,4639,491811,2132,Pass,Successful,44.517165,29.385656000000004,44.46813,39.365064,False,126406_43,126406_152
126406,2,43,1105.745,4639,345446,2160,Carry,,61.95252,40.269872,61.87944,46.002612,False,126406_43,126406_152
126406,2,43,1115.533,4639,77828,2166,Pass,Successful,67.574955,64.7528436,68.66412,60.22556,False,126406_43,126406_154
