game_id,period_id,episode_id,time_seconds,team_id,player_id,action_id,type_name,result_name,start_x,start_y,end_x,end_y,is_home,game_episode,phase
126443,1,11,877.534,2354,500147,518,Carry,,55.528305,27.220468000000004,55.453860000000006,30.263060000000003,True,126443_11,126443_4
126443,1,11,894.196,2354,250036,533,Pass,Successful,53.46012,37.973988000000006,82.674795,5.445507999999997,True,126443_11,126443_4
126443,1,11,901.023,2354,144570,536,Cross,Unsuccessful,93.431205,7.172640000000001,95.257155,19.1522,True,126443_11,126443_4
