game_id,period_id,episode_id,time_seconds,team_id,player_id,action_id,type_name,result_name,start_x,start_y,end_x,end_y,is_home,game_episode,phase
126436,1,36,2249.5,4646,356596,1041,Recovery,,19.88826,49.451708,21.42556500000001,44.665868,False,126436_36,126436_89
126436,1,36,2273.8,4646,356603,1062,Pass,Successful,71.37049499999999,21.26802,75.796035,1.2188999999999908,False,126436_36,126436_91
126436,1,36,2282.833,4641,73228,1066,Recovery,,43.73586,41.341824,43.73586,41.341824,True,126436_36,126436_92
126436,1,36,2282.8340000000003,4641,73228,1067,Carry,,43.73586,41.341824,52.05952500000001,41.277088,True,126436_36,126436_92
126436,1,36,2286.367,4646,356596,1068,Intervention,,52.94047499999999,26.722912,52.94047499999999,26.722912,False,126436_36,126436_93
126436,1,36,2288.067,4646,61645,1069,Recovery,,67.470165,38.790804,67.470165,38.790804,False,126436_36,126436_93
