game_id,period_id,episode_id,time_seconds,team_id,player_id,action_id,type_name,result_name,start_x,start_y,end_x,end_y,is_home,game_episode,phase
126436,2,57,895.067,4646,61616,1936,Throw-In,Successful,63.477855,0.0,69.13683,1.1916319999999985,False,126436_57,126436_181
126436,2,57,955.6950000000002,4641,187313,1989,Pass,Successful,44.806545,35.570868,51.705675,61.03408,True,126436_57,126436_184
126436,2,57,963.66,4641,187313,1994,Pass,Successful,43.74048,47.038456,51.159885,31.374384,True,126436_57,126436_184
126436,2,57,996.067,4646,61623,2027,Pass,Successful,29.917334999999994,33.679516,42.3129,34.006528,False,126436_57,126436_187
