game_id,period_id,episode_id,time_seconds,team_id,player_id,action_id,type_name,result_name,start_x,start_y,end_x,end_y,is_home,game_episode,phase
126373,2,52,705.9740000000002,4640,146174,1960,Pass,Successful,95.120025,64.2837252,62.645415,39.04628,False,126373_52,126373_156
126373,2,52,717.1130000000003,4640,354794,1965,Pass,Unsuccessful,27.76011,37.295008,73.891965,30.13828,False,126373_52,126373_156
126373,2,52,741.1669999999999,4640,500430,1991,Pass,Successful,29.739045000000004,16.379771999999996,40.38846000000001,22.949116,False,126373_52,126373_160
