game_id,period_id,episode_id,time_seconds,team_id,player_id,action_id,type_name,result_name,start_x,start_y,end_x,end_y,is_home,game_episode,phase
126373,2,45,173.18200000000024,4640,354794,1616,Pass,Successful,18.008759999999995,41.519372,26.54200499999999,34.512176,False,126373_45,126373_134
126373,2,45,195.6590000000001,4640,246402,1632,Pass,Successful,25.940985,34.690948,31.013955,47.866968,False,126373_45,126373_134
126373,2,45,204.30000000000013,2354,142109,1638,Intervention,,15.024765,17.582079999999998,15.024765,17.582079999999998,True,126373_45,126373_135
126373,2,45,213.8010000000002,2354,344558,1646,Carry,,35.329035000000005,37.281068,38.2452,36.387752,True,126373_45,126373_135
126373,2,45,215.16699999999992,2354,344558,1647,Pass,Successful,38.2452,36.387752,52.43574,30.549272,True,126373_45,126373_135
