game_id,period_id,episode_id,time_seconds,team_id,player_id,action_id,type_name,result_name,start_x,start_y,end_x,end_y,is_home,game_episode,phase
126412,2,65,2397.933,4639,77845,2733,Pass,Successful,55.8768,61.9268656,58.42914,49.513384,True,126412_65,126412_201
126412,2,65,2431.767,4639,142258,2756,Pass,Successful,15.87327,37.660372,18.778305,13.621147999999998,True,126412_65,126412_201
126412,2,65,2448.9680000000008,4643,500119,2770,Carry,,52.83033,23.092664,58.02825,21.317184,False,126412_65,126412_202
126412,2,65,2452.6000000000004,4643,528958,2773,Pass,Successful,70.88718,11.868175999999998,78.17050499999999,1.6357399999999984,False,126412_65,126412_202
126412,2,65,2468.5,4639,527819,2788,Interception,,13.046565,24.356784,13.046565,24.356784,True,126412_65,126412_203
126412,2,65,2479.3680000000004,4643,187259,2800,Carry,,81.41227500000001,16.883039999999994,92.207325,16.405204000000005,False,126412_65,126412_206
126412,2,65,2482.068,4639,77845,2803,Carry,,11.730915,50.301572,22.8942,60.781596,True,126412_65,126412_207
