game_id,period_id,episode_id,time_seconds,team_id,player_id,action_id,type_name,result_name,start_x,start_y,end_x,end_y,is_home,game_episode,phase
126412,1,30,2182.467,4639,345446,1188,Pass,Successful,63.75537,17.595475999999998,72.666825,12.273252,True,126412_30,126412_77
126412,1,30,2183.5,4643,343590,1189,Tackle,Unsuccessful,32.098815,55.08986,32.098815,55.08986,False,126412_30,126412_78
