game_id,period_id,episode_id,time_seconds,team_id,player_id,action_id,type_name,result_name,start_x,start_y,end_x,end_y,is_home,game_episode,phase
126412,2,41,62.0329999999999,4639,142258,1552,Goal Kick,Successful,4.6745685,27.625068,16.27668,10.464928,True,126412_41,126412_107
126412,2,41,108.16699999999992,4639,187316,1579,Pass,Successful,38.330985000000005,11.464460000000004,44.13087,20.206812,True,126412_41,126412_107
126412,2,41,111.90000000000008,4639,345446,1582,Pass,Successful,41.724795,26.08208,39.946725,43.235148,True,126412_41,126412_107
126412,2,41,117.067,4639,527819,1585,Pass,Successful,50.298675,47.852552,65.616705,61.5991192,True,126412_41,126412_107
