game_id,period_id,episode_id,time_seconds,team_id,player_id,action_id,type_name,result_name,start_x,start_y,end_x,end_y,is_home,game_episode,phase
126412,2,72,3012.767,4643,145673,3114,Interception,,9.3154215,32.27756,9.3154215,32.27756,False,126412_72,126412_240
126412,2,72,3023.467000000001,4643,187259,3122,Pass,Successful,36.75535500000001,4.348667999999996,43.31145,11.61168,False,126412_72,126412_242
