game_id,period_id,episode_id,time_seconds,team_id,player_id,action_id,type_name,result_name,start_x,start_y,end_x,end_y,is_home,game_episode,phase
126412,1,27,1908.901,4643,500115,992,Carry,,34.812434999999994,53.885648,40.19694,52.66226,False,126412_27,126412_60
126412,1,27,1913.733,4639,77845,995,Pass,Successful,29.150205,58.909964,35.81949,56.147396,True,126412_27,126412_61
