game_id,period_id,episode_id,time_seconds,team_id,player_id,action_id,type_name,result_name,start_x,start_y,end_x,end_y,is_home,game_episode,phase
126412,2,54,1307.667,4643,500115,2223,Throw-In,Successful,13.033230000000003,68.0,19.138665000000003,61.6438224,False,126412_54,126412_160
126412,2,54,1328.401,4643,408792,2238,Carry,,53.301465,22.673852000000004,54.058935000000005,27.262083999999994,False,126412_54,126412_160
126412,2,54,1340.2330000000002,4643,145673,2247,Pass,Successful,56.107905,53.96922,55.518225,25.442268,False,126412_54,126412_160
