game_id,period_id,episode_id,time_seconds,team_id,player_id,action_id,type_name,result_name,start_x,start_y,end_x,end_y,is_home,game_episode,phase
126412,1,3,160.5,4643,145673,83,Pass,Successful,12.03846,6.4345,2.2671074999999945,19.537216,False,126412_3,126412_74
126412,1,3,188.333,4639,187316,103,Pass,Successful,48.802635,10.422972,53.570685000000005,18.253852,True,126412_3,126412_75
126412,1,3,223.666,4639,527819,121,Pass,Successful,43.058925,49.649792000000005,57.4455,65.2135368,True,126412_3,126412_75
126412,1,3,225.967,4639,77845,123,Pass,Unsuccessful,56.99841000000001,62.278548,57.884715,63.178732,True,126412_3,126412_75
