game_id,period_id,episode_id,time_seconds,team_id,player_id,action_id,type_name,result_name,start_x,start_y,end_x,end_y,is_home,game_episode,phase
126412,2,60,1615.001,4643,528960,2361,Carry,,65.866815,16.455455999999998,66.28104,13.351528000000002,False,126412_60,126412_170
126412,2,60,1641.3330000000003,4643,500115,2383,Pass,Successful,73.255665,47.282848,73.97334000000001,21.624884,False,126412_60,126412_172
126412,2,60,1666.2669999999998,4643,500121,2404,Tackle,Unsuccessful,25.148655000000005,0.2176000000000044,25.148655000000005,0.2176000000000044,False,126412_60,126412_178
