game_id,period_id,episode_id,time_seconds,team_id,player_id,action_id,type_name,result_name,start_x,start_y,end_x,end_y,is_home,game_episode,phase
126412,2,69,2764.0,4639,491801,2942,Pass,Successful,57.422715,66.3508028,55.145895,62.9747456,True,126412_69,126412_217
126412,2,69,2765.701,4643,528960,2947,Carry,,44.58909,8.174687999999996,44.229045,22.42096,False,126412_69,126412_218
126412,2,69,2775.9660000000003,4639,187316,2951,Pass,Successful,55.018215,46.952368,16.382625,23.93144400000001,True,126412_69,126412_219
