game_id,period_id,episode_id,time_seconds,team_id,player_id,action_id,type_name,result_name,start_x,start_y,end_x,end_y,is_home,game_episode,phase
126285,2,65,806.934,316,187326,1788,Carry,,81.17466,26.569572,87.214995,21.765372,False,126285_65,126285_226
126285,2,65,833.2970000000003,316,344467,1810,Carry,,29.950095000000005,36.790244,33.10670999999999,34.177004000000004,False,126285_65,126285_228
126285,2,65,836.3670000000002,316,344467,1811,Pass,Successful,33.10670999999999,34.177004000000004,34.11198,46.797396,False,126285_65,126285_228
126285,2,65,843.8000000000002,316,77579,1818,Pass,Successful,35.604555000000005,55.060008,30.541560000000004,42.45648,False,126285_65,126285_228
126285,2,65,845.4000000000001,316,344467,1820,Pass,Successful,30.123555,43.427248,28.871115000000003,55.444684,False,126285_65,126285_228
126285,2,65,859.7330000000002,316,62009,1831,Pass,Unsuccessful,51.37209,4.255576000000005,61.50805499999999,14.333244,False,126285_65,126285_228
126285,2,65,862.5999999999999,4648,500133,1834,Pass,Successful,44.024085,62.3127316,44.71866,67.67480768,True,126285_65,126285_229
