game_id,period_id,episode_id,time_seconds,team_id,player_id,action_id,type_name,result_name,start_x,start_y,end_x,end_y,is_home,game_episode,phase
126285,1,19,1101.967,316,248890,566,Tackle,Unsuccessful,71.34371999999999,43.75868,71.34371999999999,43.75868,False,126285_19,126285_58
126285,1,19,1110.967,316,143410,575,Intervention,,46.18299,50.49476,46.18299,50.49476,False,126285_19,126285_60
126285,1,19,1115.367,4648,250101,578,Intervention,,63.44383499999999,26.82566,63.44383499999999,26.82566,True,126285_19,126285_61
