game_id,period_id,episode_id,time_seconds,team_id,player_id,action_id,type_name,result_name,start_x,start_y,end_x,end_y,is_home,game_episode,phase
126297,2,70,1136.0,4641,500586,2012,Throw-In,Successful,59.90229,0.0,70.678125,15.761516,False,126297_70,4923
126297,2,70,1138.2330000000002,4641,73228,2014,Take-On,Unsuccessful,70.678125,15.761516,70.678125,15.761516,False,126297_70,4923
126297,2,70,1138.5,316,77579,2015,Tackle,Successful,33.0624,50.38732,33.0624,50.38732,True,126297_70,4924
126297,2,70,1138.5,316,77579,2016,Interception,,33.0624,50.38732,33.0624,50.38732,True,126297_70,4924
126297,2,70,1138.501,316,77579,2017,Carry,,33.0624,50.38732,34.42068,44.186876,True,126297_70,4924
126297,2,70,1140.067,316,77579,2018,Pass,Successful,34.42068,44.186876,34.26759,38.277744,True,126297_70,4924
126297,2,70,1141.6330000000005,316,161110,2020,Pass,Successful,35.497245,36.291056,64.20750000000001,8.511219999999994,True,126297_70,4924
126297,2,70,1144.001,316,62038,2022,Carry,,64.20750000000001,8.511219999999994,74.98785,1.163412000000008,True,126297_70,4924
126297,2,70,1146.3670000000002,316,62038,2023,Pass,Unsuccessful,74.98785,1.163412000000008,89.1765,19.181304000000004,True,126297_70,4924
