game_id,period_id,episode_id,time_seconds,team_id,player_id,action_id,type_name,result_name,start_x,start_y,end_x,end_y,is_home,game_episode,phase
126295,2,46,632.2000000000003,4643,83615,1945,Pass_Freekick,Successful,45.259515,59.029168,44.148825,49.3578,False,126295_46,4239
126295,2,46,633.4010000000001,4643,500113,1947,Carry,,44.148825,49.3578,55.46404499999999,44.913524,False,126295_46,4239
126295,2,46,637.0,4643,500113,1948,Pass,Successful,55.46404499999999,44.913524,55.6374,23.964968,False,126295_46,4239
126295,2,46,638.568,4643,500114,1950,Carry,,55.6374,23.964968,56.87388,19.198984,False,126295_46,4239
126295,2,46,639.7670000000003,4643,500114,1951,Pass,Successful,56.87388,19.198984,61.151265,9.12084,False,126295_46,4239
