game_id,period_id,episode_id,time_seconds,team_id,player_id,action_id,type_name,result_name,start_x,start_y,end_x,end_y,is_home,game_episode,phase
126283,1,26,1913.646,4639,142258,1113,Pass_Freekick,Successful,7.181527500000001,38.573204,14.156835,32.323868,False,126283_26,104
126283,1,26,1915.101,4639,491803,1115,Carry,,14.156835,32.323868,16.9092,30.148548,False,126283_26,104
126283,1,26,1916.604,4639,491803,1116,Pass,Successful,16.9092,30.148548,22.685355,12.829016000000005,False,126283_26,104
126283,1,26,1919.403,4639,491810,1118,Pass,Successful,22.726935,13.412796,18.4842,29.556880000000007,False,126283_26,104
126283,1,26,1921.709,4639,491803,1120,Pass,Successful,18.384765,30.536828,22.33644,56.164736,False,126283_26,104
126283,1,26,1924.133,4639,250899,1122,Pass,Successful,22.14323999999999,57.195956,34.97938500000001,68.0,False,126283_26,104
126283,1,26,1925.997,4639,77845,1124,Pass,Unsuccessful,35.302260000000004,68.0,38.248035,68.0,False,126283_26,104
126283,1,26,1926.467,2354,142106,1125,Block,,67.87462500000001,0.0,67.87462500000001,0.0,True,126283_26,105
126283,1,26,1926.933,4639,77845,1126,Recovery,,36.92934,65.6136352,36.92934,65.6136352,False,126283_26,106
126283,1,26,1927.77,4639,77845,1127,Pass,Successful,37.73595,63.2314184,50.09277,55.171936,False,126283_26,106
126283,1,26,1930.3,4639,491802,1129,Pass,Successful,49.346115000000005,57.541328,46.175115,51.61982,False,126283_26,106
126283,1,26,1931.949,4639,77845,1131,Pass,Successful,46.71429,51.250648,47.930715000000006,39.451152,False,126283_26,106
126283,1,26,1933.658,4639,407605,1133,Pass,Successful,49.178955,41.417984,37.462215,36.298468,False,126283_26,106
126283,1,26,1935.8,4639,491803,1135,Pass,Successful,37.462215,36.298468,39.566835,14.489643999999998,False,126283_26,106
126283,1,26,1937.768,4639,491810,1137,Carry,,39.566835,14.489643999999998,48.173265,13.466516,False,126283_26,106
126283,1,26,1942.121,4639,491810,1138,Pass,Successful,48.173265,13.466516,50.741985,25.730996,False,126283_26,106
126283,1,26,1943.4,4639,188348,1140,Pass,Unsuccessful,50.741985,25.730996,69.3462,30.366352,False,126283_26,106
