game_id,period_id,episode_id,time_seconds,team_id,player_id,action_id,type_name,result_name,start_x,start_y,end_x,end_y,is_home,game_episode,phase
126288,1,11,545.667,4644,62082,277,Goal Kick,Successful,3.378564,26.46322,8.790705,40.934028,True,126288_11,1751
126288,1,11,548.446,4644,412005,279,Pass,Successful,10.84566,43.09772,23.09706,61.4861236,True,126288_11,1751
126288,1,11,550.3969999999999,4644,500520,281,Carry,,23.09706,61.4861236,27.71496,65.8710016,True,126288_11,1751
126288,1,11,552.417,4644,500520,282,Pass,Successful,27.71496,65.8710016,55.30549500000001,43.916984,True,126288_11,1751
126288,1,11,554.667,4644,62114,284,Pass,Successful,55.30549500000001,43.916984,62.57989499999999,63.2113244,True,126288_11,1751
