game_id,period_id,episode_id,time_seconds,team_id,player_id,action_id,type_name,result_name,start_x,start_y,end_x,end_y,is_home,game_episode,phase
126294,2,57,496.3000000000002,316,188267,1881,Throw-In,Unsuccessful,75.046335,68.0,87.6456,50.522028,True,126294_57,3887
126294,2,57,497.8670000000002,4646,146185,1882,Interception,,16.809134999999998,18.026664,24.254580000000004,9.366388,False,126294_57,3888
126294,2,57,497.8670000000002,4646,146185,1883,Pass,Successful,16.809134999999998,18.026664,24.254580000000004,9.366388,False,126294_57,3888
126294,2,57,498.933,4646,356607,1885,Pass,Unsuccessful,24.254580000000004,9.366388,36.100995,17.423232,False,126294_57,3888
126294,2,57,500.0329999999999,316,187326,1886,Recovery,,68.931345,50.393984,68.931345,50.393984,True,126294_57,3889
126294,2,57,500.5999999999999,316,187326,1887,Pass,Successful,67.94067,52.19476,69.65259,63.9300028,True,126294_57,3889
126294,2,57,501.7000000000003,316,188267,1889,Pass,Successful,69.65259,63.9300028,78.32139,62.6677868,True,126294_57,3889
126294,2,57,502.5999999999999,316,161110,1891,Pass,Successful,78.32139,62.6677868,80.7177,55.949584,True,126294_57,3889
126294,2,57,504.13300000000027,316,500124,1893,Pass,Successful,83.091645,55.975152,90.51,56.502492,True,126294_57,3889
