game_id,period_id,episode_id,time_seconds,team_id,player_id,action_id,type_name,result_name,start_x,start_y,end_x,end_y,is_home,game_episode,phase
126290,1,17,825.333,4639,77845,524,Throw-In,Unsuccessful,9.193737,68.0,31.36497,61.8824684,True,126290_17,2464
126290,1,17,827.167,4644,62086,525,Duel,Successful,73.80575999999999,7.65578,73.80575999999999,7.65578,False,126290_17,2465
126290,1,17,829.2330000000001,4644,342719,526,Recovery,,66.21657,5.461351999999998,91.456575,4.624476000000001,False,126290_17,2465
126290,1,17,829.2330000000001,4644,342719,527,Pass,Unsuccessful,66.21657,5.461351999999998,91.456575,4.624476000000001,False,126290_17,2465
