game_id,period_id,episode_id,time_seconds,team_id,player_id,action_id,type_name,result_name,start_x,start_y,end_x,end_y,is_home,game_episode,phase
126298,2,80,3331.067,4648,250079,2933,Pass_Freekick,Unsuccessful,39.150090000000006,26.074532000000005,86.67729,47.771632,False,126298_80,5299
126298,2,80,3334.0,4639,250899,2934,Duel,Successful,19.292595,21.255304,19.292595,21.255304,True,126298_80,5300
126298,2,80,3336.088,4639,250902,2935,Recovery,,22.04958,11.408835999999994,22.04958,11.408835999999994,True,126298_80,5300
126298,2,80,3336.089,4639,250902,2936,Carry,,22.04958,11.408835999999994,18.208785,5.049475999999999,True,126298_80,5300
126298,2,80,3337.8,4639,250902,2937,Pass,Unsuccessful,18.208785,5.049475999999999,20.34627,5.089868000000003,True,126298_80,5300
