game_id,period_id,episode_id,time_seconds,team_id,player_id,action_id,type_name,result_name,start_x,start_y,end_x,end_y,is_home,game_episode,phase
126288,2,89,2710.867,4644,500520,2615,Throw-In,Successful,66.03408,68.0,52.91958,53.838184,True,126288_89,2051
126288,2,89,2713.3680000000004,4644,342719,2617,Carry,,52.91958,53.838184,53.23059,50.260364,True,126288_89,2051
126288,2,89,2714.2,4644,342719,2618,Pass,Successful,53.23059,50.260364,59.469165,39.682692,True,126288_89,2051
126288,2,89,2715.3680000000004,4644,500505,2620,Carry,,59.469165,39.682692,59.011995000000006,34.923644,True,126288_89,2051
126288,2,89,2716.9000000000005,4644,500505,2621,Pass,Successful,59.011995000000006,34.923644,58.552620000000005,10.06604,True,126288_89,2051
126288,2,89,2719.633,4644,250055,2623,Pass,Unsuccessful,58.443,8.564191999999998,69.640725,2.3744240000000048,True,126288_89,2051
