game_id,period_id,episode_id,time_seconds,team_id,player_id,action_id,type_name,result_name,start_x,start_y,end_x,end_y,is_home,game_episode,phase
126297,1,1,1.433,316,286696,0,Pass,Successful,52.43637,34.595952,41.578635,30.823719999999994,True,126297_1,4686
126297,1,1,3.133,316,161110,2,Pass,Successful,41.5863,31.63938,38.150175,43.408752,True,126297_1,4686
126297,1,1,5.7330000000000005,316,500129,4,Pass,Successful,36.390165,42.277572,28.37583,23.34304,True,126297_1,4686
126297,1,1,7.933,316,500125,6,Pass,Successful,28.687785,21.313987999999995,49.07133,18.232364,True,126297_1,4686
