game_id,period_id,episode_id,time_seconds,team_id,player_id,action_id,type_name,result_name,start_x,start_y,end_x,end_y,is_home,game_episode,phase
126287,2,80,2215.2,4643,500502,2440,Throw-In,Successful,32.583075,0.0,37.877385,6.734856000000001,True,126287_80,1655
126287,2,80,2216.3010000000004,4643,500113,2442,Carry,,37.877385,6.734856000000001,35.09016,10.579847999999998,True,126287_80,1655
126287,2,80,2217.366,4643,500113,2443,Pass,Successful,35.09016,10.579847999999998,19.930575,27.50396,True,126287_80,1655
126287,2,80,2219.3010000000004,4643,500115,2445,Carry,,19.930575,27.50396,18.11691,33.05548,True,126287_80,1655
126287,2,80,2222.267,4643,500115,2446,Pass,Successful,18.11691,33.05548,31.717245,26.708428,True,126287_80,1655
