game_id,period_id,episode_id,time_seconds,team_id,player_id,action_id,type_name,result_name,start_x,start_y,end_x,end_y,is_home,game_episode,phase
126297,2,69,1118.3000000000002,4641,250959,1998,Pass_Freekick,Successful,46.2588,40.438784,46.598685,53.902852,False,126297_69,4921
126297,2,69,1119.6330000000005,4641,187313,2000,Pass,Successful,46.598685,53.902852,55.309485,57.970544,False,126297_69,4921
126297,2,69,1120.8010000000002,4641,346037,2002,Carry,,55.309485,57.970544,63.222285,47.526492,False,126297_69,4921
126297,2,69,1123.6,316,161110,2003,Intervention,,41.777715,20.473508,41.777715,20.473508,True,126297_69,4922
126297,2,69,1126.333,316,286696,2004,Recovery,,49.2891,29.352608000000004,44.30076,45.674104,True,126297_69,4922
126297,2,69,1126.333,316,286696,2005,Pass,Successful,49.2891,29.352608000000004,44.30076,45.674104,True,126297_69,4922
126297,2,69,1128.6340000000002,316,187326,2007,Carry,,44.30076,45.674104,45.91545,48.90186,True,126297_69,4922
126297,2,69,1129.6330000000005,316,187326,2008,Pass,Successful,45.91545,48.90186,52.320135,66.151012,True,126297_69,4922
126297,2,69,1132.167,316,503173,2010,Pass,Unsuccessful,51.40527,66.933488,42.18816,67.80939668,True,126297_69,4922
