game_id,period_id,episode_id,time_seconds,team_id,player_id,action_id,type_name,result_name,start_x,start_y,end_x,end_y,is_home,game_episode,phase
126295,2,77,2969.567,4643,85175,3077,Goal Kick,Successful,4.590389999999999,39.360168,7.678492500000004,52.576036,False,126295_77,4359
126295,2,77,2970.8010000000004,4643,500115,3079,Carry,,7.678492500000004,52.576036,19.050884999999997,60.398484,False,126295_77,4359
126295,2,77,2973.8,4643,500115,3080,Pass,Successful,19.050884999999997,60.398484,36.142995,63.3083944,False,126295_77,4359
126295,2,77,2975.067,4643,343587,3082,Pass,Unsuccessful,36.142995,63.3083944,57.33924,42.129604,False,126295_77,4359
126295,2,77,2978.433,4657,500484,3083,Recovery,,47.66076,25.870396,47.66076,25.870396,True,126295_77,4360
126295,2,77,2978.434,4657,500484,3084,Carry,,47.66076,25.870396,44.86251,30.987872000000003,True,126295_77,4360
126295,2,77,2980.067,4657,500484,3085,Pass,Successful,44.86251,30.987872000000003,22.403325,29.78468,True,126295_77,4360
126295,2,77,2982.534000000001,4657,250167,3087,Carry,,22.403325,29.78468,38.95311,15.997611999999997,True,126295_77,4360
126295,2,77,2989.767,4657,250167,3088,Pass,Successful,38.95311,15.997611999999997,84.36896999999999,30.220492,True,126295_77,4360
