game_id,period_id,episode_id,time_seconds,team_id,player_id,action_id,type_name,result_name,start_x,start_y,end_x,end_y,is_home,game_episode,phase
126297,2,47,36.534999999999854,4641,355790,1415,Pass_Freekick,Successful,53.52144,28.766992,57.10194,48.935588,False,126297_47,4845
126297,2,47,38.20100000000027,4641,187313,1417,Carry,,57.10194,48.935588,58.307235,51.946832,False,126297_47,4845
126297,2,47,39.26299999999992,4641,187313,1418,Pass,Successful,58.307235,51.946832,66.95975999999999,65.4075068,False,126297_47,4845
126297,2,47,40.58400000000008,4641,360162,1420,Carry,,66.95975999999999,65.4075068,62.19192,62.7634492,False,126297_47,4845
126297,2,47,41.90000000000009,4641,360162,1421,Pass,Successful,62.19192,62.7634492,66.28020000000001,54.020288,False,126297_47,4845
126297,2,47,42.70100000000027,4641,250959,1423,Carry,,66.28020000000001,54.020288,74.890935,59.419828,False,126297_47,4845
126297,2,47,44.70000000000027,4641,250959,1424,Pass,Successful,74.890935,59.419828,90.235425,66.2369164,False,126297_47,4845
