game_id,period_id,episode_id,time_seconds,team_id,player_id,action_id,type_name,result_name,start_x,start_y,end_x,end_y,is_home,game_episode,phase
126296,2,42,87.36700000000019,4220,287282,1483,Throw-In,Successful,89.40183,0.0,88.00816499999999,5.5265640000000005,False,126296_42,4488
126296,2,42,89.23300000000017,4644,342722,1485,Tackle,Unsuccessful,19.079445,63.6844208,19.079445,63.6844208,True,126296_42,4489
126296,2,42,90.83300000000008,4644,342722,1486,Tackle,Unsuccessful,19.294275,63.1224552,19.294275,63.1224552,True,126296_42,4489
126296,2,42,91.80000000000018,4220,500549,1487,Pass,Successful,87.15430500000001,2.7282960000000003,89.079795,0.0,False,126296_42,4490
126296,2,42,93.433,4220,287282,1489,Pass,Successful,90.82185,0.0,93.299325,7.340260000000001,False,126296_42,4490
126296,2,42,96.13300000000028,4644,412005,1491,Tackle,Unsuccessful,11.91225,60.66722,11.91225,60.66722,True,126296_42,4491
126296,2,42,96.63300000000028,4644,250076,1492,Intervention,,10.889655,59.007816,10.889655,59.007816,True,126296_42,4491
126296,2,42,97.80000000000018,4644,412005,1493,Recovery,,13.193775,57.817544,13.193775,57.817544,True,126296_42,4491
126296,2,42,98.567,4644,412005,1494,Pass,Successful,13.863255,59.268052,27.371610000000004,64.0185728,True,126296_42,4491
