game_id,period_id,episode_id,time_seconds,team_id,player_id,action_id,type_name,result_name,start_x,start_y,end_x,end_y,is_home,game_episode,phase
126292,2,65,525.5,4657,250172,1567,Pass_Corner,Unsuccessful,105.0,1.3205600000000004,99.458625,38.848196,False,126292_65,3256
126292,2,65,527.6330000000003,4641,250957,1568,Aerial Clearance,Successful,5.8484475,30.350848,5.8484475,30.350848,True,126292_65,3257
126292,2,65,527.6330000000003,4641,250957,1569,Catch,,5.8484475,30.350848,5.8484475,30.350848,True,126292_65,3257
126292,2,65,527.6330000000003,4641,250957,1570,Interception,,5.8484475,30.350848,5.8484475,30.350848,True,126292_65,3257
126292,2,65,527.6340000000002,4641,250957,1571,Carry,,5.8484475,30.350848,15.629985,26.395696,True,126292_65,3257
126292,2,65,533.567,4641,250957,1572,Pass,Unsuccessful,15.629985,26.395696,67.71040500000001,68.0,True,126292_65,3257
