game_id,period_id,episode_id,time_seconds,team_id,player_id,action_id,type_name,result_name,start_x,start_y,end_x,end_y,is_home,game_episode,phase
126288,1,40,2620.333,4644,250055,1244,Throw-In,Successful,92.227275,0.0,93.23118,3.630588000000003,True,126288_40,1855
126288,1,40,2620.967,4644,342722,1246,Pass,Successful,93.23118,3.630588000000003,88.09689,1.1505599999999987,True,126288_40,1855
126288,1,40,2622.667,4644,250055,1248,Pass,Successful,88.135425,0.7459599999999966,92.993565,0.2290240000000096,True,126288_40,1855
