game_id,period_id,episode_id,time_seconds,team_id,player_id,action_id,type_name,result_name,start_x,start_y,end_x,end_y,is_home,game_episode,phase
126299,2,70,1367.793,4640,491837,2115,Throw-In,Successful,77.97793499999999,0.130831999999998,78.10593,6.367111999999999,False,126299_70,5542
126299,2,70,1369.4,4640,215818,2117,Pass,Successful,75.446595,6.905263999999995,71.02305,21.132292,False,126299_70,5542
126299,2,70,1371.958,4640,146174,2119,Pass,Successful,72.460605,23.453064000000005,71.756055,38.708796,False,126299_70,5542
126299,2,70,1374.618,4640,61913,2121,Pass,Unsuccessful,72.93299999999999,40.954224,97.508565,24.19202,False,126299_70,5542
126299,2,70,1376.6,2353,356609,2122,Interception,,7.7302155,43.941464,7.7302155,43.941464,True,126299_70,5543
126299,2,70,1376.6,2353,356609,2123,Clearance,,7.7302155,43.941464,30.32001,35.26514,True,126299_70,5543
126299,2,70,1378.3670000000002,2353,356621,2124,Duel,Successful,20.90613,46.5358,20.90613,46.5358,True,126299_70,5543
126299,2,70,1380.3000000000002,4640,146174,2125,Recovery,,74.67999,32.73486,74.67999,32.73486,False,126299_70,5544
126299,2,70,1381.375,4640,146174,2126,Pass,Unsuccessful,72.529695,30.825216000000005,80.21044499999999,17.926432,False,126299_70,5544
