game_id,period_id,episode_id,time_seconds,team_id,player_id,action_id,type_name,result_name,start_x,start_y,end_x,end_y,is_home,game_episode,phase
126291,1,38,2824.743,2353,356614,1532,Throw-In,Successful,67.97784,68.0,59.35251,58.888408,True,126291_38,2889
126291,1,38,2826.4440000000004,2353,356612,1534,Carry,,59.35251,58.888408,58.953195,50.872092,True,126291_38,2889
126291,1,38,2828.76,2353,356612,1535,Pass,Successful,58.953195,50.872092,60.83154,32.58254,True,126291_38,2889
126291,1,38,2830.6090000000004,2353,356619,1537,Carry,,60.83154,32.58254,65.61177,28.424884,True,126291_38,2889
126291,1,38,2832.872,2353,356619,1538,Pass,Successful,65.61177,28.424884,64.399125,6.576279999999997,True,126291_38,2889
126291,1,38,2835.698,2353,500569,1540,Pass,Successful,64.329195,6.8273360000000025,71.244075,19.714084,True,126291_38,2889
