game_id,period_id,episode_id,time_seconds,team_id,player_id,action_id,type_name,result_name,start_x,start_y,end_x,end_y,is_home,game_episode,phase
126290,1,35,2172.6330000000003,4644,250076,1347,Throw-In,Unsuccessful,41.007435,68.0,60.147465,61.176472,False,126290_35,2551
126290,1,35,2174.367,4639,491801,1348,Interception,,44.73441,7.754855999999997,56.127015,2.7377479999999963,True,126290_35,2552
126290,1,35,2174.367,4639,491801,1349,Pass,Successful,44.73441,7.754855999999997,56.127015,2.7377479999999963,True,126290_35,2552
126290,1,35,2175.7,4639,345444,1351,Pass,Successful,56.127015,2.7377479999999963,66.99525,10.215232,True,126290_35,2552
