game_id,period_id,episode_id,time_seconds,team_id,player_id,action_id,type_name,result_name,start_x,start_y,end_x,end_y,is_home,game_episode,phase
126291,2,85,3175.767,2354,500143,3090,Throw-In,Successful,73.52982,68.0,86.14683,61.170828,False,126291_85,3062
126291,2,85,3177.1680000000006,2354,187292,3092,Carry,,86.14683,61.170828,85.383165,64.7069572,False,126291_85,3062
126291,2,85,3178.233,2354,187292,3093,Pass,Successful,85.383165,64.7069572,87.67416,66.5908972,False,126291_85,3062
126291,2,85,3179.067,2354,358583,3094,Duel,Successful,87.67416,66.5908972,87.67416,66.5908972,False,126291_85,3062
126291,2,85,3180.0,2354,358583,3096,Pass,Successful,86.934225,68.0,91.543095,64.7467168,False,126291_85,3062
126291,2,85,3181.3010000000004,2354,187292,3098,Carry,,91.543095,64.7467168,96.23733,65.8816096,False,126291_85,3062
126291,2,85,3186.5330000000004,2354,187292,3099,Pass,Successful,96.23733,65.8816096,99.57633,65.8878316,False,126291_85,3062
