game_id,period_id,episode_id,time_seconds,team_id,player_id,action_id,type_name,result_name,start_x,start_y,end_x,end_y,is_home,game_episode,phase
126292,1,15,713.633,4641,250959,372,Pass_Freekick,Successful,66.14643000000001,37.86818,69.21894,50.090772,True,126292_15,3115
126292,1,15,714.801,4641,360162,374,Carry,,69.21894,50.090772,76.320615,53.370276,True,126292_15,3115
126292,1,15,716.5,4641,360162,375,Pass,Successful,76.320615,53.370276,88.42911,64.8652068,True,126292_15,3115
