game_id,period_id,episode_id,time_seconds,team_id,player_id,action_id,type_name,result_name,start_x,start_y,end_x,end_y,is_home,game_episode,phase
126294,1,17,970.033,316,77579,579,Pass_Freekick,Successful,24.987165,53.809964,22.060185,35.1917,True,126294_17,3775
126294,1,17,971.434,316,344467,581,Carry,,22.060185,35.1917,26.0022,31.057028000000003,True,126294_17,3775
126294,1,17,973.5,316,344467,582,Pass,Successful,26.0022,31.057028000000003,33.618795,4.566744,True,126294_17,3775
126294,1,17,975.601,316,62009,584,Carry,,33.618795,4.566744,32.96328,9.235895999999997,True,126294_17,3775
126294,1,17,977.948,316,62009,585,Pass,Successful,32.96328,9.235895999999997,27.956355,18.4841,True,126294_17,3775
126294,1,17,979.568,316,344467,587,Carry,,27.956355,18.4841,35.38647,17.364819999999995,True,126294_17,3775
126294,1,17,981.867,316,344467,588,Pass,Successful,35.38647,17.364819999999995,39.296145,5.165552000000005,True,126294_17,3775
126294,1,17,983.134,316,62009,590,Carry,,39.296145,5.165552000000005,43.8816,3.4241400000000084,True,126294_17,3775
126294,1,17,986.299,316,62009,591,Pass,Successful,43.8816,3.4241400000000084,31.654245,14.491208,True,126294_17,3775
126294,1,17,988.001,316,344467,593,Carry,,31.654245,14.491208,32.02248,19.486216,True,126294_17,3775
126294,1,17,989.766,316,344467,594,Pass,Successful,32.02248,19.486216,28.714455,36.011576,True,126294_17,3775
126294,1,17,991.168,316,77579,596,Carry,,28.714455,36.011576,45.872925,39.1629,True,126294_17,3775
126294,1,17,999.843,316,77579,597,Pass,Successful,45.872925,39.1629,44.749635,21.39416,True,126294_17,3775
126294,1,17,1002.705,316,344467,599,Pass,Successful,46.32096,20.364028000000005,52.716615,24.3457,True,126294_17,3775
126294,1,17,1003.52,316,501836,601,Pass,Successful,52.716615,24.3457,50.202495,2.8776239999999973,True,126294_17,3775
126294,1,17,1005.887,316,62009,603,Pass,Successful,51.17784,2.370276000000004,89.84493,14.087832,True,126294_17,3775
