game_id,period_id,episode_id,time_seconds,team_id,player_id,action_id,type_name,result_name,start_x,start_y,end_x,end_y,is_home,game_episode,phase
126284,2,55,1116.7330000000002,4640,491837,2087,Throw-In,Successful,76.31672999999999,0.0,64.252125,17.695436,True,126284_55,551
126284,2,55,1119.7330000000002,4640,246402,2089,Pass,Successful,64.252125,17.695436,56.095095,3.205724000000004,True,126284_55,551
126284,2,55,1121.7010000000002,4640,354791,2091,Carry,,56.095095,3.205724000000004,59.50245,3.553067999999996,True,126284_55,551
126284,2,55,1122.7330000000002,4640,354791,2092,Pass,Successful,59.50245,3.553067999999996,84.106575,1.062092000000007,True,126284_55,551
