game_id,period_id,episode_id,time_seconds,team_id,player_id,action_id,type_name,result_name,start_x,start_y,end_x,end_y,is_home,game_episode,phase
126289,2,59,1166.8670000000002,4640,61921,2011,Throw-In,Unsuccessful,97.186215,0.0,101.68494,25.533864,False,126289_59,2315
126289,2,59,1170.3670000000002,4220,500552,2013,Catch,,3.293766,42.36434,3.293766,42.36434,True,126289_59,2316
126289,2,59,1170.3670000000002,4220,500552,2014,Interception,,3.293766,42.36434,3.293766,42.36434,True,126289_59,2316
126289,2,59,1172.4,4220,500552,2015,Pass,Successful,6.050351999999999,43.110912,16.70487,26.3296,True,126289_59,2316
126289,2,59,1174.3680000000002,4220,287282,2017,Carry,,16.70487,26.3296,49.173915,16.123412000000002,True,126289_59,2316
126289,2,59,1178.9,4220,287282,2018,Pass,Successful,49.173915,16.123412000000002,65.532705,0.1969959999999986,True,126289_59,2316
126289,2,59,1180.2680000000005,4220,500534,2020,Carry,,65.532705,0.1969959999999986,76.510245,5.146104000000001,True,126289_59,2316
126289,2,59,1184.567,4220,500534,2021,Pass,Successful,76.510245,5.146104000000001,62.03988,15.012700000000002,True,126289_59,2316
126289,2,59,1187.076,4220,500554,2023,Pass,Successful,63.00798,17.405347999999996,64.4448,32.868276,True,126289_59,2316
126289,2,59,1188.468,4220,354812,2025,Carry,,64.4448,32.868276,68.333475,35.706052,True,126289_59,2316
126289,2,59,1190.1330000000005,4220,354812,2026,Pass,Successful,68.333475,35.706052,77.262255,42.373316,True,126289_59,2316
126289,2,59,1191.067,4220,500549,2028,Pass,Unsuccessful,77.262255,42.373316,94.996965,41.736224,True,126289_59,2316
