game_id,period_id,episode_id,time_seconds,team_id,player_id,action_id,type_name,result_name,start_x,start_y,end_x,end_y,is_home,game_episode,phase
126291,2,69,2081.933,2354,344557,2501,Throw-In,Unsuccessful,43.34169,0.1371560000000045,53.6529,4.052256,False,126291_69,3000
126291,2,69,2082.9080000000004,2353,356614,2502,Interception,,50.731905,64.64607,55.57020000000001,64.6775948,True,126291_69,3001
126291,2,69,2082.9080000000004,2353,356614,2503,Pass,Successful,50.731905,64.64607,55.57020000000001,64.6775948,True,126291_69,3001
126291,2,69,2083.8820000000005,2353,356611,2504,Duel,Successful,55.57020000000001,64.6775948,66.754485,62.1508712,True,126291_69,3001
126291,2,69,2083.8820000000005,2353,356611,2506,Pass,Successful,55.57020000000001,64.6775948,66.754485,62.1508712,True,126291_69,3001
126291,2,69,2083.967000000001,2354,500153,2507,Tackle,Unsuccessful,49.23471,3.6694159999999982,49.23471,3.6694159999999982,False,126291_69,3002
126291,2,69,2085.8010000000004,2353,356622,2509,Carry,,66.754485,62.1508712,86.812425,62.9317152,True,126291_69,3003
126291,2,69,2086.5330000000004,2354,344557,2510,Tackle,Unsuccessful,35.80037999999999,4.288283999999997,35.80037999999999,4.288283999999997,False,126291_69,3004
126291,2,69,2090.624,2353,356622,2511,Pass,Unsuccessful,86.812425,62.9317152,99.278445,55.273052,True,126291_69,3005
126291,2,69,2092.5330000000004,2354,500145,2512,Duel,Successful,5.379296999999994,12.720420000000004,5.379296999999994,12.720420000000004,False,126291_69,3006
126291,2,69,2092.5330000000004,2354,500145,2513,Tackle,Successful,5.379296999999994,12.720420000000004,5.379296999999994,12.720420000000004,False,126291_69,3006
126291,2,69,2092.5330000000004,2354,500145,2514,Interception,,5.379296999999994,12.720420000000004,5.379296999999994,12.720420000000004,False,126291_69,3006
126291,2,69,2093.633,2354,500145,2515,Pass,Successful,5.363883000000001,10.6811,11.80368,13.679764000000006,False,126291_69,3006
126291,2,69,2094.8330000000005,2354,61981,2517,Pass,Unsuccessful,12.650295,14.087899999999998,13.04961,0.0,False,126291_69,3006
