game_id,period_id,episode_id,time_seconds,team_id,player_id,action_id,type_name,result_name,start_x,start_y,end_x,end_y,is_home,game_episode,phase
126299,2,74,1529.2669999999998,4640,215818,2164,Pass_Freekick,Successful,70.04959500000001,4.559332000000005,71.71878,10.81982,False,126299_74,5550
126299,2,74,1531.3850000000002,4640,61913,2166,Pass,Successful,70.35588,12.215860000000006,95.785935,45.9816,False,126299_74,5550
126299,2,74,1533.7330000000002,4640,246402,2168,Pass,Unsuccessful,95.785935,45.9816,99.76365,37.544568,False,126299_74,5550
