game_id,period_id,episode_id,time_seconds,team_id,player_id,action_id,type_name,result_name,start_x,start_y,end_x,end_y,is_home,game_episode,phase
126284,2,58,1318.533,4657,500478,2177,Pass_Freekick,Successful,67.566765,20.901160000000004,71.52348,25.211816,False,126284_58,558
126284,2,58,1319.442,4657,500484,2179,Pass,Successful,71.52348,25.211816,63.66738,21.482696000000004,False,126284_58,558
126284,2,58,1320.8670000000002,4657,500478,2181,Pass,Successful,64.207815,21.054976000000003,59.530275,11.964260000000005,False,126284_58,558
126284,2,58,1323.033,4657,62633,2183,Pass,Successful,59.109435,11.439096,70.65082500000001,5.963940000000001,False,126284_58,558
126284,2,58,1324.2000000000005,4657,250183,2185,Pass,Successful,70.65082500000001,5.963940000000001,75.87468,8.396164000000006,False,126284_58,558
126284,2,58,1325.2340000000002,4657,500484,2187,Carry,,75.87468,8.396164000000006,79.06332,5.920828,False,126284_58,558
126284,2,58,1326.0,4657,500484,2188,Pass,Unsuccessful,79.06332,5.920828,80.84811,7.205008000000007,False,126284_58,558
