game_id,period_id,episode_id,time_seconds,team_id,player_id,action_id,type_name,result_name,start_x,start_y,end_x,end_y,is_home,game_episode,phase
126354,1,4,85.933,4639,187316,42,Throw-In,Successful,90.59547,0.0,101.91783,1.7010879999999986,True,126354_4,22654
126354,1,4,87.267,4639,345444,44,Pass,Unsuccessful,101.91783,1.7010879999999986,97.19325,3.797120000000007,True,126354_4,22654
