game_id,period_id,episode_id,time_seconds,team_id,player_id,action_id,type_name,result_name,start_x,start_y,end_x,end_y,is_home,game_episode,phase
126383,2,65,3157.1000000000004,4640,413675,3057,Throw-In,Successful,84.87423,0.0,59.001285,6.642987999999996,True,126383_65,31398
126383,2,65,3160.8,4640,146168,3059,Pass,Successful,59.001285,6.642987999999996,50.142225,22.062192,True,126383_65,31398
126383,2,65,3163.067,4640,354791,3061,Pass,Successful,50.142225,22.062192,49.498365,7.326931999999999,True,126383_65,31398
126383,2,65,3164.101000000001,4640,146168,3063,Carry,,49.498365,7.326931999999999,52.645425,3.847576000000004,True,126383_65,31398
126383,2,65,3165.4000000000005,4640,146168,3064,Pass,Successful,52.645425,3.847576000000004,93.45714,10.49138,True,126383_65,31398
