game_id,period_id,episode_id,time_seconds,team_id,player_id,action_id,type_name,result_name,start_x,start_y,end_x,end_y,is_home,game_episode,phase
126315,1,20,1368.367,2353,356609,622,Pass_Corner,Successful,105.0,0.2222239999999971,101.654175,0.9767520000000048,True,126315_20,10529
126315,1,20,1369.4,2353,356618,624,Cross,Unsuccessful,101.654175,0.9767520000000048,100.17105,36.431544,True,126315_20,10529
126315,1,20,1371.3,4648,500135,625,Duel,Successful,5.8368765000000025,33.500404,5.8368765000000025,33.500404,False,126315_20,10530
126315,1,20,1371.3,4648,500135,626,Interception,,5.8368765000000025,33.500404,5.8368765000000025,33.500404,False,126315_20,10530
126315,1,20,1371.3,4648,500135,627,Clearance,,5.8368765000000025,33.500404,15.877470000000002,46.031852,False,126315_20,10530
126315,1,20,1373.133,4648,77414,628,Recovery,,15.877470000000002,46.031852,15.877470000000002,46.031852,False,126315_20,10530
126315,1,20,1373.134,4648,77414,629,Carry,,15.877470000000002,46.031852,21.37065,40.908256,False,126315_20,10530
126315,1,20,1374.8,4648,500139,631,Pass,Successful,23.57061,42.593432,39.47370000000001,55.81712,False,126315_20,10530
