game_id,period_id,episode_id,time_seconds,team_id,player_id,action_id,type_name,result_name,start_x,start_y,end_x,end_y,is_home,game_episode,phase
126312,2,81,1556.3000000000002,4644,62105,2085,Throw-In,Successful,60.629415,0.0,72.984135,2.0846760000000017,False,126312_81,9618
126312,2,81,1557.8000000000002,4644,62086,2087,Pass,Successful,72.984135,2.0846760000000017,76.906095,15.064515999999998,False,126312_81,9618
