game_id,period_id,episode_id,time_seconds,team_id,player_id,action_id,type_name,result_name,start_x,start_y,end_x,end_y,is_home,game_episode,phase
126302,2,63,1333.933,4657,500480,2067,Pass_Freekick,Unsuccessful,72.282315,3.1257559999999955,90.886215,26.863604,False,126302_63,6456
126302,2,63,1335.3000000000002,4646,250148,2068,Interception,,11.87466,42.332176,11.87466,42.332176,True,126302_63,6457
126302,2,63,1335.3000000000002,4646,250148,2069,Clearance,,11.87466,42.332176,16.840845,35.12778,True,126302_63,6457
126302,2,63,1336.1,4646,356603,2070,Recovery,,16.840845,35.12778,16.840845,35.12778,True,126302_63,6457
126302,2,63,1336.101,4646,356603,2071,Carry,,16.840845,35.12778,18.31326,38.297872,True,126302_63,6457
126302,2,63,1337.2670000000005,4646,356603,2072,Pass,Successful,18.31326,38.297872,74.58916500000001,52.60956,True,126302_63,6457
126302,2,63,1342.433,4646,356597,2073,Duel,Successful,74.58916500000001,52.60956,74.58916500000001,52.60956,True,126302_63,6457
126302,2,63,1342.434,4646,356597,2075,Carry,,74.58916500000001,52.60956,84.14658,59.141232,True,126302_63,6457
126302,2,63,1346.5,4646,356597,2076,Pass,Successful,84.14658,59.141232,103.47939,46.941216,True,126302_63,6457
