game_id,period_id,episode_id,time_seconds,team_id,player_id,action_id,type_name,result_name,start_x,start_y,end_x,end_y,is_home,game_episode,phase
126374,1,16,756.633,4220,500534,421,Pass_Corner,Unsuccessful,105.0,0.7868959999999987,96.263475,40.974012,True,126374_16,28732
126374,1,16,758.867,4646,146189,422,Duel,Successful,8.969089499999995,27.301728,8.969089499999995,27.301728,False,126374_16,28733
126374,1,16,758.867,4646,146189,423,Block,,8.969089499999995,27.301728,8.969089499999995,27.301728,False,126374_16,28733
126374,1,16,759.833,4646,146188,425,Clearance,,8.384816999999998,30.017716,22.409310000000005,3.839939599999994,False,126374_16,28733
126374,1,16,764.2330000000001,4220,500549,426,Recovery,,82.59069,64.1600604,82.59069,64.1600604,True,126374_16,28734
126374,1,16,765.433,4220,500549,427,Cross,Successful,82.157355,63.933498,102.751215,24.650952000000004,True,126374_16,28734
126374,1,16,769.0,4220,500534,429,Pass,Unsuccessful,104.276445,26.761944,104.63985,27.942492,True,126374_16,28734
