game_id,period_id,episode_id,time_seconds,team_id,player_id,action_id,type_name,result_name,start_x,start_y,end_x,end_y,is_home,game_episode,phase
126369,2,58,1290.533,4646,356603,2167,Pass_Freekick,Successful,55.697355,59.758808,54.68379,61.5614608,True,126369_58,27330
126369,2,58,1292.3000000000002,4646,109160,2169,Pass,Successful,54.68379,61.5614608,55.100325000000005,57.699428,True,126369_58,27330
126369,2,58,1293.1,4646,356603,2171,Pass,Successful,55.100325000000005,57.699428,68.086515,66.4986008,True,126369_58,27330
126369,2,58,1295.6330000000005,4646,250145,2173,Pass,Unsuccessful,70.145985,67.50292816,79.54422,63.6033308,True,126369_58,27330
