game_id,period_id,episode_id,time_seconds,team_id,player_id,action_id,type_name,result_name,start_x,start_y,end_x,end_y,is_home,game_episode,phase
126302,1,40,2960.667,4657,357150,1377,Throw-In,Successful,68.293155,0.0,86.499315,4.795427999999994,False,126302_40,6378
126302,1,40,2962.3,4646,356599,1379,Intervention,,18.97077,62.675294,18.97077,62.675294,True,126302_40,6379
126302,1,40,2963.667,4646,161122,1381,Clearance,,14.926695,57.208468,11.27342999999999,60.574672,True,126302_40,6379
126302,1,40,2965.6,4657,250172,1382,Error,,93.72657,7.425328,93.72657,7.425328,False,126302_40,6380
126302,1,40,2966.0665,4646,161122,1383,Recovery,,5.749905,55.807872,5.749905,55.807872,True,126302_40,6381
126302,1,40,2966.533,4646,161122,1384,Clearance,,5.749905,55.807872,16.283924999999996,64.237356,True,126302_40,6381
126302,1,40,2968.567,4657,357150,1385,Recovery,,88.716075,3.7626439999999945,88.716075,3.7626439999999945,False,126302_40,6382
126302,1,40,2968.568,4657,357150,1386,Carry,,88.716075,3.7626439999999945,100.54317,3.8845000000000023,False,126302_40,6382
126302,1,40,2970.8,4657,357150,1387,Cross,Unsuccessful,100.54317,3.8845000000000023,100.8903,28.443312,False,126302_40,6382
126302,1,40,2972.167,4646,500452,1388,Interception,,4.209975,38.887772,4.209975,38.887772,True,126302_40,6383
126302,1,40,2972.167,4646,500452,1389,Clearance,,4.209975,38.887772,7.2665250000000015,53.454868000000005,True,126302_40,6383
126302,1,40,2973.2670000000003,4657,250172,1390,Recovery,,97.733475,14.545131999999995,97.733475,14.545131999999995,False,126302_40,6384
126302,1,40,2973.2680000000005,4657,250172,1391,Carry,,97.733475,14.545131999999995,92.49366,11.911355999999998,False,126302_40,6384
126302,1,40,2975.033,4657,250172,1392,Pass,Successful,92.49366,11.911355999999998,76.312635,9.360404000000004,False,126302_40,6384
