game_id,period_id,episode_id,time_seconds,team_id,player_id,action_id,type_name,result_name,start_x,start_y,end_x,end_y,is_home,game_episode,phase
126343,2,43,167.0329999999999,2354,61979,1561,Throw-In,Successful,53.63064,68.0,57.47427,61.659578,False,126343_43,19370
126343,2,43,167.80000000000018,2354,500145,1563,Pass,Successful,57.47427,61.659578,54.316605,65.2891188,False,126343_43,19370
126343,2,43,169.0,2354,61979,1565,Pass,Successful,54.791205,64.6887468,51.984975,61.3628396,False,126343_43,19370
126343,2,43,169.70100000000028,2354,500145,1567,Carry,,51.984975,61.3628396,56.28,64.5308848,False,126343_43,19370
126343,2,43,173.567,316,248890,1568,Tackle,Unsuccessful,52.85322,6.088380000000001,52.85322,6.088380000000001,True,126343_43,19371
126343,2,43,174.76700000000028,2354,500145,1569,Pass,Unsuccessful,56.28,64.5308848,57.717135000000006,64.7245012,False,126343_43,19372
