game_id,period_id,episode_id,time_seconds,team_id,player_id,action_id,type_name,result_name,start_x,start_y,end_x,end_y,is_home,game_episode,phase
126399,1,3,155.067,4657,62633,115,Throw-In,Successful,87.433605,0.0,61.118715,6.177868000000004,True,126399_3,35740
126399,1,3,157.966,4657,500484,117,Pass,Successful,61.118715,6.177868000000004,40.149795000000005,25.453964,True,126399_3,35740
126399,1,3,160.967,4657,500469,119,Pass,Successful,40.149795000000005,25.453964,42.310275,45.950184,True,126399_3,35740
126399,1,3,163.725,4657,360391,121,Pass,Successful,43.70604,47.758304,62.424075,67.2249224,True,126399_3,35740
126399,1,3,165.30100000000002,4657,500465,123,Carry,,62.424075,67.2249224,53.888205000000006,61.629216,True,126399_3,35740
126399,1,3,167.967,4657,500465,124,Pass,Successful,53.888205000000006,61.629216,42.42357,62.7139588,True,126399_3,35740
126399,1,3,169.20100000000002,4657,360391,126,Carry,,42.42357,62.7139588,38.410575,61.7005208,True,126399_3,35740
126399,1,3,170.367,4657,360391,127,Pass,Successful,38.410575,61.7005208,29.187585,42.456888,True,126399_3,35740
126399,1,3,171.734,4657,500469,129,Carry,,29.187585,42.456888,34.509195,36.209320000000005,True,126399_3,35740
126399,1,3,174.0,4657,500469,130,Pass,Successful,34.509195,36.209320000000005,42.249795,23.859772000000007,True,126399_3,35740
126399,1,3,177.20000000000002,4657,500478,132,Pass,Successful,42.47649,22.31828,75.351045,7.924651999999995,True,126399_3,35740
126399,1,3,179.734,4657,62633,134,Carry,,75.351045,7.924651999999995,74.76252,3.210144,True,126399_3,35740
126399,1,3,181.833,4657,62633,135,Pass,Successful,74.76252,3.210144,85.325835,2.541023999999993,True,126399_3,35740
