game_id,period_id,episode_id,time_seconds,team_id,player_id,action_id,type_name,result_name,start_x,start_y,end_x,end_y,is_home,game_episode,phase
126342,2,52,71.80000000000018,4639,354806,1396,Pass_Corner,Unsuccessful,104.74695,0.0,100.126215,32.634832,False,126342_52,19035
126342,2,52,73.13300000000027,4643,408792,1397,Interception,,4.9228725,35.456968,4.9228725,35.456968,True,126342_52,19036
126342,2,52,73.13300000000027,4643,408792,1398,Clearance,,4.9228725,35.456968,25.937834999999996,30.244428,True,126342_52,19036
126342,2,52,75.0,4639,77845,1399,Recovery,,79.06216500000001,37.755572,79.06216500000001,37.755572,False,126342_52,19037
126342,2,52,76.26700000000028,4639,77845,1400,Pass,Unsuccessful,78.177435,38.307324,93.60393,48.755932,False,126342_52,19037
