game_id,period_id,episode_id,time_seconds,team_id,player_id,action_id,type_name,result_name,start_x,start_y,end_x,end_y,is_home,game_episode,phase
126320,1,39,2607.2670000000003,4639,142258,1455,Goal Kick,Successful,5.253370500000003,25.826604000000003,67.35424499999999,26.553999999999995,False,126320_39,12078
126320,1,39,2610.969,316,500129,1457,Intervention,,38.31597,40.006712,38.31597,40.006712,True,126320_39,12079
126320,1,39,2612.7670000000003,316,62038,1458,Recovery,,40.46973,32.415328,40.46973,32.415328,True,126320_39,12079
126320,1,39,2612.7680000000005,316,62038,1459,Carry,,40.46973,32.415328,57.742755,13.999364,True,126320_39,12079
126320,1,39,2617.4,316,62038,1460,Pass,Unsuccessful,57.742755,13.999364,69.95562,22.955236,True,126320_39,12079
