game_id,period_id,episode_id,time_seconds,team_id,player_id,action_id,type_name,result_name,start_x,start_y,end_x,end_y,is_home,game_episode,phase
126303,2,102,3000.5,4641,346036,2938,Pass,Successful,52.78098,33.228676,45.114825,27.36864,True,126303_102,6890
126303,2,102,3002.8330000000005,4641,413678,2940,Pass,Successful,45.900435,25.509928,62.148555,10.167631999999998,True,126303_102,6890
126303,2,102,3004.6000000000004,4641,500592,2942,Pass,Successful,62.148555,10.167631999999998,45.982755,13.583884000000005,True,126303_102,6890
126303,2,102,3007.101000000001,4641,250965,2944,Carry,,45.982755,13.583884000000005,53.041485,10.347899999999996,True,126303_102,6890
126303,2,102,3009.5330000000004,4641,250965,2945,Pass,Successful,53.041485,10.347899999999996,63.318465,0.8914800000000014,True,126303_102,6890
