game_id,period_id,episode_id,time_seconds,team_id,player_id,action_id,type_name,result_name,start_x,start_y,end_x,end_y,is_home,game_episode,phase
126311,1,54,2577.653,4640,61913,1066,Pass_Corner,Successful,104.98236,0.4150039999999961,84.720405,17.62594,False,126311_54,9175
126311,1,54,2580.5,4640,246403,1068,Pass,Successful,86.36607,16.212220000000002,93.201675,5.064979999999999,False,126311_54,9175
126311,1,54,2582.433,4640,215818,1070,Cross,Unsuccessful,93.847215,5.596060000000001,94.37988,8.226095999999998,False,126311_54,9175
126311,1,54,2582.567,4641,500592,1071,Block,,9.9867075,61.038364,9.9867075,61.038364,True,126311_54,9176
126311,1,54,2589.584,4640,246403,1072,Recovery,,55.249950000000005,2.201976000000002,55.249950000000005,2.201976000000002,False,126311_54,9177
126311,1,54,2591.033,4640,246403,1073,Pass,Unsuccessful,57.09165,2.8906800000000032,78.13638,29.865328000000005,False,126311_54,9177
