game_id,period_id,episode_id,time_seconds,team_id,player_id,action_id,type_name,result_name,start_x,start_y,end_x,end_y,is_home,game_episode,phase
126373,2,43,90.95000000000029,4640,61913,1571,Throw-In,Successful,62.48591999999999,68.0,41.616015,63.5157536,False,126373_43,28558
126373,2,43,93.34899999999996,4640,491834,1573,Carry,,41.616015,63.5157536,40.714065000000005,60.427112,False,126373_43,28558
126373,2,43,94.70000000000029,4640,491834,1574,Pass,Successful,40.714065000000005,60.427112,37.8252,43.678712,False,126373_43,28558
126373,2,43,96.3680000000002,4640,246402,1576,Carry,,37.8252,43.678712,39.16919999999999,36.791332,False,126373_43,28558
126373,2,43,98.38799999999992,4640,246402,1577,Pass,Successful,39.16919999999999,36.791332,38.45016000000001,15.866984000000002,False,126373_43,28558
126373,2,43,99.9680000000001,4640,146168,1579,Carry,,38.45016000000001,15.866984000000002,33.20268,23.40424,False,126373_43,28558
126373,2,43,102.34900000000016,4640,146168,1580,Pass,Successful,33.20268,23.40424,5.773771499999995,29.598156,False,126373_43,28558
126373,2,43,105.66600000000015,4640,354794,1582,Pass,Successful,6.724557000000004,29.882328,12.571965000000006,57.920292,False,126373_43,28558
126373,2,43,107.9010000000001,4640,491834,1584,Carry,,12.571965000000006,57.920292,38.47200000000001,62.4123992,False,126373_43,28558
126373,2,43,113.9670000000001,4640,491834,1585,Pass,Successful,38.47200000000001,62.4123992,50.567475,56.31896,False,126373_43,28558
126373,2,43,114.76800000000028,4640,491835,1587,Carry,,50.567475,56.31896,55.667115,58.20732,False,126373_43,28558
126373,2,43,116.14200000000028,4640,491835,1588,Pass,Unsuccessful,55.667115,58.20732,61.198935,68.0,False,126373_43,28558
