game_id,period_id,episode_id,time_seconds,team_id,player_id,action_id,type_name,result_name,start_x,start_y,end_x,end_y,is_home,game_episode,phase
126315,2,62,1336.1,2353,356626,1957,Pass_Freekick,Unsuccessful,22.022805,57.41852,76.03302,57.079132,True,126315_62,10691
126315,2,62,1340.2330000000002,4648,500135,1958,Duel,Successful,29.420895,10.950176,29.420895,10.950176,False,126315_62,10692
126315,2,62,1341.2000000000005,2353,500580,1959,Recovery,,83.654235,60.418884,83.654235,60.418884,True,126315_62,10693
126315,2,62,1341.6,2353,500580,1960,Pass,Successful,83.743275,60.184828,81.34675499999999,61.170964,True,126315_62,10693
126315,2,62,1343.1330000000005,2353,356624,1962,Pass,Unsuccessful,82.76120999999999,63.0695376,95.24886,67.024642,True,126315_62,10693
