game_id,period_id,episode_id,time_seconds,team_id,player_id,action_id,type_name,result_name,start_x,start_y,end_x,end_y,is_home,game_episode,phase
126370,2,44,2.867000000000189,4641,250963,1535,Pass,Successful,52.427025,33.720452,43.67769,36.608684,False,126370_44,27613
126370,2,44,4.532999999999902,4641,500604,1537,Pass,Successful,43.3797,36.936784,39.158595000000005,57.561796,False,126370_44,27613
126370,2,44,7.567000000000007,4641,145831,1539,Pass,Successful,39.25026,57.04656,26.418735,43.90352,False,126370_44,27613
126370,2,44,10.733000000000176,4641,187313,1541,Pass,Successful,26.490660000000005,42.27662,39.06461999999999,36.316896,False,126370_44,27613
126370,2,44,12.300000000000182,4641,500604,1543,Pass,Successful,38.474625,36.373540000000006,27.74205000000001,39.972508,False,126370_44,27613
126370,2,44,13.333000000000084,4641,187313,1545,Pass,Successful,27.74205000000001,39.972508,37.94322,35.867348,False,126370_44,27613
126370,2,44,14.40100000000009,4641,500604,1547,Carry,,37.94322,35.867348,34.197765000000004,31.25144,False,126370_44,27613
126370,2,44,15.86700000000019,4641,500604,1548,Pass,Successful,34.197765000000004,31.25144,36.67891499999999,8.300351999999997,False,126370_44,27613
126370,2,44,17.9670000000001,4641,346035,1550,Pass,Successful,36.67891499999999,8.300351999999997,32.996984999999995,16.222759999999994,False,126370_44,27613
126370,2,44,19.432999999999996,4641,500604,1552,Pass,Successful,32.996984999999995,16.222759999999994,52.680075,11.121944,False,126370_44,27613
126370,2,44,20.73300000000017,4641,73228,1554,Pass,Successful,52.680075,11.121944,60.720555,0.3668600000000026,False,126370_44,27613
126370,2,44,20.86700000000019,4657,500476,1555,Tackle,Unsuccessful,52.34397,56.87826,52.34397,56.87826,True,126370_44,27614
126370,2,44,22.334000000000085,4641,250965,1557,Carry,,60.720555,0.3668600000000026,65.258865,0.6216560000000015,False,126370_44,27615
126370,2,44,23.700000000000276,4641,250965,1558,Pass,Successful,65.258865,0.6216560000000015,72.00984,21.565656000000004,False,126370_44,27615
126370,2,44,25.66699999999992,4641,73228,1560,Pass,Successful,73.819935,23.021196000000003,97.796895,19.25454000000001,False,126370_44,27615
