game_id,period_id,episode_id,time_seconds,team_id,player_id,action_id,type_name,result_name,start_x,start_y,end_x,end_y,is_home,game_episode,phase
126363,2,79,2597.7,4639,345446,2551,Throw-In,Successful,91.824285,68.0,87.10170000000001,63.4597488,True,126363_79,25693
126363,2,79,2598.424,4639,412018,2553,Carry,,87.10170000000001,63.4597488,85.03257,65.80292,True,126363_79,25693
126363,2,79,2601.318,4639,412018,2554,Pass,Successful,85.03257,65.80292,89.41233,67.92249292,True,126363_79,25693
126363,2,79,2603.4480000000003,4639,345446,2556,Pass,Successful,88.985505,66.905948,80.87330999999999,63.1532796,True,126363_79,25693
126363,2,79,2605.058,4639,412018,2558,Pass,Successful,80.92728,62.45426,84.16401,66.6753736,True,126363_79,25693
126363,2,79,2608.219,4639,77845,2560,Pass,Successful,83.504925,66.8987128,86.08824,59.61968,True,126363_79,25693
126363,2,79,2609.919,4639,491811,2562,Pass,Successful,86.67687,59.257376,93.712605,65.5144572,True,126363_79,25693
