game_id,period_id,episode_id,time_seconds,team_id,player_id,action_id,type_name,result_name,start_x,start_y,end_x,end_y,is_home,game_episode,phase
126369,1,36,2514.933,2354,142109,1417,Goal Kick,Successful,4.812475500000005,34.458456,9.3523395,42.906164,False,126369_36,27271
126369,1,36,2517.1330000000003,2354,61981,1419,Pass,Successful,9.762763500000004,41.400916,13.096755000000002,16.76744,False,126369_36,27271
126369,1,36,2519.3010000000004,2354,150850,1421,Carry,,13.096755000000002,16.76744,15.049965,13.819775999999996,False,126369_36,27271
126369,1,36,2520.867,2354,150850,1422,Pass,Successful,15.049965,13.819775999999996,29.047515000000004,4.867643999999999,False,126369_36,27271
126369,1,36,2523.9,2354,500152,1424,Pass,Successful,30.944025,5.007452000000001,37.625805,16.147143999999997,False,126369_36,27271
126369,1,36,2525.101,2354,344560,1426,Carry,,37.625805,16.147143999999997,33.72747,22.827192000000004,False,126369_36,27271
126369,1,36,2529.4,2354,344560,1427,Pass,Successful,33.72747,22.827192000000004,36.56121,33.11022,False,126369_36,27271
126369,1,36,2530.4010000000003,2354,250037,1429,Carry,,36.56121,33.11022,38.98681500000001,38.434076000000005,False,126369_36,27271
126369,1,36,2531.767,2354,250037,1430,Pass,Successful,38.98681500000001,38.434076000000005,41.91726,63.0626492,False,126369_36,27271
126369,1,36,2534.733,2354,61979,1432,Pass,Successful,43.101765,61.6368388,51.203355,54.23,False,126369_36,27271
126369,1,36,2536.033,2354,344559,1434,Pass,Successful,50.050875000000005,54.929176,41.91726,63.0626492,False,126369_36,27271
126369,1,36,2537.101,2354,61979,1436,Carry,,41.91726,63.0626492,48.99594,56.441496,False,126369_36,27271
126369,1,36,2543.2000000000003,2354,61979,1437,Pass,Successful,48.99594,56.441496,38.64966,44.000488,False,126369_36,27271
126369,1,36,2545.667,2354,61981,1439,Pass,Successful,37.81848,42.740176,42.126735,16.508156,False,126369_36,27271
126369,1,36,2547.501,2354,150850,1441,Carry,,42.126735,16.508156,46.07043,13.881791999999995,False,126369_36,27271
126369,1,36,2548.6,2354,150850,1442,Pass,Successful,46.07043,13.881791999999995,63.918015,11.501247999999997,False,126369_36,27271
