game_id,period_id,episode_id,time_seconds,team_id,player_id,action_id,type_name,result_name,start_x,start_y,end_x,end_y,is_home,game_episode,phase
126360,2,59,1484.1999999999998,4220,500552,2297,Goal Kick,Unsuccessful,4.7403405,33.713992,88.952745,24.590160000000004,True,126360_59,24769
126360,2,59,1490.567,4639,142258,2299,Catch,,15.411374999999992,45.092228000000006,15.411374999999992,45.092228000000006,False,126360_59,24770
126360,2,59,1490.567,4639,142258,2300,Intervention,,15.411374999999992,45.092228000000006,15.411374999999992,45.092228000000006,False,126360_59,24770
126360,2,59,1490.567,4639,142258,2301,Recovery,,15.411374999999992,45.092228000000006,15.411374999999992,45.092228000000006,False,126360_59,24770
126360,2,59,1490.568,4639,142258,2302,Carry,,15.411374999999992,45.092228000000006,15.037575000000004,34.61676,False,126360_59,24770
126360,2,59,1496.3730000000005,4639,142258,2303,Pass,Successful,15.037575000000004,34.61676,27.764520000000005,33.002916,False,126360_59,24770
126360,2,59,1497.4009999999996,4639,407605,2305,Carry,,27.764520000000005,33.002916,30.157365,34.957236,False,126360_59,24770
126360,2,59,1498.42,4639,407605,2306,Pass,Successful,30.157365,34.957236,35.83335,56.955032,False,126360_59,24770
126360,2,59,1500.6000000000004,4639,345446,2308,Pass,Successful,35.83335,56.955032,31.697715,50.808376,False,126360_59,24770
126360,2,59,1503.1170000000002,4639,77845,2310,Pass,Successful,33.0603,49.58832,32.206335,26.003471999999995,False,126360_59,24770
126360,2,59,1504.898,4639,491810,2312,Carry,,32.206335,26.003471999999995,43.42527,21.118692,False,126360_59,24770
126360,2,59,1509.428,4639,491810,2313,Pass,Successful,43.42527,21.118692,67.149915,12.414284000000002,False,126360_59,24770
126360,2,59,1510.4669999999996,4639,491801,2315,Pass,Successful,67.149915,12.414284000000002,83.168295,1.0742639999999994,False,126360_59,24770
