game_id,period_id,episode_id,time_seconds,team_id,player_id,action_id,type_name,result_name,start_x,start_y,end_x,end_y,is_home,game_episode,phase
126302,1,7,352.367,4657,357150,192,Throw-In,Successful,18.741555000000005,0.0,38.31628499999999,6.3072719999999975,False,126302_7,6224
126302,1,7,354.168,4657,357155,194,Carry,,38.31628499999999,6.3072719999999975,38.590755,9.741476,False,126302_7,6224
126302,1,7,355.567,4646,161122,195,Tackle,Successful,66.409245,58.258524,66.409245,58.258524,True,126302_7,6225
126302,1,7,355.567,4646,161122,196,Interception,,66.409245,58.258524,66.409245,58.258524,True,126302_7,6225
126302,1,7,356.733,4646,161122,197,Pass,Successful,65.85285,56.243276,69.099345,56.37336,True,126302_7,6225
126302,1,7,356.8,4657,500480,198,Tackle,Unsuccessful,39.72244499999999,10.998116000000003,39.72244499999999,10.998116000000003,False,126302_7,6226
126302,1,7,357.233,4646,250141,200,Pass,Successful,69.099345,56.37336,65.412375,51.783632,True,126302_7,6227
126302,1,7,358.068,4646,356603,202,Carry,,65.412375,51.783632,69.05198999999999,50.979872,True,126302_7,6227
126302,1,7,358.933,4657,500480,203,Tackle,Unsuccessful,38.894835,18.754400000000004,38.894835,18.754400000000004,False,126302_7,6228
126302,1,7,362.667,4646,356603,204,Pass,Unsuccessful,69.05198999999999,50.979872,90.702045,65.2556424,True,126302_7,6229
