game_id,period_id,episode_id,time_seconds,team_id,player_id,action_id,type_name,result_name,start_x,start_y,end_x,end_y,is_home,game_episode,phase
126391,2,70,2185.0330000000004,4648,250100,2313,Throw-In,Successful,68.43081000000001,68.0,48.717585,59.296884,False,126391_70,33645
126391,2,70,2188.709,4648,145703,2315,Pass,Successful,49.729785,58.926692,60.5031,61.4278748,False,126391_70,33645
126391,2,70,2191.467000000001,4648,250101,2317,Pass,Successful,60.93926999999999,60.080244,62.552175,49.09634,False,126391_70,33645
126391,2,70,2192.8340000000007,4648,500142,2319,Carry,,62.552175,49.09634,64.29045,45.911084,False,126391_70,33645
126391,2,70,2194.067,4648,500142,2320,Pass,Successful,64.29045,45.911084,76.719405,25.874136,False,126391_70,33645
126391,2,70,2195.8340000000007,4648,500139,2322,Carry,,76.719405,25.874136,78.490755,18.0523,False,126391_70,33645
126391,2,70,2201.5330000000004,4648,500139,2323,Pass,Successful,78.490755,18.0523,77.893305,6.462855999999995,False,126391_70,33645
126391,2,70,2204.7,4648,500140,2325,Pass,Unsuccessful,76.868295,7.222687999999998,88.81068,3.5508920000000046,False,126391_70,33645
