game_id,period_id,episode_id,time_seconds,team_id,player_id,action_id,type_name,result_name,start_x,start_y,end_x,end_y,is_home,game_episode,phase
126316,2,38,77.29600000000028,4643,187259,1508,Pass_Freekick,Successful,39.165735,3.857028,23.795835,12.817387999999994,False,126316_38,10945
126316,2,38,79.93600000000015,4643,408792,1510,Pass,Successful,25.3155,14.301352,27.05619,35.943236,False,126316_38,10945
126316,2,38,81.73400000000018,4643,500115,1512,Carry,,27.05619,35.943236,29.014335000000003,38.605504,False,126316_38,10945
126316,2,38,82.73300000000017,4643,500115,1513,Pass,Successful,29.014335000000003,38.605504,33.175905,55.106588,False,126316_38,10945
126316,2,38,84.13400000000027,4643,83615,1515,Carry,,33.175905,55.106588,38.71854,53.301188,False,126316_38,10945
126316,2,38,87.63300000000027,4643,83615,1516,Pass,Successful,38.71854,53.301188,32.065845,44.717344,False,126316_38,10945
126316,2,38,88.8390000000002,4643,500115,1518,Carry,,32.065845,44.717344,39.09475499999999,35.007488,False,126316_38,10945
126316,2,38,92.70000000000029,4643,500115,1519,Pass,Successful,39.09475499999999,35.007488,46.507755,29.260808,False,126316_38,10945
126316,2,38,94.33300000000008,4643,187722,1521,Pass,Successful,45.97047,29.670848,50.46363,34.021488,False,126316_38,10945
