game_id,period_id,episode_id,time_seconds,team_id,player_id,action_id,type_name,result_name,start_x,start_y,end_x,end_y,is_home,game_episode,phase
126307,2,41,248.933,4220,354813,1601,Goal Kick,Unsuccessful,5.006935499999997,40.566964,62.953590000000005,43.316204,False,126307_41,7912
126307,2,41,253.067,4639,345446,1602,Recovery,,41.96682,24.41914,55.657770000000006,28.964260000000003,True,126307_41,7913
126307,2,41,253.067,4639,345446,1603,Pass,Successful,41.96682,24.41914,55.657770000000006,28.964260000000003,True,126307_41,7913
126307,2,41,254.73300000000015,4639,491802,1604,Duel,Successful,55.657770000000006,28.964260000000003,55.657770000000006,28.964260000000003,True,126307_41,7913
126307,2,41,254.73400000000015,4639,491802,1606,Carry,,55.657770000000006,28.964260000000003,56.09436,25.561608,True,126307_41,7913
126307,2,41,255.23350000000016,4639,491802,1607,Intervention,,56.09436,25.561608,56.09436,25.561608,True,126307_41,7913
126307,2,41,255.73300000000015,4220,500533,1608,Recovery,,48.90564,42.438392,48.90564,42.438392,False,126307_41,7914
126307,2,41,255.73400000000015,4220,500533,1609,Carry,,48.90564,42.438392,53.417595000000006,41.090224000000006,False,126307_41,7914
126307,2,41,257.13300000000027,4220,500533,1610,Pass,Unsuccessful,53.417595000000006,41.090224000000006,59.41194,40.733156,False,126307_41,7914
