game_id,period_id,episode_id,time_seconds,team_id,player_id,action_id,type_name,result_name,start_x,start_y,end_x,end_y,is_home,game_episode,phase
126355,2,101,2908.267,4646,146189,2851,Throw-In,Unsuccessful,90.46716,68.0,100.37055,53.456364,False,126355_101,23326
126355,2,101,2909.9620000000004,4657,357146,2852,Duel,Successful,4.9264845,13.983724000000002,4.9264845,13.983724000000002,True,126355_101,23327
126355,2,101,2911.933,4646,61616,2853,Duel,Successful,83.75871000000001,59.173872,83.75871000000001,59.173872,False,126355_101,23328
126355,2,101,2913.0,4646,146189,2854,Recovery,,83.397825,64.2374172,83.40423,52.764736,False,126355_101,23328
126355,2,101,2913.0,4646,146189,2855,Pass,Unsuccessful,83.397825,64.2374172,83.40423,52.764736,False,126355_101,23328
