game_id,period_id,episode_id,time_seconds,team_id,player_id,action_id,type_name,result_name,start_x,start_y,end_x,end_y,is_home,game_episode,phase
126398,2,60,991.467,4640,491833,1770,Pass,Successful,52.89648,32.726904,41.04198,32.482648000000005,True,126398_60,35618
126398,2,60,994.8670000000002,4640,527821,1772,Pass,Successful,40.991265,31.361328,36.49695,23.097356000000005,True,126398_60,35618
126398,2,60,995.833,4640,491837,1774,Pass,Successful,36.49695,23.097356000000005,26.727645000000003,37.893952,True,126398_60,35618
126398,2,60,1000.433,4640,146168,1776,Pass,Successful,27.3567,35.852116,22.822275,18.418139999999998,True,126398_60,35618
126398,2,60,1002.568,4640,354791,1778,Carry,,22.822275,18.418139999999998,26.723550000000003,15.113884,True,126398_60,35618
126398,2,60,1004.3000000000002,4640,354791,1779,Pass,Unsuccessful,26.723550000000003,15.113884,75.0939,21.235788,True,126398_60,35618
