game_id,period_id,episode_id,time_seconds,team_id,player_id,action_id,type_name,result_name,start_x,start_y,end_x,end_y,is_home,game_episode,phase
126336,1,29,2204.933,4641,413677,1076,Throw-In,Unsuccessful,54.98262,0.0,80.822385,2.8855800000000045,False,126336_29,17029
126336,1,29,2209.033,2354,500143,1077,Duel,Successful,19.966485,65.6571416,13.425405,60.345512,True,126336_29,17030
126336,1,29,2209.033,2354,500143,1078,Tackle,Successful,19.966485,65.6571416,13.425405,60.345512,True,126336_29,17030
126336,1,29,2209.033,2354,500143,1079,Interception,,19.966485,65.6571416,19.966485,65.6571416,True,126336_29,17030
126336,1,29,2209.033,2354,500143,1080,Pass,Successful,19.966485,65.6571416,13.425405,60.345512,True,126336_29,17030
126336,1,29,2210.4790000000003,2354,500147,1082,Pass,Unsuccessful,13.425405,60.345512,48.74289,64.0076452,True,126336_29,17030
