game_id,period_id,episode_id,time_seconds,team_id,player_id,action_id,type_name,result_name,start_x,start_y,end_x,end_y,is_home,game_episode,phase
126363,2,63,1597.308,4639,77828,2208,Pass_Freekick,Successful,29.47749,51.617576,27.91803,24.19079600000001,True,126363_63,25657
126363,2,63,1599.434,4639,491810,2210,Carry,,27.91803,24.19079600000001,36.863505,23.398528,True,126363_63,25657
126363,2,63,1605.6999999999998,4639,491810,2211,Pass,Successful,36.863505,23.398528,43.204665,50.446004,True,126363_63,25657
126363,2,63,1609.486,4639,77828,2213,Carry,,43.76841,51.798456,53.811240000000005,52.664028,True,126363_63,25657
126363,2,63,1611.3000000000002,4639,77828,2214,Pass,Unsuccessful,53.811240000000005,52.664028,77.077875,68.0,True,126363_63,25657
