game_id,period_id,episode_id,time_seconds,team_id,player_id,action_id,type_name,result_name,start_x,start_y,end_x,end_y,is_home,game_episode,phase
126399,2,64,2529.567,4220,500540,3224,Throw-In,Successful,68.861835,68.0,72.70389,61.4887212,False,126399_64,35999
126399,2,64,2530.867,4220,354809,3226,Pass,Successful,72.79692,62.1458664,71.211945,65.8431284,False,126399_64,35999
126399,2,64,2532.267,4220,500540,3228,Pass,Successful,70.76013,65.6567676,64.561875,58.402072,False,126399_64,35999
126399,2,64,2534.5,4220,527822,3230,Pass,Successful,64.05147,58.443008,44.345385,62.0108932,False,126399_64,35999
126399,2,64,2537.2,4220,215699,3232,Pass,Successful,43.3251,60.8498,37.90027499999999,44.833692,False,126399_64,35999
126399,2,64,2539.1670000000004,4220,500527,3234,Pass,Successful,37.73994,44.023336,47.06436,44.616568,False,126399_64,35999
126399,2,64,2541.633,4220,500554,3236,Pass,Successful,45.819585,45.011716,35.85277500000001,38.882808,False,126399_64,35999
126399,2,64,2544.367,4220,500527,3238,Pass,Successful,38.466225,39.380296,43.38054,43.803356,False,126399_64,35999
126399,2,64,2545.268,4220,500554,3240,Carry,,43.38054,43.803356,44.96163,47.140592,False,126399_64,35999
126399,2,64,2546.9000000000005,4220,500554,3241,Pass,Successful,44.96163,47.140592,60.186315,50.883176,False,126399_64,35999
126399,2,64,2548.433,4220,500549,3243,Pass,Successful,60.186315,50.883176,56.0805,43.868636,False,126399_64,35999
126399,2,64,2549.3330000000005,4220,527822,3245,Pass,Successful,56.0805,43.868636,82.80993,51.275944,False,126399_64,35999
