game_id,period_id,episode_id,time_seconds,team_id,player_id,action_id,type_name,result_name,start_x,start_y,end_x,end_y,is_home,game_episode,phase
126309,2,64,2557.4000000000005,4648,500139,2947,Pass_Corner,Unsuccessful,105.0,0.0,94.41096,30.894304,True,126309_64,8635
126309,2,64,2563.467000000001,4648,250104,2948,Recovery,,94.64952,60.658788,94.64952,60.658788,True,126309_64,8635
126309,2,64,2564.4000000000005,4648,250104,2949,Pass,Successful,94.578855,63.0089292,76.068195,63.6360864,True,126309_64,8635
