game_id,period_id,episode_id,time_seconds,team_id,player_id,action_id,type_name,result_name,start_x,start_y,end_x,end_y,is_home,game_episode,phase
126377,2,84,2902.1540000000005,4641,413677,2899,Throw-In,Successful,79.385355,0.0,86.819775,12.366208,True,126377_84,29817
126377,2,84,2903.8900000000003,4641,500602,2901,Pass,Successful,87.088155,9.774456,93.323265,5.035603999999999,True,126377_84,29817
