game_id,period_id,episode_id,time_seconds,team_id,player_id,action_id,type_name,result_name,start_x,start_y,end_x,end_y,is_home,game_episode,phase
126365,2,50,1374.2670000000005,4643,187259,2361,Throw-In,Successful,14.622195000000003,0.0,35.481390000000005,1.7152999999999992,False,126365_50,26206
126365,2,50,1376.0,4643,410634,2363,Pass,Unsuccessful,35.481390000000005,1.7152999999999992,37.10238000000001,7.961848000000003,False,126365_50,26206
126365,2,50,1376.667,4644,500515,2364,Recovery,,69.07225500000001,61.166,69.07225500000001,61.166,True,126365_50,26207
126365,2,50,1378.333,4644,500515,2365,Pass,Unsuccessful,71.579445,61.7893492,75.91479,58.170804,True,126365_50,26207
126365,2,50,1378.667,4643,187722,2366,Block,,29.128365,9.111931999999996,29.128365,9.111931999999996,False,126365_50,26208
126365,2,50,1380.2000000000005,4643,500117,2367,Recovery,,35.869995,14.589059999999996,35.869995,14.589059999999996,False,126365_50,26208
126365,2,50,1380.2010000000002,4643,500117,2368,Carry,,35.869995,14.589059999999996,32.271225,21.811680000000003,False,126365_50,26208
126365,2,50,1383.833,4643,500117,2369,Pass,Successful,32.271225,21.811680000000003,21.735209999999995,9.191423999999998,False,126365_50,26208
126365,2,50,1386.467,4643,187259,2371,Pass,Successful,21.735209999999995,9.191423999999998,17.68336500000001,15.441032,False,126365_50,26208
126365,2,50,1387.6330000000005,4643,145673,2373,Pass,Unsuccessful,17.68336500000001,15.441032,54.236805,19.280244000000003,False,126365_50,26208
126365,2,50,1390.1330000000005,4644,500515,2374,Recovery,,50.73411,48.913488,64.67706,52.83838,True,126365_50,26209
126365,2,50,1390.1330000000005,4644,500515,2375,Pass,Successful,50.73411,48.913488,64.67706,52.83838,True,126365_50,26209
