game_id,period_id,episode_id,time_seconds,team_id,player_id,action_id,type_name,result_name,start_x,start_y,end_x,end_y,is_home,game_episode,phase
126347,2,95,2871.8330000000005,4641,250965,2666,Throw-In,Successful,43.29003,68.0,51.93573,64.420344,True,126347_95,20756
126347,2,95,2872.9000000000005,4641,346037,2667,Duel,Successful,51.93573,64.420344,48.412455,65.376186,True,126347_95,20756
126347,2,95,2872.733,4644,250055,2668,Tackle,Unsuccessful,52.92168,2.723331999999999,52.92168,2.723331999999999,False,126347_95,20757
126347,2,95,2872.9000000000005,4641,346037,2670,Pass,Successful,51.93573,64.420344,48.412455,65.376186,True,126347_95,20758
