game_id,period_id,episode_id,time_seconds,team_id,player_id,action_id,type_name,result_name,start_x,start_y,end_x,end_y,is_home,game_episode,phase
126374,2,79,2508.933,4220,354809,2869,Throw-In,Successful,49.023135,68.0,62.32443000000001,64.3402536,True,126374_79,28954
126374,2,79,2510.7,4220,500549,2870,Duel,Successful,62.32443000000001,64.3402536,62.32443000000001,64.3402536,True,126374_79,28954
126374,2,79,2510.5,4646,146188,2871,Tackle,Unsuccessful,41.34207,3.1406479999999988,41.34207,3.1406479999999988,False,126374_79,28955
126374,2,79,2510.701,4220,500549,2873,Carry,,62.32443000000001,64.3402536,59.313345,65.121356,True,126374_79,28956
126374,2,79,2512.067,4646,146188,2874,Tackle,Successful,45.686655,2.878643999999994,45.686655,2.878643999999994,False,126374_79,28957
126374,2,79,2512.067,4646,146188,2875,Interception,,45.686655,2.878643999999994,45.686655,2.878643999999994,False,126374_79,28957
126374,2,79,2513.9000000000005,4646,146188,2876,Pass,Unsuccessful,44.06052,1.1506959999999964,46.10424,1.8925080000000063,False,126374_79,28957
