game_id,period_id,episode_id,time_seconds,team_id,player_id,action_id,type_name,result_name,start_x,start_y,end_x,end_y,is_home,game_episode,phase
126378,2,68,2264.067,4648,250079,2407,Goal Kick,Unsuccessful,4.454572499999998,40.245664,73.49590500000001,39.438912,False,126378_68,30008
126378,2,68,2268.0330000000004,316,344467,2408,Duel,Successful,30.96681,28.902856,30.96681,28.902856,True,126378_68,30009
126378,2,68,2271.933,316,77582,2409,Recovery,,8.6247735,20.322072,8.6247735,20.322072,True,126378_68,30009
126378,2,68,2271.934,316,77582,2410,Carry,,8.6247735,20.322072,19.67742,17.859384000000006,True,126378_68,30009
126378,2,68,2283.3330000000005,316,77582,2411,Pass,Successful,19.67742,17.859384000000006,71.67531,10.847836,True,126378_68,30009
