game_id,period_id,episode_id,time_seconds,team_id,player_id,action_id,type_name,result_name,start_x,start_y,end_x,end_y,is_home,game_episode,phase
126340,2,47,227.3670000000002,4640,413675,1568,Throw-In,Successful,90.253065,0.0,92.83008,6.085252000000004,False,126340_47,18358
126340,2,47,228.3010000000002,4640,246409,1570,Carry,,92.83008,6.085252000000004,88.96691999999999,6.459048000000003,False,126340_47,18358
126340,2,47,229.933,4640,246409,1571,Pass,Successful,88.96691999999999,6.459048000000003,82.70682000000001,9.79336,False,126340_47,18358
126340,2,47,229.98599999999988,4646,146189,1572,Tackle,Unsuccessful,16.307235,61.2332112,16.307235,61.2332112,True,126340_47,18359
126340,2,47,231.33300000000008,4640,500430,1574,Pass,Successful,82.70682000000001,9.79336,78.607305,3.092435999999992,False,126340_47,18360
126340,2,47,233.3670000000002,4640,411440,1576,Pass,Successful,78.35835,2.830976000000007,83.50251,4.318612000000002,False,126340_47,18360
126340,2,47,234.4670000000001,4640,246409,1578,Pass,Unsuccessful,83.50251,4.318612000000002,88.524765,1.9115479999999965,False,126340_47,18360
126340,2,47,235.0329999999999,4646,356599,1579,Interception,,17.328045,65.3852232,17.328045,65.3852232,True,126340_47,18361
126340,2,47,235.97400000000016,4646,356599,1580,Pass,Successful,17.889795,63.8230796,22.488165,55.289508,True,126340_47,18361
126340,2,47,237.5729999999999,4646,356607,1582,Carry,,23.906295,53.626364,32.762730000000005,55.814264,True,126340_47,18361
126340,2,47,239.67799999999988,4646,356607,1583,Pass,Successful,32.762730000000005,55.814264,37.487625,67.61213208,True,126340_47,18361
