game_id,period_id,episode_id,time_seconds,team_id,player_id,action_id,type_name,result_name,start_x,start_y,end_x,end_y,is_home,game_episode,phase
126363,1,34,2645.1330000000003,4639,491811,1315,Pass_Freekick,Successful,59.56881,4.013087999999996,90.288135,43.047672,True,126363_34,25579
126363,1,34,2647.554,4639,491810,1316,Duel,Successful,90.288135,43.047672,90.22272,37.45474,True,126363_34,25579
126363,1,34,2647.554,4639,491810,1318,Pass,Successful,90.288135,43.047672,90.22272,37.45474,True,126363_34,25579
