game_id,period_id,episode_id,time_seconds,team_id,player_id,action_id,type_name,result_name,start_x,start_y,end_x,end_y,is_home,game_episode,phase
126314,1,48,2079.8,4646,356604,1133,Pass_Freekick,Successful,43.54014,65.471148,31.849545000000003,47.440948,True,126314_48,10169
126314,1,48,2082.933,4646,500452,1135,Pass,Successful,31.40802,44.705784,32.236470000000004,28.322680000000005,True,126314_48,10169
126314,1,48,2085.0,4646,146185,1137,Pass,Successful,32.337585,27.240324,42.67662,4.452095999999997,True,126314_48,10169
