game_id,period_id,episode_id,time_seconds,team_id,player_id,action_id,type_name,result_name,start_x,start_y,end_x,end_y,is_home,game_episode,phase
126345,2,72,2084.0,4643,85175,2287,Pass_Freekick,Unsuccessful,34.77096,20.793788,81.816945,34.013192000000004,False,126345_72,20032
126345,2,72,2086.7,4220,500527,2288,Interception,,23.261175,33.213784000000004,23.261175,33.213784000000004,True,126345_72,20033
126345,2,72,2086.7,4220,500527,2289,Clearance,,23.261175,33.213784000000004,49.704165,39.773812,True,126345_72,20033
126345,2,72,2089.2,4220,500550,2290,Duel,Successful,39.76959,29.158196,39.76959,29.158196,True,126345_72,20033
126345,2,72,2090.633,4643,408792,2291,Recovery,,55.295835,28.226188,82.59667499999999,31.817131999999997,False,126345_72,20034
126345,2,72,2090.633,4643,408792,2292,Pass,Unsuccessful,55.295835,28.226188,82.59667499999999,31.817131999999997,False,126345_72,20034
