game_id,period_id,episode_id,time_seconds,team_id,player_id,action_id,type_name,result_name,start_x,start_y,end_x,end_y,is_home,game_episode,phase
126341,1,21,1854.8,4641,145831,932,Throw-In,Successful,7.0577955,0.0,4.9081725,6.106876,True,126341_21,18612
126341,1,21,1855.667,4641,413677,934,Pass,Successful,4.9081725,6.106876,21.283185,4.763128000000002,True,126341_21,18612
126341,1,21,1856.733,4641,500592,936,Pass,Unsuccessful,21.283185,4.763128000000002,22.144185,5.118836000000002,True,126341_21,18612
