game_id,period_id,episode_id,time_seconds,team_id,player_id,action_id,type_name,result_name,start_x,start_y,end_x,end_y,is_home,game_episode,phase
126314,1,12,564.633,4646,250145,328,Throw-In,Successful,48.752235000000006,0.0,58.14816,3.3791920000000037,True,126314_12,10059
126314,1,12,565.533,4646,356607,330,Pass,Unsuccessful,58.14816,3.3791920000000037,58.16433000000001,6.603276000000001,True,126314_12,10059
