game_id,period_id,episode_id,time_seconds,team_id,player_id,action_id,type_name,result_name,start_x,start_y,end_x,end_y,is_home,game_episode,phase
126331,2,61,628.567,4657,250183,1566,Throw-In,Successful,81.99219,0.0,65.779245,3.379328000000001,True,126331_61,15625
126331,2,61,632.2670000000003,4657,181865,1568,Pass,Successful,67.482975,2.136015999999998,66.390135,10.5043,True,126331_61,15625
126331,2,61,634.7000000000003,4657,287281,1570,Pass,Successful,66.033345,10.316076000000002,69.678525,14.40954,True,126331_61,15625
126331,2,61,635.4010000000001,4657,500481,1572,Carry,,69.678525,14.40954,67.98172500000001,8.834016000000005,True,126331_61,15625
126331,2,61,637.6669999999999,4657,500481,1573,Pass,Successful,67.98172500000001,8.834016000000005,60.575865,1.3360639999999933,True,126331_61,15625
126331,2,61,639.067,4657,181865,1575,Pass,Successful,60.575865,1.3360639999999933,67.37314500000001,2.306899999999999,True,126331_61,15625
126331,2,61,640.4000000000001,4657,500481,1577,Pass,Unsuccessful,67.793775,1.6030999999999975,69.36972,1.5618240000000014,True,126331_61,15625
