game_id,period_id,episode_id,time_seconds,team_id,player_id,action_id,type_name,result_name,start_x,start_y,end_x,end_y,is_home,game_episode,phase
126348,2,60,1452.1000000000004,4657,360391,2028,Throw-In,Successful,38.06754000000001,68.0,62.054265,62.7907376,False,126348_60,20984
126348,2,60,1454.1999999999998,4657,505723,2030,Pass,Successful,62.054265,62.7907376,71.860005,62.6048188,False,126348_60,20984
