game_id,period_id,episode_id,time_seconds,team_id,player_id,action_id,type_name,result_name,start_x,start_y,end_x,end_y,is_home,game_episode,phase
126367,1,17,1045.597,4639,142258,583,Goal Kick,Successful,5.274181499999997,25.0444,5.361552000000003,35.204824,False,126367_17,26658
126367,1,17,1046.856,4639,491810,585,Carry,,5.361552000000003,35.204824,9.903159000000002,30.353704,False,126367_17,26658
126367,1,17,1049.233,4639,491810,586,Pass,Unsuccessful,9.903159000000002,30.353704,36.44056499999999,38.306848,False,126367_17,26658
126367,1,17,1050.733,4648,500135,587,Interception,,69.07634999999999,31.281972000000003,84.68921999999999,38.269448,True,126367_17,26659
126367,1,17,1050.733,4648,500135,588,Pass,Successful,69.07634999999999,31.281972000000003,84.68921999999999,38.269448,True,126367_17,26659
126367,1,17,1052.533,4648,500139,590,Pass,Successful,84.68921999999999,38.269448,80.288145,38.435572,True,126367_17,26659
126367,1,17,1053.2,4648,500135,592,Take-On,Unsuccessful,81.26454,36.191572,81.26454,36.191572,True,126367_17,26659
126367,1,17,1053.201,4648,500135,593,Carry,,81.26454,36.191572,86.967825,37.939376,True,126367_17,26659
126367,1,17,1053.634,4648,500135,594,Intervention,,86.967825,37.939376,86.967825,37.939376,True,126367_17,26659
126367,1,17,1054.067,4639,491810,595,Recovery,,18.032174999999995,30.060624000000004,18.032174999999995,30.060624000000004,False,126367_17,26660
126367,1,17,1055.0,4639,491810,596,Pass,Unsuccessful,20.711775000000003,29.063268,33.45804,20.595704,False,126367_17,26660
126367,1,17,1056.0,4648,500142,597,Block,,71.30151000000001,47.69724,71.30151000000001,47.69724,True,126367_17,26661
126367,1,17,1057.867,4648,188178,598,Recovery,,80.32909500000001,51.916844,80.32909500000001,51.916844,True,126367_17,26661
126367,1,17,1057.868,4648,188178,599,Carry,,80.32909500000001,51.916844,89.01984,50.019168,True,126367_17,26661
126367,1,17,1059.433,4648,188178,600,Pass,Unsuccessful,89.01984,50.019168,93.911685,43.512384,True,126367_17,26661
