game_id,period_id,episode_id,time_seconds,team_id,player_id,action_id,type_name,result_name,start_x,start_y,end_x,end_y,is_home,game_episode,phase
126360,2,77,2530.467000000001,4639,345446,2765,Throw-In,Successful,58.830135,68.0,57.06351,60.836812,False,126360_77,24816
126360,2,77,2533.7870000000003,4639,77845,2767,Pass,Successful,58.739625,59.508024,101.08812,11.018448,False,126360_77,24816
126360,2,77,2538.0330000000004,4639,491811,2769,Pass,Successful,101.08812,11.018448,97.958595,20.973784,False,126360_77,24816
126360,2,77,2539.768,4639,491801,2771,Carry,,97.958595,20.973784,97.367445,16.804907999999998,False,126360_77,24816
126360,2,77,2541.3330000000005,4639,491801,2772,Pass,Successful,97.367445,16.804907999999998,94.62558,5.37914,False,126360_77,24816
