game_id,period_id,episode_id,time_seconds,team_id,player_id,action_id,type_name,result_name,start_x,start_y,end_x,end_y,is_home,game_episode,phase
126307,2,83,2475.6000000000004,4220,500540,2438,Throw-In,Successful,83.097105,0.0,86.32575,14.144136000000003,False,126307_83,7992
126307,2,83,2477.101000000001,4220,500549,2440,Carry,,86.32575,14.144136000000003,88.405485,7.885756000000001,False,126307_83,7992
126307,2,83,2479.5,4220,500549,2441,Pass,Successful,88.405485,7.885756000000001,101.49321,0.373660000000001,False,126307_83,7992
