game_id,period_id,episode_id,time_seconds,team_id,player_id,action_id,type_name,result_name,start_x,start_y,end_x,end_y,is_home,game_episode,phase
126350,1,16,1005.251,4644,62105,439,Throw-In,Successful,17.91909,0.0,25.139625,3.794944000000001,True,126350_16,21447
126350,1,16,1006.067,4644,500507,441,Pass,Successful,25.139625,3.794944000000001,17.07678,3.767403999999999,True,126350_16,21447
126350,1,16,1007.333,4644,62105,443,Pass,Successful,17.07678,3.767403999999999,20.44959,42.021892,True,126350_16,21447
126350,1,16,1010.133,4644,250076,445,Pass,Unsuccessful,20.44959,42.021892,21.30429,40.42294,True,126350_16,21447
