game_id,period_id,episode_id,time_seconds,team_id,player_id,action_id,type_name,result_name,start_x,start_y,end_x,end_y,is_home,game_episode,phase
126314,1,23,927.067,4646,500460,486,Goal Kick,Successful,4.58913,35.346468,2.9064945,19.337976000000005,True,126314_23,10089
126314,1,23,928.501,4646,500452,488,Carry,,2.9064945,19.337976000000005,11.915715,20.551368,True,126314_23,10089
126314,1,23,933.8,4646,500452,489,Pass,Successful,11.915715,20.551368,36.11622,26.492868,True,126314_23,10089
126314,1,23,935.4,4646,61645,491,Pass,Successful,36.11622,26.492868,42.2016,32.388604,True,126314_23,10089
