game_id,period_id,episode_id,time_seconds,team_id,player_id,action_id,type_name,result_name,start_x,start_y,end_x,end_y,is_home,game_episode,phase
126382,1,17,1147.267,316,500124,499,Throw-In,Successful,95.757585,68.0,74.978505,63.6990476,False,126382_17,30884
126382,1,17,1149.567,316,188267,501,Pass,Successful,74.978505,63.6990476,77.292915,54.425296,False,126382_17,30884
126382,1,17,1151.133,2354,188332,503,Tackle,Successful,28.682115,11.986767999999998,28.682115,11.986767999999998,True,126382_17,30885
126382,1,17,1151.133,2354,188332,504,Interception,,28.682115,11.986767999999998,28.682115,11.986767999999998,True,126382_17,30885
126382,1,17,1152.3,2354,188332,505,Pass,Successful,29.302665,10.222100000000005,24.63594,10.75692,True,126382_17,30885
126382,1,17,1153.767,2354,215806,507,Pass,Unsuccessful,26.24832,12.55484,32.817435,6.483392000000002,True,126382_17,30885
