game_id,period_id,episode_id,time_seconds,team_id,player_id,action_id,type_name,result_name,start_x,start_y,end_x,end_y,is_home,game_episode,phase
126303,1,26,1356.733,4639,187316,697,Throw-In,Unsuccessful,25.153904999999995,0.0,41.606565,5.588375999999997,False,126303_26,6651
126303,1,26,1358.167,4641,187313,698,Interception,,63.01123499999999,62.3237544,81.806025,59.034676000000005,True,126303_26,6652
126303,1,26,1358.167,4641,187313,699,Pass,Successful,63.01123499999999,62.3237544,81.806025,59.034676000000005,True,126303_26,6652
126303,1,26,1359.733,4641,346036,700,Duel,Successful,81.806025,59.034676000000005,81.806025,59.034676000000005,True,126303_26,6652
126303,1,26,1359.667,4639,491810,701,Tackle,Unsuccessful,22.523655000000005,8.943020000000004,22.523655000000005,8.943020000000004,False,126303_26,6653
126303,1,26,1359.734,4641,346036,703,Carry,,81.806025,59.034676000000005,77.95683,64.809644,True,126303_26,6654
126303,1,26,1363.533,4639,491810,704,Tackle,Successful,27.043170000000003,3.190355999999994,27.043170000000003,3.190355999999994,False,126303_26,6655
126303,1,26,1363.533,4639,491810,705,Interception,,27.043170000000003,3.190355999999994,27.043170000000003,3.190355999999994,False,126303_26,6655
126303,1,26,1364.333,4639,491810,706,Pass,Unsuccessful,27.82384500000001,1.224816000000004,45.69054,7.733912000000004,False,126303_26,6655
