game_id,period_id,episode_id,time_seconds,team_id,player_id,action_id,type_name,result_name,start_x,start_y,end_x,end_y,is_home,game_episode,phase
126397,2,73,1830.157,4644,250076,2079,Pass_Freekick,Successful,44.317035,41.418188,50.41344,39.1544,False,126397_73,35365
126397,2,73,1831.852,4644,500515,2081,Pass,Successful,51.92208,40.109324,61.76436,43.660284,False,126397_73,35365
126397,2,73,1834.2,2353,500563,2083,Intervention,,40.507845,24.18998,40.507845,24.18998,True,126397_73,35366
126397,2,73,1835.7,2353,500576,2084,Recovery,,27.90081,26.090172000000003,36.157065,29.420268,True,126397_73,35366
126397,2,73,1835.7,2353,500576,2085,Pass,Successful,27.90081,26.090172000000003,36.157065,29.420268,True,126397_73,35366
126397,2,73,1836.934,2353,500569,2087,Carry,,36.157065,29.420268,31.527615,36.745296,True,126397_73,35366
126397,2,73,1839.5,2353,500569,2088,Pass,Successful,31.527615,36.745296,19.23306,43.247796,True,126397_73,35366
126397,2,73,1841.068,2353,500561,2090,Carry,,19.23306,43.247796,21.615405,52.470228,True,126397_73,35366
126397,2,73,1843.4000000000003,2353,500561,2091,Pass,Successful,21.615405,52.470228,53.186385,53.462688,True,126397_73,35366
