game_id,period_id,episode_id,time_seconds,team_id,player_id,action_id,type_name,result_name,start_x,start_y,end_x,end_y,is_home,game_episode,phase
126342,2,77,1464.0330000000004,4639,142258,2018,Goal Kick,Successful,5.683377000000007,40.403424,6.408129000000002,21.772375999999998,False,126342_77,19121
126342,2,77,1465.7719999999997,4639,491810,2020,Carry,,6.408129000000002,21.772375999999998,8.494752000000005,18.410388,False,126342_77,19121
126342,2,77,1467.1000000000004,4639,491810,2021,Pass,Successful,8.494752000000005,18.410388,46.614225,14.785716,False,126342_77,19121
126342,2,77,1469.6670000000004,4639,250901,2023,Pass,Successful,46.614225,14.785716,51.246195,1.7133280000000042,False,126342_77,19121
126342,2,77,1471.933,4639,250902,2025,Pass,Successful,49.236915,1.031967999999992,58.72545,8.11036,False,126342_77,19121
126342,2,77,1473.568,4639,250901,2027,Carry,,58.72545,8.11036,63.38262,9.634444000000002,False,126342_77,19121
126342,2,77,1474.6000000000004,4639,250901,2028,Pass,Unsuccessful,63.38262,9.634444000000002,70.783755,17.328847999999994,False,126342_77,19121
