game_id,period_id,episode_id,time_seconds,team_id,player_id,action_id,type_name,result_name,start_x,start_y,end_x,end_y,is_home,game_episode,phase
126365,2,57,1793.7330000000002,4644,250060,2532,Goal Kick,Successful,0.6444080999999999,41.762472,23.712675,61.5500776,True,126365_57,26225
126365,2,57,1796.501,4644,250055,2534,Carry,,23.712675,61.5500776,47.197815,54.488672,True,126365_57,26225
126365,2,57,1801.3330000000003,4644,250055,2535,Pass,Successful,47.197815,54.488672,54.137895,41.242884,True,126365_57,26225
126365,2,57,1802.568,4644,412005,2537,Carry,,54.137895,41.242884,56.93971499999999,44.518172,True,126365_57,26225
126365,2,57,1803.3330000000003,4644,412005,2538,Pass,Successful,56.93971499999999,44.518172,73.98520500000001,52.56128,True,126365_57,26225
126365,2,57,1805.134,4644,62098,2540,Carry,,73.98520500000001,52.56128,72.31013999999999,49.759544000000005,True,126365_57,26225
126365,2,57,1806.233,4644,62098,2541,Pass,Successful,72.31013999999999,49.759544000000005,74.92211999999999,43.41541599999999,True,126365_57,26225
126365,2,57,1806.4000000000003,4643,187259,2542,Tackle,Unsuccessful,32.36625000000001,18.170144,32.36625000000001,18.170144,False,126365_57,26226
126365,2,57,1807.3330000000003,4644,62112,2544,Pass,Successful,74.92211999999999,43.41541599999999,92.3664,62.410026,True,126365_57,26227
