game_id,period_id,episode_id,time_seconds,team_id,player_id,action_id,type_name,result_name,start_x,start_y,end_x,end_y,is_home,game_episode,phase
126399,2,42,374.8000000000002,4220,500540,1941,Throw-In,Unsuccessful,62.91557999999999,68.0,72.78537,53.353072,False,126399_42,35893
126399,2,42,376.4670000000001,4657,500476,1942,Interception,,32.329184999999995,15.027864,32.329184999999995,15.027864,True,126399_42,35894
126399,2,42,376.4670000000001,4657,500476,1943,Clearance,,32.329184999999995,15.027864,51.18204,26.729780000000005,True,126399_42,35894
126399,2,42,378.7670000000003,4220,500554,1944,Recovery,,53.81796,41.27022,53.81796,41.27022,False,126399_42,35895
126399,2,42,378.76800000000026,4220,500554,1945,Carry,,53.81796,41.27022,45.841005,41.449196,False,126399_42,35895
126399,2,42,381.5,4657,527820,1946,Tackle,Unsuccessful,58.02205500000001,25.572624,58.02205500000001,25.572624,True,126399_42,35896
126399,2,42,381.8670000000002,4220,500554,1947,Pass,Successful,45.841005,41.449196,37.996245,34.449956,False,126399_42,35897
126399,2,42,383.567,4220,500547,1949,Pass,Successful,37.996245,34.449956,36.50052,16.8198,False,126399_42,35897
126399,2,42,385.30100000000016,4220,287282,1951,Carry,,36.50052,16.8198,38.468955,13.515476,False,126399_42,35897
126399,2,42,386.3000000000002,4220,287282,1952,Pass,Successful,38.468955,13.515476,48.33969,28.65826,False,126399_42,35897
126399,2,42,387.4680000000001,4220,354812,1954,Carry,,48.33969,28.65826,52.044615,28.027832000000004,False,126399_42,35897
126399,2,42,388.9670000000001,4220,354812,1955,Pass,Successful,52.044615,28.027832000000004,66.12333000000001,30.271968,False,126399_42,35897
126399,2,42,390.9000000000001,4220,500549,1957,Pass,Successful,67.87095000000001,29.954612000000004,79.24665,16.122188,False,126399_42,35897
126399,2,42,392.9680000000001,4220,500534,1959,Carry,,79.24665,16.122188,82.69632,13.980936,False,126399_42,35897
126399,2,42,394.7000000000003,4220,500534,1960,Pass,Successful,82.69632,13.980936,98.69076,5.429731999999994,False,126399_42,35897
