game_id,period_id,episode_id,time_seconds,team_id,player_id,action_id,type_name,result_name,start_x,start_y,end_x,end_y,is_home,game_episode,phase
126303,1,48,2690.1330000000003,4641,250965,1526,Throw-In,Successful,48.06375,0.0,53.32319999999999,4.900692000000007,True,126303_48,6712
126303,1,48,2691.033,4641,346036,1528,Pass,Successful,53.32319999999999,4.900692000000007,47.994555000000005,2.088756000000004,True,126303_48,6712
126303,1,48,2693.233,4641,250965,1530,Pass,Successful,48.54402,2.429776000000004,54.10293,7.207048,True,126303_48,6712
126303,1,48,2693.933,4641,500602,1532,Pass,Successful,54.10293,7.207048,55.698615,1.1619159999999908,True,126303_48,6712
126303,1,48,2694.7010000000005,4641,346036,1534,Carry,,55.698615,1.1619159999999908,58.903845,1.263235999999992,True,126303_48,6712
126303,1,48,2697.667,4641,346036,1535,Pass,Successful,58.903845,1.263235999999992,46.642785,2.324783999999994,True,126303_48,6712
126303,1,48,2699.6,4641,250965,1537,Pass,Unsuccessful,46.642785,2.324783999999994,44.396835,4.694991999999999,True,126303_48,6712
