game_id,period_id,episode_id,time_seconds,team_id,player_id,action_id,type_name,result_name,start_x,start_y,end_x,end_y,is_home,game_episode,phase
126337,2,51,268.4000000000001,4657,500476,1499,Throw-In,Successful,50.043525,0.0,39.157125,8.335439999999998,True,126337_51,17430
126337,2,51,270.068,4657,357146,1501,Carry,,39.157125,8.335439999999998,40.20744,15.992988000000004,True,126337_51,17430
126337,2,51,271.6669999999999,4657,357146,1502,Pass,Successful,40.20744,15.992988000000004,43.742055,37.683152,True,126337_51,17430
126337,2,51,273.30100000000016,4657,360391,1504,Carry,,43.742055,37.683152,54.558525,45.099232,True,126337_51,17430
126337,2,51,275.8330000000001,4657,360391,1505,Pass,Successful,54.558525,45.099232,74.14281,66.868684,True,126337_51,17430
126337,2,51,279.4000000000001,4657,250172,1507,Pass,Successful,76.982955,66.0693304,68.47711500000001,64.238886,True,126337_51,17430
126337,2,51,282.0999999999999,4657,500493,1509,Pass,Successful,65.64253500000001,63.514006,51.235695,62.2812408,True,126337_51,17430
126337,2,51,284.9670000000001,4657,360391,1511,Pass,Successful,49.69629,61.265348,43.410255,36.74074,True,126337_51,17430
126337,2,51,287.7000000000003,4657,357146,1513,Pass,Successful,43.84254,33.858084000000005,54.061875,26.606224,True,126337_51,17430
126337,2,51,290.5,4657,287281,1515,Pass,Unsuccessful,55.65546,25.266556,91.271145,42.607576,True,126337_51,17430
126337,2,51,293.3000000000002,2353,500561,1516,Interception,,13.324709999999996,25.37855200000001,13.324709999999996,25.37855200000001,False,126337_51,17431
126337,2,51,293.3000000000002,2353,500561,1517,Clearance,,13.324709999999996,25.37855200000001,22.030575,21.659836,False,126337_51,17431
126337,2,51,295.067,2353,356618,1518,Recovery,,22.030575,21.659836,24.30844500000001,21.255984,False,126337_51,17431
126337,2,51,295.067,2353,356618,1519,Pass,Unsuccessful,22.030575,21.659836,24.30844500000001,21.255984,False,126337_51,17431
126337,2,51,295.1669999999999,4657,500493,1520,Block,,82.37229,46.400684,82.37229,46.400684,True,126337_51,17432
126337,2,51,296.933,4657,500481,1521,Recovery,,87.288285,44.527556,87.17866500000001,34.747116,True,126337_51,17432
126337,2,51,296.933,4657,500481,1522,Pass,Successful,87.288285,44.527556,87.17866500000001,34.747116,True,126337_51,17432
