game_id,period_id,episode_id,time_seconds,team_id,player_id,action_id,type_name,result_name,start_x,start_y,end_x,end_y,is_home,game_episode,phase
126377,2,51,545.5329999999999,4641,500595,1709,Goal Kick,Successful,4.1292825,36.286228,13.326285,18.188232,True,126377_51,29701
126377,2,51,547.1009999999999,4641,413677,1711,Carry,,13.326285,18.188232,21.964215,16.604512,True,126377_51,29701
126377,2,51,552.0810000000001,4641,413677,1712,Pass,Successful,21.964215,16.604512,22.906275,25.81586,True,126377_51,29701
126377,2,51,553.2010000000002,4641,346035,1714,Carry,,22.906275,25.81586,25.475205,27.532656000000003,True,126377_51,29701
126377,2,51,555.6840000000002,4641,346035,1715,Pass,Successful,25.475205,27.532656000000003,24.596985,17.05984,True,126377_51,29701
126377,2,51,557.6370000000002,4641,413677,1717,Pass,Successful,25.26636,16.635996,36.88587,19.098208,True,126377_51,29701
126377,2,51,558.4680000000001,4641,500604,1719,Carry,,36.88587,19.098208,37.89681,23.06118,True,126377_51,29701
126377,2,51,559.7040000000002,4641,500604,1720,Pass,Successful,37.89681,23.06118,53.182605,17.186388,True,126377_51,29701
