game_id,period_id,episode_id,time_seconds,team_id,player_id,action_id,type_name,result_name,start_x,start_y,end_x,end_y,is_home,game_episode,phase
126353,1,27,2179.167,2353,356615,1026,Throw-In,Successful,74.58696,67.2741272,60.26233499999999,64.2431156,False,126353_27,22472
126353,1,27,2181.3,2353,356609,1028,Pass,Successful,60.26233499999999,64.2431156,68.35804499999999,65.512764,False,126353_27,22472
126353,1,27,2182.168,2353,356615,1030,Carry,,68.35804499999999,65.512764,75.354825,62.691342,False,126353_27,22472
126353,1,27,2184.333,2353,356615,1031,Pass,Successful,75.354825,62.691342,78.2019,55.655552,False,126353_27,22472
126353,1,27,2185.933,2353,356609,1033,Pass,Unsuccessful,80.14083,54.961816,92.85423,54.118072,False,126353_27,22472
