game_id,period_id,episode_id,time_seconds,team_id,player_id,action_id,type_name,result_name,start_x,start_y,end_x,end_y,is_home,game_episode,phase
126352,1,2,134.767,4220,500552,59,Goal Kick,Successful,5.5934235,34.956828,14.633849999999995,36.326756,False,126352_2,22047
126352,1,2,136.201,4220,354812,61,Carry,,14.633849999999995,36.326756,28.796040000000005,31.384584000000004,False,126352_2,22047
126352,1,2,142.167,4220,354812,62,Pass,Successful,28.796040000000005,31.384584000000004,29.481269999999995,54.227144,False,126352_2,22047
126352,1,2,143.668,4220,500527,64,Carry,,29.481269999999995,54.227144,32.35679999999999,47.354248,False,126352_2,22047
126352,1,2,149.20000000000002,4220,500527,65,Pass,Successful,32.35679999999999,47.354248,30.49199999999999,33.14184,False,126352_2,22047
126352,1,2,150.934,4220,143588,67,Carry,,30.49199999999999,33.14184,33.381495,30.479368,False,126352_2,22047
126352,1,2,152.767,4220,143588,68,Pass,Successful,33.381495,30.479368,69.940185,65.6829952,False,126352_2,22047
126352,1,2,155.901,4220,354809,70,Carry,,69.940185,65.6829952,73.28632499999999,66.480336,False,126352_2,22047
126352,1,2,158.067,4220,354809,71,Pass,Unsuccessful,73.28632499999999,66.480336,86.88141,65.9440132,False,126352_2,22047
