game_id,period_id,episode_id,time_seconds,team_id,player_id,action_id,type_name,result_name,start_x,start_y,end_x,end_y,is_home,game_episode,phase
126331,2,101,2652.8330000000005,316,344465,2556,Throw-In,Successful,87.269595,68.0,76.01286,64.2786252,False,126331_101,15726
126331,2,101,2654.3010000000004,316,139210,2558,Carry,,76.01286,64.2786252,77.87031,57.681204,False,126331_101,15726
126331,2,101,2656.433,316,139210,2559,Cross,Unsuccessful,77.87031,57.681204,99.33063,30.858468,False,126331_101,15726
126331,2,101,2658.3,4657,250167,2560,Aerial Clearance,Successful,5.281594500000001,37.564492,5.281594500000001,37.564492,True,126331_101,15727
126331,2,101,2658.3,4657,250167,2561,Parry,,5.281594500000001,37.564492,5.281594500000001,37.564492,True,126331_101,15727
126331,2,101,2658.3,4657,250167,2562,Recovery,,5.281594500000001,37.564492,5.281594500000001,37.564492,True,126331_101,15727
126331,2,101,2658.3010000000004,4657,250167,2563,Carry,,5.281594500000001,37.564492,15.373785,24.868348,True,126331_101,15727
126331,2,101,2669.933,4657,250167,2564,Pass,Unsuccessful,15.373785,24.868348,74.31774,68.0,True,126331_101,15727
