game_id,period_id,episode_id,time_seconds,team_id,player_id,action_id,type_name,result_name,start_x,start_y,end_x,end_y,is_home,game_episode,phase
126367,2,48,518.7759999999998,4639,491811,1667,Pass_Freekick,Successful,61.545435,10.476079999999996,75.570495,1.3329360000000037,False,126367_48,26760
126367,2,48,520.1980000000001,4639,250902,1669,Carry,,75.570495,1.3329360000000037,78.522255,0.4774280000000033,False,126367_48,26760
126367,2,48,521.4389999999999,4639,250902,1670,Cross,Unsuccessful,78.522255,0.4774280000000033,94.524465,29.222864,False,126367_48,26760
126367,2,48,522.933,4648,145703,1671,Interception,,10.1745735,37.930944,10.1745735,37.930944,True,126367_48,26761
126367,2,48,522.933,4648,145703,1672,Clearance,,10.1745735,37.930944,25.673025,47.788632,True,126367_48,26761
126367,2,48,525.3330000000001,4648,408383,1673,Recovery,,25.673025,47.788632,30.90507,41.385616,True,126367_48,26761
126367,2,48,525.3330000000001,4648,408383,1674,Pass,Unsuccessful,25.673025,47.788632,30.90507,41.385616,True,126367_48,26761
126367,2,48,526.4670000000001,4639,412018,1675,Recovery,,75.12739499999999,26.562228,53.07582000000001,27.48832,False,126367_48,26762
126367,2,48,526.4670000000001,4639,412018,1676,Pass,Successful,75.12739499999999,26.562228,53.07582000000001,27.48832,False,126367_48,26762
126367,2,48,529.462,4639,491810,1678,Pass,Successful,51.52371,25.519652,53.62938,8.313680000000005,False,126367_48,26762
126367,2,48,530.9300000000001,4639,187316,1680,Carry,,53.62938,8.313680000000005,55.937175,5.959180000000004,False,126367_48,26762
126367,2,48,532.674,4639,187316,1681,Pass,Successful,55.937175,5.959180000000004,91.88571,10.33804,False,126367_48,26762
