game_id,period_id,episode_id,time_seconds,team_id,player_id,action_id,type_name,result_name,start_x,start_y,end_x,end_y,is_home,game_episode,phase
126353,2,57,1147.7530000000002,2354,61979,1941,Throw-In,Successful,44.163525,68.0,26.64039,59.545152,True,126353_57,22553
126353,2,57,1150.5210000000002,2354,250036,1943,Pass,Successful,26.64039,59.545152,3.9862305,43.02462,True,126353_57,22553
126353,2,57,1153.7220000000002,2354,142109,1945,Pass,Unsuccessful,3.9862305,43.02462,9.4735305,48.98346,True,126353_57,22553
