game_id,period_id,episode_id,time_seconds,team_id,player_id,action_id,type_name,result_name,start_x,start_y,end_x,end_y,is_home,game_episode,phase
126324,1,36,2743.6,4646,356599,1513,Throw-In,Successful,85.1004,67.62904436,70.0707,45.7062,True,126324_36,13338
126324,1,36,2747.8,4646,356603,1515,Pass,Successful,70.0707,45.7062,64.147125,25.639807999999995,True,126324_36,13338
126324,1,36,2750.2000000000003,4646,61616,1517,Pass,Successful,64.390935,24.463272000000003,66.087945,8.408472000000003,True,126324_36,13338
126324,1,36,2753.215,4646,61623,1519,Pass,Successful,66.074505,9.59344,56.52927,17.325924,True,126324_36,13338
126324,1,36,2754.2390000000005,4646,61616,1521,Carry,,56.52927,17.325924,55.021575,20.430736000000003,True,126324_36,13338
126324,1,36,2755.224,4646,61616,1522,Pass,Successful,55.021575,20.430736000000003,44.0643,46.885048,True,126324_36,13338
126324,1,36,2757.568,4646,500452,1524,Pass,Successful,44.0643,46.885048,49.863765,63.2255976,True,126324_36,13338
126324,1,36,2759.944,4646,161122,1526,Pass,Successful,50.84436,63.4812232,61.429095,67.81187528,True,126324_36,13338
