game_id,period_id,episode_id,time_seconds,team_id,player_id,action_id,type_name,result_name,start_x,start_y,end_x,end_y,is_home,game_episode,phase
126334,1,10,763.267,4639,187316,474,Throw-In,Successful,67.581045,0.0,44.712255,5.175207999999998,True,126334_10,16371
126334,1,10,765.801,4639,491810,476,Carry,,44.712255,5.175207999999998,45.946215,9.076231999999996,True,126334_10,16371
126334,1,10,767.2330000000001,4639,491810,477,Pass,Successful,45.946215,9.076231999999996,42.8253,43.440508,True,126334_10,16371
126334,1,10,769.934,4639,250904,479,Carry,,42.8253,43.440508,50.55351,48.911788,True,126334_10,16371
126334,1,10,772.267,4639,250904,480,Pass,Successful,50.55351,48.911788,61.73622,67.37383832,True,126334_10,16371
