game_id,period_id,episode_id,time_seconds,team_id,player_id,action_id,type_name,result_name,start_x,start_y,end_x,end_y,is_home,game_episode,phase
126361,2,65,2456.967000000001,2353,356609,2714,Throw-In,Successful,98.6706,68.0,81.429915,63.04892,False,126361_65,25111
126361,2,65,2458.934,2353,500565,2716,Carry,,81.429915,63.04892,85.279635,64.3893768,False,126361_65,25111
126361,2,65,2459.9000000000005,2353,500565,2717,Pass,Successful,85.279635,64.3893768,88.01814,57.999648,False,126361_65,25111
