game_id,period_id,episode_id,time_seconds,team_id,player_id,action_id,type_name,result_name,start_x,start_y,end_x,end_y,is_home,game_episode,phase
126396,2,83,2088.2,4646,500460,2690,Goal Kick,Unsuccessful,5.325663000000006,30.992972,66.034605,23.579884,False,126396_83,35025
126396,2,83,2091.9000000000005,4641,500602,2691,Duel,Successful,38.675595,44.702112,38.675595,44.702112,True,126396_83,35026
126396,2,83,2093.3,4641,250963,2692,Recovery,,46.58829,45.380752,55.99062000000001,34.989604,True,126396_83,35026
126396,2,83,2093.3,4641,250963,2693,Pass,Unsuccessful,46.58829,45.380752,55.99062000000001,34.989604,True,126396_83,35026
