game_id,period_id,episode_id,time_seconds,team_id,player_id,action_id,type_name,result_name,start_x,start_y,end_x,end_y,is_home,game_episode,phase
126357,2,87,2844.433,2353,356626,2811,Pass_Freekick,Unsuccessful,24.291015,31.671544,76.0872,55.012136,True,126357_87,23945
126357,2,87,2848.0330000000004,4641,187313,2812,Interception,,28.620375,13.715804,28.620375,13.715804,False,126357_87,23946
126357,2,87,2848.0330000000004,4641,187313,2813,Clearance,,28.620375,13.715804,29.69757,11.383404,False,126357_87,23946
126357,2,87,2848.1000000000004,4641,250965,2814,Hit,,29.69757,11.383404,29.69757,11.383404,False,126357_87,23946
126357,2,87,2850.0,4641,73228,2815,Recovery,,39.495225000000005,13.614007999999998,34.362195,2.5623080000000016,False,126357_87,23946
126357,2,87,2850.0,4641,73228,2816,Pass,Successful,39.495225000000005,13.614007999999998,34.362195,2.5623080000000016,False,126357_87,23946
126357,2,87,2851.9000000000005,4641,250965,2818,Pass,Unsuccessful,34.362195,2.5623080000000016,36.322965,1.0283639999999965,False,126357_87,23946
