game_id,period_id,episode_id,time_seconds,team_id,player_id,action_id,type_name,result_name,start_x,start_y,end_x,end_y,is_home,game_episode,phase
126306,2,49,133.058,4648,145701,1503,Throw-In,Successful,60.85254,68.0,79.996245,66.4925284,True,126306_49,7616
126306,2,49,134.79600000000028,4648,77414,1505,Pass,Unsuccessful,79.996245,66.4925284,82.20229499999999,62.2866128,True,126306_49,7616
126306,2,49,134.933,4644,62086,1506,Block,,21.422625,5.577292,21.422625,5.577292,False,126306_49,7617
126306,2,49,135.9949999999999,4648,77414,1507,Recovery,,82.95220499999999,63.4395528,82.95220499999999,63.4395528,True,126306_49,7618
126306,2,49,137.84299999999985,4648,77414,1508,Pass,Unsuccessful,80.54781,61.8666856,76.27966500000001,55.033488,True,126306_49,7618
126306,2,49,139.0999999999999,4644,500505,1509,Recovery,,29.14107,12.834048000000005,29.14107,12.834048000000005,False,126306_49,7619
126306,2,49,139.9000000000001,4644,500505,1510,Pass,Successful,31.22301,11.607327999999995,41.891115,2.339811999999995,False,126306_49,7619
