game_id,period_id,episode_id,time_seconds,team_id,player_id,action_id,type_name,result_name,start_x,start_y,end_x,end_y,is_home,game_episode,phase
126349,1,4,180.03300000000002,4646,356599,96,Pass_Corner,Successful,105.0,0.0,96.26274,38.885324,True,126349_4,21084
126349,1,4,181.733,4646,61645,98,Shot,Blocked,96.26274,38.885324,100.03812,37.221024,True,126349_4,21084
126349,1,4,181.9,4646,146189,99,Hit,,100.03812,37.221024,100.03812,37.221024,True,126349_4,21084
126349,1,4,182.3665,316,248886,100,Recovery,,6.487582500000002,32.005084000000004,6.487582500000002,32.005084000000004,False,126349_4,21085
126349,1,4,182.833,316,248886,101,Clearance,,6.487582500000002,32.005084000000004,15.160215000000008,39.390632,False,126349_4,21085
126349,1,4,184.267,4646,188514,102,Recovery,,89.83978499999999,28.609368000000003,89.83978499999999,28.609368000000003,True,126349_4,21086
126349,1,4,185.1,4646,188514,103,Pass,Successful,89.30565,28.787732,81.82566,26.817772000000005,True,126349_4,21086
