game_id,period_id,episode_id,time_seconds,team_id,player_id,action_id,type_name,result_name,start_x,start_y,end_x,end_y,is_home,game_episode,phase
126398,1,17,929.3,4640,146174,470,Pass_Freekick,Successful,60.613455,16.213307999999998,50.1921,21.884304,True,126398_17,35498
126398,1,17,932.4,4640,146168,472,Pass,Successful,49.610085,21.969235999999995,48.635685,40.03092,True,126398_17,35498
126398,1,17,935.667,4640,503221,474,Pass,Successful,48.607335,41.193924,45.976245,30.553011999999995,True,126398_17,35498
126398,1,17,938.0,4640,146168,476,Pass,Successful,46.468275,28.553676000000003,45.46773,19.951472000000003,True,126398_17,35498
126398,1,17,938.933,4640,491837,478,Pass,Successful,45.46773,19.951472000000003,43.854825,32.375684,True,126398_17,35498
126398,1,17,942.867,4640,146168,480,Pass,Successful,44.1399,34.15436,40.275375,52.126624,True,126398_17,35498
126398,1,17,945.082,4640,503221,482,Pass,Successful,41.39961,52.9244,49.291515,63.6085532,True,126398_17,35498
126398,1,17,947.533,4640,527821,484,Pass,Successful,48.593055,62.1736784,32.948475,40.808296,True,126398_17,35498
126398,1,17,949.168,4640,146168,486,Carry,,32.948475,40.808296,33.507600000000004,37.589380000000006,True,126398_17,35498
126398,1,17,950.967,4640,146168,487,Pass,Successful,33.507600000000004,37.589380000000006,32.80389,22.881932,True,126398_17,35498
126398,1,17,952.268,4640,491837,489,Carry,,32.80389,22.881932,37.149525,26.041824,True,126398_17,35498
126398,1,17,953.933,4640,491837,490,Pass,Unsuccessful,37.149525,26.041824,69.97179,66.110994,True,126398_17,35498
