game_id,period_id,episode_id,time_seconds,team_id,player_id,action_id,type_name,result_name,start_x,start_y,end_x,end_y,is_home,game_episode,phase
126378,1,13,982.567,4648,500140,501,Throw-In,Unsuccessful,9.394843500000007,68.0,32.379795,63.3016896,False,126378_13,29864
126378,1,13,984.433,316,500126,502,Recovery,,72.733185,4.504115999999996,79.026255,3.2937160000000034,True,126378_13,29865
126378,1,13,984.433,316,500126,503,Pass,Successful,72.733185,4.504115999999996,79.026255,3.2937160000000034,True,126378_13,29865
126378,1,13,985.266,316,143410,505,Pass,Unsuccessful,79.026255,3.2937160000000034,78.72133500000001,4.069255999999996,True,126378_13,29865
