game_id,period_id,episode_id,time_seconds,team_id,player_id,action_id,type_name,result_name,start_x,start_y,end_x,end_y,is_home,game_episode,phase
126368,2,61,1253.3670000000002,316,143410,2072,Throw-In,Successful,64.542765,0.0,61.07944500000001,23.18562,False,126368_61,27050
126368,2,61,1256.033,316,407441,2074,Pass,Successful,61.07944500000001,23.18562,45.73107,55.960328,False,126368_61,27050
126368,2,61,1259.3680000000002,316,503173,2076,Carry,,45.73107,55.960328,48.89829,56.0303,False,126368_61,27050
126368,2,61,1260.833,316,503173,2077,Pass,Successful,48.89829,56.0303,74.636415,64.3444424,False,126368_61,27050
