game_id,period_id,episode_id,time_seconds,team_id,player_id,action_id,type_name,result_name,start_x,start_y,end_x,end_y,is_home,game_episode,phase
126322,1,15,564.669,2353,356610,242,Throw-In,Successful,95.741625,0.0,87.4041,4.947544000000001,False,126322_15,12528
126322,1,15,566.184,2353,356618,244,Pass,Successful,88.12713,5.487667999999999,92.49849,0.8319800000000015,False,126322_15,12528
126322,1,15,567.333,2353,356610,246,Pass,Unsuccessful,91.93317,0.2548639999999977,91.78407,0.7763560000000069,False,126322_15,12528
