game_id,period_id,episode_id,time_seconds,team_id,player_id,action_id,type_name,result_name,start_x,start_y,end_x,end_y,is_home,game_episode,phase
126364,1,20,1524.9,4646,193858,799,Goal Kick,Successful,3.0804795,29.597136,4.6229925,20.951208,True,126364_20,25773
126364,1,20,1525.934,4646,500452,801,Carry,,4.6229925,20.951208,5.9137785,18.196256000000005,True,126364_20,25773
126364,1,20,1528.233,4646,500452,802,Pass,Successful,5.9137785,18.196256000000005,9.482172,5.74906,True,126364_20,25773
126364,1,20,1529.927,4646,61616,804,Pass,Successful,10.0248645,4.462432,23.246685,0.4209879999999941,True,126364_20,25773
126364,1,20,1531.867,4646,250148,806,Pass,Successful,21.896385,1.8485799999999983,25.46607,6.6789599999999965,True,126364_20,25773
126364,1,20,1532.6,4648,250101,808,Tackle,Unsuccessful,79.669065,60.563928,79.669065,60.563928,False,126364_20,25774
126364,1,20,1533.667,4646,250147,809,Pass,Successful,25.39593,8.912828000000005,36.727845,17.795123999999994,True,126364_20,25775
126364,1,20,1535.467,4646,61645,811,Pass,Successful,37.846725,17.846396,55.93434,4.046748000000001,True,126364_20,25775
126364,1,20,1537.434,4646,250148,813,Carry,,55.93434,4.046748000000001,71.81790000000001,9.836199999999998,True,126364_20,25775
126364,1,20,1543.133,4646,250148,814,Pass,Successful,71.81790000000001,9.836199999999998,63.99771,14.734512000000002,True,126364_20,25775
126364,1,20,1544.333,4646,146189,815,Duel,Successful,63.99771,14.734512000000002,63.99771,14.734512000000002,True,126364_20,25775
126364,1,20,1544.334,4646,146189,817,Carry,,63.99771,14.734512000000002,68.67125999999999,13.921300000000002,True,126364_20,25775
126364,1,20,1544.333,4648,188178,818,Tackle,Unsuccessful,40.83555,53.260456,40.83555,53.260456,False,126364_20,25776
126364,1,20,1545.6,4648,250101,819,Intervention,,36.32874000000001,54.0787,36.32874000000001,54.0787,False,126364_20,25776
126364,1,20,1547.467,4648,188178,820,Recovery,,42.28056,52.080588,42.28056,52.080588,False,126364_20,25776
126364,1,20,1547.468,4648,188178,821,Carry,,42.28056,52.080588,56.05194,45.448684,False,126364_20,25776
126364,1,20,1550.133,4648,188178,822,Pass,Unsuccessful,56.05194,45.448684,71.077125,68.0,False,126364_20,25776
