game_id,period_id,episode_id,time_seconds,team_id,player_id,action_id,type_name,result_name,start_x,start_y,end_x,end_y,is_home,game_episode,phase
126392,1,33,2659.0,4657,500476,1477,Goal Kick,Successful,5.4384225000000015,43.45914,5.298657000000006,34.790704000000005,False,126392_33,33823
126392,1,33,2662.2670000000003,4657,250167,1479,Pass,Successful,5.901430500000004,32.479316,6.095890499999996,14.041524000000004,False,126392_33,33823
126392,1,33,2663.873,4657,500469,1481,Carry,,6.095890499999996,14.041524000000004,6.714487500000004,10.719383999999998,False,126392_33,33823
126392,1,33,2665.1330000000003,4657,500469,1482,Pass,Unsuccessful,6.714487500000004,10.719383999999998,41.319075,6.577435999999999,False,126392_33,33823
126392,1,33,2667.9,2353,500562,1483,Interception,,63.76104,62.4253668,68.96442,59.03284,True,126392_33,33824
126392,1,33,2667.9,2353,500562,1484,Pass,Successful,63.76104,62.4253668,68.96442,59.03284,True,126392_33,33824
