game_id,period_id,episode_id,time_seconds,team_id,player_id,action_id,type_name,result_name,start_x,start_y,end_x,end_y,is_home,game_episode,phase
126368,2,49,479.9670000000001,316,500126,1719,Throw-In,Successful,29.041740000000004,0.0,28.59549,5.747088000000005,False,126368_49,27026
126368,2,49,481.0,316,407441,1721,Pass,Successful,28.59549,5.747088000000005,24.628275,1.129480000000001,False,126368_49,27026
126368,2,49,482.0,316,500126,1723,Pass,Successful,24.628275,1.129480000000001,14.654430000000003,27.998456000000004,False,126368_49,27026
126368,2,49,484.1009999999999,316,248886,1725,Carry,,14.654430000000003,27.998456000000004,47.935125,53.302888,False,126368_49,27026
126368,2,49,492.2670000000003,316,248886,1726,Pass,Successful,47.935125,53.302888,50.010555,40.953544,False,126368_49,27026
126368,2,49,494.97000000000025,316,161110,1728,Pass,Successful,51.720795,38.51724,73.41253499999999,3.079108000000005,False,126368_49,27026
126368,2,49,497.8330000000001,316,500126,1730,Pass,Successful,72.33534,2.583388,88.906545,6.920971999999999,False,126368_49,27026
