game_id,period_id,episode_id,time_seconds,team_id,player_id,action_id,type_name,result_name,start_x,start_y,end_x,end_y,is_home,game_episode,phase
126366,1,11,341.241,4220,287282,140,Throw-In,Successful,82.70745,0.0,83.801235,5.7588520000000045,False,126366_11,26306
126366,1,11,343.233,4641,500604,142,Tackle,Unsuccessful,21.927885,63.3223344,21.927885,63.3223344,True,126366_11,26307
126366,1,11,343.833,4641,346037,143,Intervention,,21.13902,60.467708,21.13902,60.467708,True,126366_11,26307
126366,1,11,344.90000000000003,4641,500602,144,Recovery,,16.90185,59.496872,16.90185,59.496872,True,126366_11,26307
126366,1,11,344.901,4641,500602,145,Carry,,16.90185,59.496872,13.3707,62.4463924,True,126366_11,26307
126366,1,11,346.333,4641,500602,146,Pass,Unsuccessful,13.3707,62.4463924,38.87415,60.934528,True,126366_11,26307
126366,1,11,347.733,4220,143588,147,Interception,,66.04773,7.064655999999999,66.04773,7.064655999999999,False,126366_11,26308
126366,1,11,347.733,4220,143588,148,Clearance,,66.04773,7.064655999999999,78.856365,7.9382519999999985,False,126366_11,26308
126366,1,11,348.733,4641,500604,149,Recovery,,26.143635,60.061748,26.143635,60.061748,True,126366_11,26309
126366,1,11,348.734,4641,500604,150,Carry,,26.143635,60.061748,29.817585,59.946896,True,126366_11,26309
126366,1,11,349.967,4641,500604,151,Pass,Unsuccessful,29.817585,59.946896,43.20666,53.01994,True,126366_11,26309
126366,1,11,351.5,4220,500554,152,Interception,,61.609695,15.140948000000002,61.609695,15.140948000000002,False,126366_11,26310
126366,1,11,351.501,4220,500554,153,Carry,,61.609695,15.140948000000002,70.88486999999999,7.437364000000002,False,126366_11,26310
126366,1,11,356.267,4220,500554,154,Pass,Successful,70.88486999999999,7.437364000000002,65.578485,14.914168000000004,False,126366_11,26310
126366,1,11,357.87600000000003,4220,354812,156,Pass,Successful,66.27159,16.645787999999996,55.72665000000001,51.896852,False,126366_11,26310
