game_id,period_id,episode_id,time_seconds,team_id,player_id,action_id,type_name,result_name,start_x,start_y,end_x,end_y,is_home,game_episode,phase
126336,2,64,1718.8559999999998,2354,215806,2311,Throw-In,Unsuccessful,88.11054,0.0,96.91248,3.1431639999999987,True,126336_64,17166
126336,2,64,1719.933,4641,145831,2312,Block,,9.359101499999994,64.598538,9.359101499999994,64.598538,False,126336_64,17167
126336,2,64,1720.8000000000002,2354,215806,2313,Recovery,,92.766345,1.038427999999996,92.95671,8.719504,True,126336_64,17168
126336,2,64,1720.8000000000002,2354,215806,2314,Pass,Successful,92.766345,1.038427999999996,92.95671,8.719504,True,126336_64,17168
126336,2,64,1722.1059999999998,2354,253677,2316,Pass,Successful,93.94917,7.418255999999999,93.61191,3.377219999999994,True,126336_64,17168
126336,2,64,1722.7330000000002,4641,145831,2318,Intervention,,10.689104999999998,64.1630864,10.689104999999998,64.1630864,False,126336_64,17169
126336,2,64,1724.067,4641,500604,2320,Clearance,,13.711529999999996,59.83728,52.8213,55.716276,False,126336_64,17169
126336,2,64,1727.0789999999995,2354,500147,2321,Recovery,,52.1787,12.283724,52.1787,12.283724,True,126336_64,17170
126336,2,64,1727.817,2354,500147,2322,Pass,Successful,50.542695,12.015055999999994,52.594605,3.170159999999996,True,126336_64,17170
