game_id,period_id,episode_id,time_seconds,team_id,player_id,action_id,type_name,result_name,start_x,start_y,end_x,end_y,is_home,game_episode,phase
126344,2,64,1412.3850000000002,4639,187316,2040,Pass_Freekick,Successful,49.32081,10.076852000000002,38.09652,30.576268,True,126344_64,19687
126344,2,64,1415.236,4639,491810,2042,Pass,Successful,38.09652,30.576268,44.37594,48.39526,True,126344_64,19687
126344,2,64,1420.281,4639,77828,2044,Pass,Successful,46.77834,49.217652,37.393335,34.332588,True,126344_64,19687
126344,2,64,1421.7679999999998,4639,491810,2046,Carry,,37.393335,34.332588,37.13073,25.26778,True,126344_64,19687
126344,2,64,1426.7129999999995,4639,491810,2047,Pass,Unsuccessful,37.13073,25.26778,56.88616499999999,0.0,True,126344_64,19687
