game_id,period_id,episode_id,time_seconds,team_id,player_id,action_id,type_name,result_name,start_x,start_y,end_x,end_y,is_home,game_episode,phase
126314,1,53,2205.433,4646,250141,1184,Pass_Freekick,Successful,51.336075,57.057032,37.1133,45.744212000000005,True,126314_53,10173
126314,1,53,2208.233,4646,500452,1186,Pass,Successful,36.42282,43.171908,34.86861,27.51905600000001,True,126314_53,10173
126314,1,53,2210.433,4646,146185,1188,Pass,Successful,34.543634999999995,24.791576,46.437825,16.281988,True,126314_53,10173
126314,1,53,2212.1330000000003,4646,356607,1190,Pass,Successful,46.437825,16.281988,39.53901,2.106027999999995,True,126314_53,10173
126314,1,53,2213.733,4646,250145,1192,Pass,Unsuccessful,39.53901,2.106027999999995,53.783205,17.65858,True,126314_53,10173
126314,1,53,2215.6330000000003,4641,346035,1193,Recovery,,51.324105,51.418336,51.324105,51.418336,False,126314_53,10174
126314,1,53,2215.6340000000005,4641,346035,1194,Carry,,51.324105,51.418336,70.264425,59.393104,False,126314_53,10174
126314,1,53,2219.767,4641,346035,1195,Pass,Successful,70.264425,59.393104,75.48471,66.3938332,False,126314_53,10174
126314,1,53,2222.267,4641,500586,1197,Pass,Successful,78.05216999999999,65.5496744,99.49149,60.917528,False,126314_53,10174
