game_id,period_id,episode_id,time_seconds,team_id,player_id,action_id,type_name,result_name,start_x,start_y,end_x,end_y,is_home,game_episode,phase
126307,2,60,1308.3540000000005,4639,77845,1979,Pass_Corner,Unsuccessful,105.0,0.0,98.944545,30.633252,True,126307_60,7941
126307,2,60,1309.933,4220,143588,1980,Interception,,6.608962500000004,36.528580000000005,6.608962500000004,36.528580000000005,False,126307_60,7942
126307,2,60,1309.933,4220,143588,1981,Clearance,,6.608962500000004,36.528580000000005,36.22206,59.224668,False,126307_60,7942
126307,2,60,1313.89,4639,354806,1982,Duel,Successful,68.77794,8.775331999999999,68.77794,8.775331999999999,True,126307_60,7943
126307,2,60,1313.89,4639,354806,1983,Recovery,,68.77794,8.775331999999999,68.77794,8.775331999999999,True,126307_60,7943
126307,2,60,1313.8909999999998,4639,354806,1984,Carry,,68.77794,8.775331999999999,47.425245,4.460868000000005,True,126307_60,7943
126307,2,60,1319.866,4639,354806,1985,Pass,Successful,47.425245,4.460868000000005,40.730655,17.021080000000005,True,126307_60,7943
126307,2,60,1322.2,4639,187316,1987,Carry,,40.730655,17.021080000000005,44.33415,19.449088000000003,True,126307_60,7943
126307,2,60,1324.766,4639,187316,1988,Pass,Successful,44.33415,19.449088000000003,57.19602,4.7023360000000025,True,126307_60,7943
126307,2,60,1326.084,4639,354806,1990,Carry,,57.19602,4.7023360000000025,61.619145,2.2551519999999954,True,126307_60,7943
126307,2,60,1327.393,4639,354806,1991,Pass,Successful,61.619145,2.2551519999999954,67.45116,0.8633959999999945,True,126307_60,7943
126307,2,60,1328.933,4639,77845,1993,Pass,Successful,67.08995999999999,1.8444319999999976,67.49946,10.487436000000002,True,126307_60,7943
