game_id,period_id,episode_id,time_seconds,team_id,player_id,action_id,type_name,result_name,start_x,start_y,end_x,end_y,is_home,game_episode,phase
126329,2,97,2854.867,4646,193858,2928,Goal Kick,Successful,3.0571695000000005,29.048376,19.2885,56.28632,False,126329_97,15125
126329,2,97,2857.9680000000008,4646,356603,2930,Carry,,19.2885,56.28632,73.90383,53.32628,False,126329_97,15125
126329,2,97,2870.267,4646,356603,2931,Pass,Successful,73.90383,53.32628,71.356005,38.899536,False,126329_97,15125
126329,2,97,2872.4000000000005,4646,250141,2933,Pass,Successful,71.92332,37.954472,76.09665,14.232672,False,126329_97,15125
