game_id,period_id,episode_id,time_seconds,team_id,player_id,action_id,type_name,result_name,start_x,start_y,end_x,end_y,is_home,game_episode,phase
126370,2,75,1583.1999999999998,4657,62633,2305,Throw-In,Unsuccessful,91.76811,0.0,94.99728,17.927723999999998,True,126370_75,27714
126370,2,75,1585.1999999999998,4641,145831,2306,Interception,,10.293801000000002,51.256156,10.293801000000002,51.256156,False,126370_75,27715
126370,2,75,1585.1999999999998,4641,145831,2307,Clearance,,10.293801000000002,51.256156,14.023905,43.980564,False,126370_75,27715
126370,2,75,1586.6329999999998,4657,250172,2308,Recovery,,90.976095,24.019436,90.976095,24.019436,True,126370_75,27716
126370,2,75,1586.6339999999998,4657,250172,2309,Carry,,90.976095,24.019436,88.356135,28.48452,True,126370_75,27716
126370,2,75,1587.3000000000002,4641,346035,2310,Tackle,Unsuccessful,14.663354999999996,42.264788,14.663354999999996,42.264788,False,126370_75,27717
126370,2,75,1588.1670000000004,4657,250172,2311,Pass,Successful,88.356135,28.48452,86.785125,39.419668,True,126370_75,27718
