game_id,period_id,episode_id,time_seconds,team_id,player_id,action_id,type_name,result_name,start_x,start_y,end_x,end_y,is_home,game_episode,phase
126308,2,51,140.26700000000028,2354,142109,1450,Goal Kick,Unsuccessful,5.158534500000002,32.481492,54.83919,44.409508,False,126308_51,8190
126308,2,51,143.6330000000003,4657,500484,1451,Duel,Successful,50.09298,21.286584000000005,50.09298,21.286584000000005,True,126308_51,8191
126308,2,51,145.30000000000018,4657,287281,1452,Recovery,,59.420865,25.345775999999997,56.724255,29.951688000000004,True,126308_51,8191
126308,2,51,145.30000000000018,4657,287281,1453,Pass,Successful,59.420865,25.345775999999997,56.724255,29.951688000000004,True,126308_51,8191
