game_id,period_id,episode_id,time_seconds,team_id,player_id,action_id,type_name,result_name,start_x,start_y,end_x,end_y,is_home,game_episode,phase
126333,2,62,2511.005,2353,500562,2718,Throw-In,Successful,91.722435,0.0,70.5411,4.647255999999999,True,126333_62,16302
126333,2,62,2514.0330000000004,2353,500576,2720,Pass,Successful,70.119945,3.654387999999997,67.458195,18.020000000000003,True,126333_62,16302
126333,2,62,2516.9750000000004,2353,356612,2722,Pass,Successful,69.51084,17.524755999999996,82.70871,3.757068000000004,True,126333_62,16302
126333,2,62,2519.367,2353,500562,2724,Pass,Successful,84.73101,3.4909159999999986,103.413135,10.383599999999994,True,126333_62,16302
