game_id,period_id,episode_id,time_seconds,team_id,player_id,action_id,type_name,result_name,start_x,start_y,end_x,end_y,is_home,game_episode,phase
126396,1,20,1031.433,4641,413677,605,Pass_Corner,Unsuccessful,105.0,68.0,99.847755,33.29858,True,126396_20,34840
126396,1,20,1033.533,4646,500460,606,Aerial Clearance,Unsuccessful,5.260563000000005,34.105604,5.260563000000005,34.105604,False,126396_20,34841
126396,1,20,1035.067,4646,61623,607,Interception,,5.240665500000006,40.405396,5.240665500000006,40.405396,False,126396_20,34841
126396,1,20,1035.067,4646,61623,608,Clearance,,5.240665500000006,40.405396,25.245255,47.915044,False,126396_20,34841
126396,1,20,1037.267,4641,500592,609,Recovery,,79.754745,20.084956000000005,95.6382,16.29484,True,126396_20,34842
126396,1,20,1037.267,4641,500592,610,Pass,Successful,79.754745,20.084956000000005,95.6382,16.29484,True,126396_20,34842
