game_id,period_id,episode_id,time_seconds,team_id,player_id,action_id,type_name,result_name,start_x,start_y,end_x,end_y,is_home,game_episode,phase
126376,1,3,302.6,4644,250055,198,Throw-In,Successful,99.96168,0.0,95.62686,4.185876,False,126376_3,29276
126376,1,3,303.367,4644,62112,200,Pass,Successful,95.62686,4.185876,96.835725,0.7351479999999952,False,126376_3,29276
126376,1,3,304.434,4644,250055,202,Carry,,96.835725,0.7351479999999952,100.75275,1.098879999999994,False,126376_3,29276
126376,1,3,307.133,4644,250055,203,Pass,Unsuccessful,100.75275,1.098879999999994,101.10303,1.7646000000000015,False,126376_3,29276
126376,1,3,307.40000000000003,4657,500486,204,Interception,,3.352818,65.7937468,3.352818,65.7937468,True,126376_3,29277
126376,1,3,307.401,4657,500486,205,Carry,,3.352818,65.7937468,7.608845999999999,66.3609756,True,126376_3,29277
126376,1,3,309.367,4657,500486,206,Pass,Unsuccessful,7.608845999999999,66.3609756,10.222170000000006,66.687192,True,126376_3,29277
