game_id,period_id,episode_id,time_seconds,team_id,player_id,action_id,type_name,result_name,start_x,start_y,end_x,end_y,is_home,game_episode,phase
126327,1,21,1387.5,4639,142258,655,Goal Kick,Unsuccessful,5.1253335,26.767316,58.71831,6.685012,True,126327_21,14259
126327,1,21,1390.767,2353,356609,656,Interception,,46.074000000000005,60.81988,58.058805,68.0,False,126327_21,14260
126327,1,21,1390.767,2353,356609,657,Pass,Unsuccessful,46.074000000000005,60.81988,58.058805,68.0,False,126327_21,14260
