game_id,period_id,episode_id,time_seconds,team_id,player_id,action_id,type_name,result_name,start_x,start_y,end_x,end_y,is_home,game_episode,phase
126347,1,44,2801.333,4641,250965,1406,Throw-In,Successful,34.624065,68.0,47.452125,66.215204,True,126347_44,20602
126347,1,44,2803.5,4641,346036,1408,Pass,Successful,47.4978,68.0,42.11424,67.66253504,True,126347_44,20602
126347,1,44,2804.668,4641,250965,1410,Carry,,42.11424,67.66253504,38.813775,63.8201148,True,126347_44,20602
126347,1,44,2807.2670000000003,4641,250965,1411,Pass,Successful,38.813775,63.8201148,14.973315,34.257312,True,126347_44,20602
126347,1,44,2811.2670000000003,4641,250957,1413,Pass,Successful,14.973315,34.257312,19.18854,39.782652,True,126347_44,20602
126347,1,44,2813.0,4641,187313,1415,Pass,Successful,19.18854,39.782652,23.034270000000003,24.845092,True,126347_44,20602
126347,1,44,2815.1,4641,413677,1417,Pass,Successful,23.63529,25.097032,29.30445,44.863884,True,126347_44,20602
126347,1,44,2816.8680000000004,4641,500602,1419,Carry,,29.30445,44.863884,39.496485,49.39588,True,126347_44,20602
126347,1,44,2819.933,4641,500602,1420,Pass,Successful,39.496485,49.39588,44.998275,63.0562436,True,126347_44,20602
126347,1,44,2821.4680000000003,4641,145831,1422,Carry,,44.998275,63.0562436,46.33566,56.55016,True,126347_44,20602
126347,1,44,2824.933,4641,145831,1423,Pass,Successful,46.33566,56.55016,39.556965,41.825916,True,126347_44,20602
126347,1,44,2827.167,4641,187313,1425,Pass,Successful,40.26876,41.632456000000005,46.20231,45.521648,True,126347_44,20602
126347,1,44,2828.433,4641,500602,1427,Pass,Successful,46.20231,45.521648,37.48374,38.586736,True,126347_44,20602
