game_id,period_id,episode_id,time_seconds,team_id,player_id,action_id,type_name,result_name,start_x,start_y,end_x,end_y,is_home,game_episode,phase
126340,1,7,426.533,4646,250148,278,Throw-In,Successful,34.513185,0.0,18.260235,13.664871999999995,True,126340_7,18215
126340,1,7,428.584,4646,356605,280,Pass,Successful,18.260235,13.664871999999995,28.3206,17.00136,True,126340_7,18215
126340,1,7,429.71,4646,146189,282,Carry,,28.3206,17.00136,21.520065,30.549,True,126340_7,18215
126340,1,7,432.433,4646,146189,283,Pass,Successful,21.520065,30.549,16.897125000000003,51.177956,True,126340_7,18215
126340,1,7,434.205,4646,188514,285,Pass,Successful,16.897125000000003,51.177956,34.215825,66.3668508,True,126340_7,18215
126340,1,7,436.117,4646,61623,287,Pass,Unsuccessful,34.215825,66.3668508,48.26871,55.656164,True,126340_7,18215
126340,1,7,437.033,4640,413675,288,Recovery,,57.255765,11.546943999999996,69.684195,13.388996,False,126340_7,18216
126340,1,7,437.033,4640,413675,289,Pass,Unsuccessful,57.255765,11.546943999999996,69.684195,13.388996,False,126340_7,18216
126340,1,7,438.433,4646,250141,290,Recovery,,35.23716,54.23578,35.23716,54.23578,True,126340_7,18217
126340,1,7,439.8,4646,250141,291,Pass,Successful,37.136295,55.742524,34.749855,60.658992,True,126340_7,18217
126340,1,7,442.627,4646,61623,293,Pass,Successful,33.846855,59.944992,20.91621,45.834992,True,126340_7,18217
126340,1,7,443.833,4646,356605,295,Pass,Successful,20.91621,45.834992,16.336425,56.197648,True,126340_7,18217
126340,1,7,445.001,4646,188514,297,Carry,,16.336425,56.197648,16.147215,59.361824,True,126340_7,18217
126340,1,7,446.233,4646,188514,298,Pass,Successful,16.147215,59.361824,43.328355,62.7330532,True,126340_7,18217
