game_id,period_id,episode_id,time_seconds,team_id,player_id,action_id,type_name,result_name,start_x,start_y,end_x,end_y,is_home,game_episode,phase
126321,1,10,1223.133,4643,83615,668,Throw-In,Successful,70.82396999999999,68.0,64.36646999999999,58.650612,False,126321_10,12305
126321,1,10,1225.401,4643,500117,670,Carry,,64.36646999999999,58.650612,65.85589499999999,50.044124,False,126321_10,12305
126321,1,10,1229.867,4643,500117,671,Pass,Successful,65.85589499999999,50.044124,52.601850000000006,46.260264,False,126321_10,12305
126321,1,10,1231.483,4643,500115,673,Pass,Successful,52.601850000000006,46.260264,51.35172,25.133208,False,126321_10,12305
126321,1,10,1234.167,4643,408792,675,Pass,Successful,52.107825,25.29022,62.974485,30.325484000000003,False,126321_10,12305
126321,1,10,1235.401,4643,500113,677,Carry,,62.974485,30.325484000000003,67.01330999999999,32.643808,False,126321_10,12305
126321,1,10,1238.333,4643,500113,678,Pass,Successful,67.01330999999999,32.643808,73.817835,3.1947760000000045,False,126321_10,12305
