game_id,period_id,episode_id,time_seconds,team_id,player_id,action_id,type_name,result_name,start_x,start_y,end_x,end_y,is_home,game_episode,phase
126358,2,50,691.067,4644,62112,1965,Pass_Freekick,Successful,81.825765,7.050580000000004,91.979685,24.224388000000005,False,126358_50,24152
126358,2,50,692.2330000000002,4644,500507,1967,Pass,Successful,91.979685,24.224388000000005,99.51186,11.525252000000002,False,126358_50,24152
