game_id,period_id,episode_id,time_seconds,team_id,player_id,action_id,type_name,result_name,start_x,start_y,end_x,end_y,is_home,game_episode,phase
126337,2,95,2816.2,2353,500573,2702,Pass_Corner,Unsuccessful,105.0,0.0,102.05412,34.069156,False,126337_95,17549
126337,2,95,2817.933,4657,250167,2703,Aerial Clearance,Successful,2.611014,33.874675999999994,2.611014,33.874675999999994,True,126337_95,17550
126337,2,95,2817.933,4657,250167,2704,Catch,,2.611014,33.874675999999994,2.611014,33.874675999999994,True,126337_95,17550
126337,2,95,2817.933,4657,250167,2705,Clearance,,2.611014,33.874675999999994,17.751194999999996,28.073596,True,126337_95,17550
126337,2,95,2820.5330000000004,2353,356618,2706,Duel,Successful,82.20009,40.500664,82.20009,40.500664,False,126337_95,17551
126337,2,95,2821.4000000000005,2353,500569,2707,Recovery,,87.248805,39.926404,87.3138,41.949472,False,126337_95,17551
126337,2,95,2821.4000000000005,2353,500569,2708,Pass,Unsuccessful,87.248805,39.926404,87.3138,41.949472,False,126337_95,17551
126337,2,95,2821.5330000000004,4657,250172,2709,Block,,17.25654,27.262288000000005,17.25654,27.262288000000005,True,126337_95,17552
126337,2,95,2823.367,2353,356622,2710,Duel,Successful,86.07522,50.187944,86.07522,50.187944,False,126337_95,17553
126337,2,95,2823.367,2353,356622,2711,Recovery,,86.07522,50.187944,86.07522,50.187944,False,126337_95,17553
126337,2,95,2825.2,4657,215807,2712,Tackle,Successful,17.800964999999998,16.785391999999995,17.800964999999998,16.785391999999995,True,126337_95,17554
126337,2,95,2825.2,4657,215807,2713,Interception,,17.800964999999998,16.785391999999995,17.800964999999998,16.785391999999995,True,126337_95,17554
126337,2,95,2825.201,4657,215807,2714,Carry,,17.800964999999998,16.785391999999995,20.627775,11.808403999999996,True,126337_95,17554
126337,2,95,2826.867,4657,215807,2715,Pass,Unsuccessful,20.627775,11.808403999999996,32.869305000000004,0.0,True,126337_95,17554
