game_id,period_id,episode_id,time_seconds,team_id,player_id,action_id,type_name,result_name,start_x,start_y,end_x,end_y,is_home,game_episode,phase
126303,1,42,2423.1330000000003,4641,250965,1368,Throw-In,Successful,34.882155,0.0,42.52122,4.483240000000002,True,126303_42,6698
126303,1,42,2424.1,4641,346036,1370,Pass,Successful,42.52122,4.483240000000002,36.415365,1.773303999999996,True,126303_42,6698
126303,1,42,2424.867,4641,250965,1372,Pass,Successful,36.415365,1.773303999999996,42.071505,1.1768080000000083,True,126303_42,6698
126303,1,42,2425.567,4641,346036,1374,Pass,Unsuccessful,42.071505,1.1768080000000083,44.99817,10.131932,True,126303_42,6698
