game_id,period_id,episode_id,time_seconds,team_id,player_id,action_id,type_name,result_name,start_x,start_y,end_x,end_y,is_home,game_episode,phase
126305,2,57,724.567,4643,500116,1768,Pass_Freekick,Unsuccessful,15.934485,58.929888,72.07368,36.302956,True,126305_57,7321
126305,2,57,728.027,316,77579,1769,Duel,Successful,33.202365,31.219276,33.202365,31.219276,False,126305_57,7322
126305,2,57,730.1399999999999,316,503173,1770,Duel,Successful,44.87091,33.9711,44.87091,33.9711,False,126305_57,7322
126305,2,57,731.4000000000001,4643,413926,1771,Recovery,,52.46346,33.616616,68.51019,37.283788,True,126305_57,7323
126305,2,57,731.4000000000001,4643,413926,1772,Pass,Unsuccessful,52.46346,33.616616,68.51019,37.283788,True,126305_57,7323
126305,2,57,734.0140000000001,316,77579,1773,Duel,Successful,36.43668,29.6446,36.43668,29.6446,False,126305_57,7324
126305,2,57,735.433,4643,500118,1774,Recovery,,69.10806,39.072936,79.771965,42.679656,True,126305_57,7325
126305,2,57,735.433,4643,500118,1775,Pass,Successful,69.10806,39.072936,79.771965,42.679656,True,126305_57,7325
