game_id,period_id,episode_id,time_seconds,team_id,player_id,action_id,type_name,result_name,start_x,start_y,end_x,end_y,is_home,game_episode,phase
126330,1,50,2632.1330000000003,4657,357150,1236,Throw-In,Successful,101.43315,0.0,95.10921,4.532268000000002,False,126330_50,15265
126330,1,50,2633.1,4657,287281,1237,Duel,Successful,95.10921,4.532268000000002,95.10921,4.532268000000002,False,126330_50,15265
126330,1,50,2633.101,4657,287281,1239,Carry,,95.10921,4.532268000000002,100.61016,4.1878480000000025,False,126330_50,15265
126330,1,50,2635.167,4657,287281,1240,Pass,Successful,100.61016,4.1878480000000025,97.719195,10.212443999999998,False,126330_50,15265
126330,1,50,2636.733,4657,187341,1242,Cross,Successful,99.266475,10.808124,97.286385,37.716268,False,126330_50,15265
126330,1,50,2638.5,4657,505723,1243,Duel,Successful,97.286385,37.716268,105.0,36.8770763824,False,126330_50,15265
126330,1,50,2638.5,4657,505723,1245,Shot,On Target,97.286385,37.716268,105.0,36.8770763824,False,126330_50,15265
126330,1,50,2639.6,4644,62082,1246,Catch,,1.3683285,32.471836,1.3683285,32.471836,True,126330_50,15266
126330,1,50,2644.2000000000003,4644,62082,1247,Pass,Successful,14.512575,24.270084000000004,58.615725,61.4960312,True,126330_50,15266
