game_id,period_id,episode_id,time_seconds,team_id,player_id,action_id,type_name,result_name,start_x,start_y,end_x,end_y,is_home,game_episode,phase
126327,1,17,1157.933,4639,142258,558,Goal Kick,Successful,5.9170965,26.403108,6.534192,44.333688,True,126327_17,14247
126327,1,17,1160.495,4639,491810,560,Carry,,6.534192,44.333688,14.7021,42.014072,True,126327_17,14247
126327,1,17,1167.836,4639,491810,561,Pass,Successful,14.7021,42.014072,45.197775,50.325916,True,126327_17,14247
126327,1,17,1169.8,4639,491802,563,Pass,Unsuccessful,45.197775,50.325916,48.69942,41.200860000000006,True,126327_17,14247
126327,1,17,1172.1,2353,356616,564,Recovery,,56.60613,27.169468,65.22988500000001,23.354600000000005,False,126327_17,14248
126327,1,17,1172.1,2353,356616,565,Pass,Unsuccessful,56.60613,27.169468,65.22988500000001,23.354600000000005,False,126327_17,14248
126327,1,17,1173.7,4639,345446,566,Interception,,40.019175,45.78372,40.019175,45.78372,True,126327_17,14249
126327,1,17,1174.314,4639,345446,567,Pass,Successful,42.800625,46.419656,48.89157,52.598068,True,126327_17,14249
126327,1,17,1175.4,2353,356618,568,Tackle,Unsuccessful,57.854475,19.373608,57.854475,19.373608,False,126327_17,14250
126327,1,17,1175.834,4639,491802,570,Carry,,48.89157,52.598068,55.730115,61.137576,True,126327_17,14251
126327,1,17,1178.033,4639,491802,571,Pass,Successful,55.730115,61.137576,55.72539,63.959576,True,126327_17,14251
126327,1,17,1178.868,4639,77845,573,Carry,,55.72539,63.959576,55.890555,54.682676,True,126327_17,14251
126327,1,17,1180.5,4639,77845,574,Pass,Successful,55.890555,54.682676,67.197375,41.453888,True,126327_17,14251
