game_id,period_id,episode_id,time_seconds,team_id,player_id,action_id,type_name,result_name,start_x,start_y,end_x,end_y,is_home,game_episode,phase
126364,2,60,2218.567,4646,356599,2749,Throw-In,Successful,95.36961,68.0,81.08373,60.671776,True,126364_60,25937
126364,2,60,2221.8330000000005,4646,356603,2751,Pass,Successful,82.06726499999999,58.765056,88.59606,44.280036,True,126364_60,25937
126364,2,60,2222.5330000000004,4646,61645,2753,Pass,Unsuccessful,88.59606,44.280036,99.867012,42.64484,True,126364_60,25937
