game_id,period_id,episode_id,time_seconds,team_id,player_id,action_id,type_name,result_name,start_x,start_y,end_x,end_y,is_home,game_episode,phase
126301,2,74,2717.754,2354,358583,2781,Throw-In,Successful,91.80402,68.0,95.067525,51.345372,False,126301_74,6181
126301,2,74,2719.367,2354,82938,2782,Duel,Successful,95.067525,51.345372,95.067525,51.345372,False,126301_74,6181
126301,2,74,2720.1990000000005,4640,354791,2784,Intervention,,9.475998,16.549363999999997,9.475998,16.549363999999997,True,126301_74,6182
126301,2,74,2722.1000000000004,4640,246403,2785,Recovery,,11.40153,12.558239999999998,9.6211395,5.038460000000001,True,126301_74,6182
126301,2,74,2722.1000000000004,4640,246403,2786,Pass,Successful,11.40153,12.558239999999998,9.6211395,5.038460000000001,True,126301_74,6182
126301,2,74,2724.166,4640,354793,2788,Pass,Successful,11.47503,3.7040959999999927,46.02864,3.843360000000004,True,126301_74,6182
