game_id,period_id,episode_id,time_seconds,team_id,player_id,action_id,type_name,result_name,start_x,start_y,end_x,end_y,is_home,game_episode,phase
126346,1,31,1927.5,4646,250148,1079,Throw-In,Successful,51.98634,0.0,35.57200499999999,6.842092000000001,False,126346_31,20202
126346,1,31,1929.734,4646,161122,1081,Carry,,35.57200499999999,6.842092000000001,44.581845,14.855688,False,126346_31,20202
126346,1,31,1940.767,4646,161122,1082,Pass,Successful,44.581845,14.855688,46.53033,0.2527560000000051,False,126346_31,20202
126346,1,31,1942.367,4646,250148,1084,Pass,Unsuccessful,46.43625,1.3525879999999972,47.148465,2.8185319999999905,False,126346_31,20202
