game_id,period_id,episode_id,time_seconds,team_id,player_id,action_id,type_name,result_name,start_x,start_y,end_x,end_y,is_home,game_episode,phase
126321,2,55,1887.233,4643,500114,2441,Throw-In,Successful,66.36787500000001,68.0,42.949305,54.290452,False,126321_55,12439
126321,2,55,1890.867,4643,187722,2443,Pass,Successful,42.949305,54.290452,33.790575000000004,34.208352,False,126321_55,12439
126321,2,55,1892.959,4643,500119,2445,Pass,Successful,33.790575000000004,34.208352,16.625280000000004,40.68814,False,126321_55,12439
126321,2,55,1895.633,4643,500116,2447,Pass,Successful,16.625280000000004,40.68814,21.915075,62.1687076,False,126321_55,12439
126321,2,55,1897.801,4643,83615,2449,Carry,,21.915075,62.1687076,15.625155000000008,59.098256,False,126321_55,12439
126321,2,55,1899.467,4643,83615,2450,Pass,Successful,15.625155000000008,59.098256,4.3712864999999965,51.830484,False,126321_55,12439
126321,2,55,1900.5,4643,500116,2452,Pass,Unsuccessful,4.3712864999999965,51.830484,40.5195,68.0,False,126321_55,12439
