game_id,period_id,episode_id,time_seconds,team_id,player_id,action_id,type_name,result_name,start_x,start_y,end_x,end_y,is_home,game_episode,phase
126346,2,106,2548.867,4646,356603,2604,Pass_Freekick,Successful,53.37528,22.055732,47.870865,42.235072,False,126346_106,20380
126346,2,106,2550.534000000001,4646,188514,2606,Carry,,47.870865,42.235072,51.22236,44.02626,False,126346_106,20380
126346,2,106,2552.0330000000004,4646,188514,2607,Pass,Successful,51.22236,44.02626,64.43010000000001,64.4186508,False,126346_106,20380
126346,2,106,2553.8680000000004,4646,356599,2609,Carry,,64.43010000000001,64.4186508,62.76837,59.675508,False,126346_106,20380
126346,2,106,2556.367,4646,356599,2610,Pass,Successful,62.76837,59.675508,42.20181,40.367316,False,126346_106,20380
126346,2,106,2558.967000000001,4646,61616,2612,Pass,Successful,42.20181,40.367316,44.077005,51.772616,False,126346_106,20380
126346,2,106,2560.467000000001,4646,188514,2614,Pass,Successful,44.077005,51.772616,37.31300999999999,37.078156,False,126346_106,20380
126346,2,106,2562.134,4646,61616,2616,Carry,,37.31300999999999,37.078156,37.12390500000001,31.021532,False,126346_106,20380
126346,2,106,2563.933,4646,61616,2617,Pass,Successful,37.12390500000001,31.021532,35.02149,13.641751999999997,False,126346_106,20380
126346,2,106,2565.8010000000004,4646,61623,2619,Carry,,35.02149,13.641751999999997,39.36880500000001,10.836412000000005,False,126346_106,20380
126346,2,106,2568.467000000001,4646,61623,2620,Pass,Successful,39.36880500000001,10.836412000000005,63.64554,38.805696,False,126346_106,20380
126346,2,106,2570.6670000000004,4646,356597,2622,Pass,Successful,63.64554,38.805696,66.675945,55.456788,False,126346_106,20380
126346,2,106,2572.534000000001,4646,356599,2624,Carry,,66.675945,55.456788,74.42211,44.15002,False,126346_106,20380
126346,2,106,2575.7,4646,356599,2625,Pass,Successful,74.42211,44.15002,81.742185,43.513268,False,126346_106,20380
126346,2,106,2577.067,4646,356604,2627,Pass,Successful,83.43173999999999,45.922508,84.09355500000001,58.249548,False,126346_106,20380
126346,2,106,2579.567,4646,356597,2629,Pass,Unsuccessful,86.04078000000001,58.612532,89.900685,57.60484,False,126346_106,20380
