game_id,period_id,episode_id,time_seconds,team_id,player_id,action_id,type_name,result_name,start_x,start_y,end_x,end_y,is_home,game_episode,phase
126315,1,12,704.5,2353,356626,308,Pass_Freekick,Successful,18.664485,38.707164,32.777535,30.196148,True,126315_12,10499
126315,1,12,705.982,2353,500576,310,Carry,,32.777535,30.196148,31.372215,24.61362,True,126315_12,10499
126315,1,12,707.333,2353,500576,311,Pass,Successful,31.372215,24.61362,49.29015,6.9087320000000005,True,126315_12,10499
126315,1,12,710.2330000000001,2353,500562,313,Pass,Successful,47.783295,8.077312,24.452505,13.309504000000004,True,126315_12,10499
126315,1,12,713.333,2353,500576,315,Pass,Successful,22.439025,15.276131999999995,15.23844,31.907504,True,126315_12,10499
126315,1,12,715.412,2353,356626,317,Carry,,15.23844,31.907504,20.31225,34.366928,True,126315_12,10499
126315,1,12,726.867,2353,356626,318,Pass,Unsuccessful,20.31225,34.366928,72.39645,68.0,True,126315_12,10499
