game_id,period_id,episode_id,time_seconds,team_id,player_id,action_id,type_name,result_name,start_x,start_y,end_x,end_y,is_home,game_episode,phase
126310,2,87,2550.161,2353,356610,2722,Throw-In,Successful,92.054865,0.0897599999999982,84.48951,4.815080000000002,False,126310_87,8985
126310,2,87,2551.867,2353,356618,2724,Pass,Successful,84.79569000000001,5.076403999999997,89.72502,1.8823759999999936,False,126310_87,8985
