game_id,period_id,episode_id,time_seconds,team_id,player_id,action_id,type_name,result_name,start_x,start_y,end_x,end_y,is_home,game_episode,phase
126314,2,127,3147.3,4641,250957,3029,Goal Kick,Unsuccessful,3.997423499999997,40.15706,60.237765,43.700608,False,126314_127,10454
126314,2,127,3150.767,4646,146189,3030,Duel,Successful,45.364725,23.673112000000003,45.364725,23.673112000000003,True,126314_127,10455
126314,2,127,3153.2,4646,146185,3031,Recovery,,36.46314,21.284544,42.447195,20.736872,True,126314_127,10455
126314,2,127,3153.2,4646,146185,3032,Pass,Successful,36.46314,21.284544,42.447195,20.736872,True,126314_127,10455
126314,2,127,3153.967000000001,4646,356603,3034,Pass,Unsuccessful,42.447195,20.736872,55.14957,32.290616,True,126314_127,10455
126314,2,127,3154.0330000000004,4641,250959,3035,Tackle,Unsuccessful,62.518155,44.920256,62.518155,44.920256,False,126314_127,10456
126314,2,127,3156.4000000000005,4641,346035,3036,Recovery,,50.056125,33.525156,66.821055,38.981884,False,126314_127,10456
126314,2,127,3156.4000000000005,4641,346035,3037,Pass,Unsuccessful,50.056125,33.525156,66.821055,38.981884,False,126314_127,10456
126314,2,127,3158.1670000000004,4646,146185,3038,Recovery,,38.05284,29.159896000000003,44.48682,31.273268,True,126314_127,10457
126314,2,127,3158.1670000000004,4646,146185,3039,Pass,Unsuccessful,38.05284,29.159896000000003,44.48682,31.273268,True,126314_127,10457
126314,2,127,3158.633,4641,346036,3040,Block,,60.51171,35.542172,60.51171,35.542172,False,126314_127,10458
126314,2,127,3160.6000000000004,4646,356604,3041,Recovery,,33.43935,38.206412,33.43935,38.206412,True,126314_127,10459
126314,2,127,3162.133,4646,356604,3042,Pass,Successful,35.418074999999995,37.926592,81.497535,55.915652,True,126314_127,10459
