game_id,period_id,episode_id,time_seconds,team_id,player_id,action_id,type_name,result_name,start_x,start_y,end_x,end_y,is_home,game_episode,phase
126349,2,84,2623.0650000000005,4646,146185,2934,Throw-In,Successful,30.30993,0.0,35.31465,4.857376000000002,True,126349_84,21368
126349,2,84,2623.8340000000007,4646,356603,2936,Carry,,35.31465,4.857376000000002,43.587075,8.070172,True,126349_84,21368
126349,2,84,2629.8810000000003,4646,356603,2937,Pass,Successful,43.587075,8.070172,40.57347,3.216059999999999,True,126349_84,21368
126349,2,84,2630.7390000000005,4646,146185,2939,Pass,Successful,40.57347,3.216059999999999,30.635745,17.068475999999997,True,126349_84,21368
126349,2,84,2632.9710000000005,4646,500452,2941,Carry,,30.635745,17.068475999999997,37.06752,20.118412,True,126349_84,21368
126349,2,84,2635.771,4646,500452,2942,Pass,Successful,37.06752,20.118412,64.477455,43.867412,True,126349_84,21368
126349,2,84,2637.567,4646,356604,2944,Pass,Successful,64.477455,43.867412,72.495255,57.592804,True,126349_84,21368
126349,2,84,2639.134,4646,356599,2946,Carry,,72.495255,57.592804,86.694615,44.238488,True,126349_84,21368
126349,2,84,2642.2,4646,356599,2947,Shot,On Target,86.694615,44.238488,101.2430685,35.816008000000004,True,126349_84,21368
126349,2,84,2643.067,316,77582,2948,Catch,,3.756931500000008,32.183992,3.756931500000008,32.183992,False,126349_84,21369
126349,2,84,2662.0330000000004,316,77582,2949,Pass,Unsuccessful,16.657200000000003,25.407384,57.658755000000006,37.098284,False,126349_84,21369
126349,2,84,2665.733,4646,500452,2950,Duel,Successful,35.02065,25.350264,35.02065,25.350264,True,126349_84,21370
126349,2,84,2667.0780000000004,316,161110,2951,Recovery,,57.658755000000006,37.098284,64.93934999999999,53.429436,False,126349_84,21371
126349,2,84,2667.0780000000004,316,161110,2952,Pass,Successful,57.658755000000006,37.098284,64.93934999999999,53.429436,False,126349_84,21371
126349,2,84,2668.3010000000004,316,344468,2954,Carry,,64.93934999999999,53.429436,69.12192,51.289748,False,126349_84,21371
126349,2,84,2669.867,4646,146185,2955,Tackle,Unsuccessful,37.20801,14.303936,37.20801,14.303936,True,126349_84,21372
126349,2,84,2670.5200000000004,316,344468,2956,Pass,Successful,69.12192,51.289748,77.60193,41.352024,False,126349_84,21373
