game_id,period_id,episode_id,time_seconds,team_id,player_id,action_id,type_name,result_name,start_x,start_y,end_x,end_y,is_home,game_episode,phase
126311,2,114,2296.567,4640,354791,2219,Pass_Freekick,Successful,47.712315,37.772912,44.47632,38.867372,False,126311_114,9331
126311,2,114,2297.67,4640,246402,2221,Pass,Successful,44.47632,38.867372,46.76385,30.091088,False,126311_114,9331
126311,2,114,2298.568,4640,215818,2223,Carry,,46.76385,30.091088,47.59986,25.216576000000003,False,126311_114,9331
126311,2,114,2300.317,4640,215818,2224,Pass,Successful,47.59986,25.216576000000003,46.666305,17.88026,False,126311_114,9331
