game_id,period_id,episode_id,time_seconds,team_id,player_id,action_id,type_name,result_name,start_x,start_y,end_x,end_y,is_home,game_episode,phase
126311,2,110,2207.467000000001,4641,250957,2182,Goal Kick,Unsuccessful,5.043696,32.499852,63.068985,17.880872000000004,True,126311_110,9322
126311,2,110,2211.1670000000004,4640,246402,2183,Duel,Successful,42.158655,51.505172,42.158655,51.505172,False,126311_110,9323
126311,2,110,2211.9660000000003,4640,500430,2184,Recovery,,47.016165,44.079164,54.821760000000005,39.593544,False,126311_110,9323
126311,2,110,2211.9660000000003,4640,500430,2185,Pass,Unsuccessful,47.016165,44.079164,54.821760000000005,39.593544,False,126311_110,9323
