game_id,period_id,episode_id,time_seconds,team_id,player_id,action_id,type_name,result_name,start_x,start_y,end_x,end_y,is_home,game_episode,phase
126303,2,59,439.63300000000027,4639,345444,1789,Throw-In,Successful,79.25462999999999,0.0,65.84634,3.4994159999999965,False,126303_59,6743
126303,2,59,442.7330000000002,4639,187316,1791,Pass,Successful,67.27203,3.6584,89.13513,16.258595999999997,False,126303_59,6743
126303,2,59,444.3000000000002,4639,345445,1793,Pass,Unsuccessful,89.13513,16.258595999999997,89.74434000000001,21.562732000000004,False,126303_59,6743
