game_id,period_id,episode_id,time_seconds,team_id,player_id,action_id,type_name,result_name,start_x,start_y,end_x,end_y,is_home,game_episode,phase
126317,1,1,0.2,4644,500505,0,Pass,Successful,52.768065,33.8759,36.273615,32.012292,True,126317_1,11081
126317,1,1,2.576,4644,342719,2,Pass,Successful,36.876105,32.75526,27.9384,52.585352,True,126317_1,11081
126317,1,1,4.220000000000001,4644,500520,4,Carry,,27.9384,52.585352,37.39449,37.220344,True,126317_1,11081
126317,1,1,10.852,4644,500520,5,Pass,Unsuccessful,37.39449,37.220344,82.891515,68.0,True,126317_1,11081
