game_id,period_id,episode_id,time_seconds,team_id,player_id,action_id,type_name,result_name,start_x,start_y,end_x,end_y,is_home,game_episode,phase
126378,2,48,756.1669999999999,4648,500140,1810,Throw-In,Successful,23.79048,0.0,22.803375000000003,5.106595999999996,False,126378_48,29950
126378,2,48,757.0,4648,500139,1812,Pass,Unsuccessful,22.803375000000003,5.106595999999996,23.59045500000001,1.4594840000000031,False,126378_48,29950
