game_id,period_id,episode_id,time_seconds,team_id,player_id,action_id,type_name,result_name,start_x,start_y,end_x,end_y,is_home,game_episode,phase
126320,2,66,1610.3999999999996,316,344466,2407,Goal Kick,Successful,4.7145945000000005,40.455444,61.21626,42.967364,True,126320_66,12177
126320,2,66,1614.2330000000002,316,286696,2409,Pass,Unsuccessful,61.21626,42.967364,74.33412,41.136464,True,126320_66,12177
126320,2,66,1615.8000000000002,4639,250899,2410,Recovery,,30.698115,28.363888000000003,5.9411415000000005,30.455908,False,126320_66,12178
126320,2,66,1615.8000000000002,4639,250899,2411,Pass,Successful,30.698115,28.363888000000003,5.9411415000000005,30.455908,False,126320_66,12178
126320,2,66,1618.8000000000002,4639,142258,2413,Pass,Successful,5.6498399999999975,30.997052,13.16301,14.010176,False,126320_66,12178
126320,2,66,1621.2669999999998,4639,491810,2415,Carry,,13.595820000000003,13.546280000000005,18.418890000000005,16.185700000000004,False,126320_66,12178
126320,2,66,1622.5,4639,491810,2416,Pass,Successful,18.418890000000005,16.185700000000004,27.643874999999998,2.883948000000004,False,126320_66,12178
126320,2,66,1625.3999999999996,4639,187316,2418,Pass,Successful,30.578205,3.020083999999997,47.698035,3.398707999999999,False,126320_66,12178
126320,2,66,1627.3999999999996,4639,188342,2420,Pass,Successful,47.94153,2.304316,43.048845,16.635588,False,126320_66,12178
126320,2,66,1628.9679999999996,4639,354806,2422,Carry,,43.048845,16.635588,46.187085,22.610612000000003,False,126320_66,12178
126320,2,66,1630.1670000000004,4639,354806,2423,Pass,Successful,46.187085,22.610612000000003,61.2507,56.397772,False,126320_66,12178
