game_id,period_id,episode_id,time_seconds,team_id,player_id,action_id,type_name,result_name,start_x,start_y,end_x,end_y,is_home,game_episode,phase
126336,2,69,1989.294,4641,250957,2451,Pass_Freekick,Successful,24.027885,58.665504,25.456515,53.628812,False,126336_69,17189
126336,2,69,1991.247,4641,187313,2453,Carry,,25.456515,53.628812,32.895555,41.573432,False,126336_69,17189
126336,2,69,1998.3,4641,187313,2454,Pass,Successful,32.895555,41.573432,32.75422499999999,20.137044,False,126336_69,17189
126336,2,69,1999.9010000000003,4641,413677,2456,Carry,,32.75422499999999,20.137044,42.952875,7.010528000000001,False,126336_69,17189
126336,2,69,2002.967,4641,413677,2457,Pass,Unsuccessful,42.952875,7.010528000000001,72.0027,0.0,False,126336_69,17189
