game_id,period_id,episode_id,time_seconds,team_id,player_id,action_id,type_name,result_name,start_x,start_y,end_x,end_y,is_home,game_episode,phase
126347,1,17,1036.0,4641,145831,502,Pass_Freekick,Successful,35.694225,57.974012,36.755775,45.500024,True,126347_17,20484
126347,1,17,1039.2,4641,500602,504,Pass,Successful,35.687505,47.26136,35.21091,60.31464,True,126347_17,20484
126347,1,17,1040.968,4641,145831,506,Carry,,35.21091,60.31464,38.416140000000006,59.373792,True,126347_17,20484
126347,1,17,1044.633,4641,145831,507,Pass,Successful,38.416140000000006,59.373792,41.139735,50.84836,True,126347_17,20484
126347,1,17,1045.933,4641,500604,509,Pass,Successful,40.30698,51.314228,36.24243,59.948664,True,126347_17,20484
126347,1,17,1047.933,4641,145831,511,Pass,Successful,35.92995,61.6382192,44.91753,67.78936184,True,126347_17,20484
126347,1,17,1049.0,4641,250965,513,Pass,Unsuccessful,44.91753,67.78936184,50.41407,60.852588,True,126347_17,20484
