game_id,period_id,episode_id,time_seconds,team_id,player_id,action_id,type_name,result_name,start_x,start_y,end_x,end_y,is_home,game_episode,phase
126354,1,32,2120.367,4639,142258,1214,Goal Kick,Successful,5.626068,27.112076,67.22015999999999,11.837167999999998,True,126354_32,22800
126354,1,32,2124.1340000000005,4639,491802,1216,Carry,,67.22015999999999,11.837167999999998,63.797265,8.674284,True,126354_32,22800
126354,1,32,2125.367,4639,491802,1217,Pass,Successful,63.797265,8.674284,67.47615,1.6182639999999964,True,126354_32,22800
126354,1,32,2126.324,4639,345444,1219,Pass,Successful,67.47615,1.6182639999999964,61.056975,8.457228,True,126354_32,22800
126354,1,32,2127.8340000000003,4639,407605,1221,Carry,,61.056975,8.457228,58.70529,5.902740000000001,True,126354_32,22800
126354,1,32,2128.2870000000003,4639,407605,1222,Pass,Successful,58.70529,5.902740000000001,48.760425,3.8196279999999945,True,126354_32,22800
126354,1,32,2129.3550000000005,4639,187316,1224,Carry,,48.760425,3.8196279999999945,50.45943,1.1071759999999955,True,126354_32,22800
126354,1,32,2132.127,4639,187316,1225,Pass,Unsuccessful,50.45943,1.1071759999999955,100.215465,10.847700000000003,True,126354_32,22800
