game_id,period_id,episode_id,time_seconds,team_id,player_id,action_id,type_name,result_name,start_x,start_y,end_x,end_y,is_home,game_episode,phase
126361,2,35,317.9000000000001,4640,354794,1682,Goal Kick,Successful,0.6293616,39.332016,8.095185,22.748788,True,126361_35,25012
126361,2,35,319.568,4640,146168,1684,Carry,,8.095185,22.748788,11.04936,21.725252000000005,True,126361_35,25012
126361,2,35,320.8670000000002,4640,146168,1685,Pass,Successful,11.04936,21.725252000000005,26.036535,22.200232,True,126361_35,25012
126361,2,35,322.4680000000001,4640,500430,1687,Carry,,26.036535,22.200232,28.295085000000004,27.513752000000004,True,126361_35,25012
126361,2,35,326.6669999999999,4640,500430,1688,Pass,Successful,28.295085000000004,27.513752000000004,27.870885,47.04988,True,126361_35,25012
126361,2,35,328.36800000000017,4640,491834,1690,Carry,,27.870885,47.04988,30.47877,49.232068,True,126361_35,25012
126361,2,35,329.6669999999999,4640,491834,1691,Pass,Successful,30.47877,49.232068,57.785385,66.4651448,True,126361_35,25012
