game_id,period_id,episode_id,time_seconds,team_id,player_id,action_id,type_name,result_name,start_x,start_y,end_x,end_y,is_home,game_episode,phase
126322,2,109,2984.767,4641,500604,2930,Pass_Freekick,Successful,66.77096999999999,42.155104,93.42564,24.721944,True,126322_109,12905
126322,2,109,2986.8,4641,413677,2931,Duel,Successful,93.42564,24.721944,103.93026,32.062748,True,126322_109,12905
126322,2,109,2986.8,4641,413677,2933,Pass,Unsuccessful,93.42564,24.721944,103.93026,32.062748,True,126322_109,12905
