game_id,period_id,episode_id,time_seconds,team_id,player_id,action_id,type_name,result_name,start_x,start_y,end_x,end_y,is_home,game_episode,phase
126331,1,15,938.0,316,500126,420,Throw-In,Successful,81.14883,0.0,81.12216,5.668548000000001,False,126331_15,15500
126331,1,15,939.0,316,187326,422,Pass,Successful,81.12216,5.668548000000001,79.58727,1.3945439999999962,False,126331_15,15500
126331,1,15,939.667,316,500126,424,Pass,Unsuccessful,79.58727,1.3945439999999962,91.43547,17.883591999999993,False,126331_15,15500
