game_id,period_id,episode_id,time_seconds,team_id,player_id,action_id,type_name,result_name,start_x,start_y,end_x,end_y,is_home,game_episode,phase
126323,1,42,2384.367,4220,77715,1259,Throw-In,Successful,75.968445,0.0,62.5968,1.600040000000007,True,126323_42,13025
126323,1,42,2385.7340000000004,4220,287282,1261,Carry,,62.5968,1.600040000000007,65.64736500000001,3.505263999999997,True,126323_42,13025
126323,1,42,2387.333,4220,287282,1262,Pass,Successful,65.64736500000001,3.505263999999997,72.29039999999999,11.969564000000004,True,126323_42,13025
