game_id,period_id,episode_id,time_seconds,team_id,player_id,action_id,type_name,result_name,start_x,start_y,end_x,end_y,is_home,game_episode,phase
126358,2,83,3422.3330000000005,316,188267,3170,Throw-In,Unsuccessful,54.42464999999999,68.0,73.3404,56.780952,True,126358_83,24275
126358,2,83,3424.067,4644,62086,3171,Interception,,31.81563,11.019196,31.81563,11.019196,False,126358_83,24276
126358,2,83,3424.067,4644,62086,3172,Clearance,,31.81563,11.019196,39.53187,5.277819999999998,False,126358_83,24276
126358,2,83,3426.067,316,187326,3173,Duel,Successful,58.572570000000006,62.5598164,58.572570000000006,62.5598164,True,126358_83,24277
126358,2,83,3427.4000000000005,316,62009,3174,Duel,Successful,63.068985,59.485992,63.068985,59.485992,True,126358_83,24277
126358,2,83,3427.7500000000005,4644,145716,3175,Recovery,,39.53187,5.277819999999998,39.53187,5.277819999999998,False,126358_83,24278
126358,2,83,3428.1000000000004,4644,145716,3176,Clearance,,39.53187,5.277819999999998,48.092625,23.434976,False,126358_83,24278
126358,2,83,3430.067,316,161110,3177,Recovery,,56.907375,44.565024,49.96971,38.868188,True,126358_83,24279
126358,2,83,3430.067,316,161110,3178,Pass,Successful,56.907375,44.565024,49.96971,38.868188,True,126358_83,24279
