game_id,period_id,episode_id,time_seconds,team_id,player_id,action_id,type_name,result_name,start_x,start_y,end_x,end_y,is_home,game_episode,phase
126348,2,76,2355.567,4657,357150,2487,Throw-In,Unsuccessful,93.155265,0.0,94.745175,23.029968,False,126348_76,21020
126348,2,76,2357.3330000000005,4648,62365,2488,Duel,Successful,10.3553415,45.296228,10.3553415,45.296228,True,126348_76,21021
126348,2,76,2357.3330000000005,4648,62365,2489,Interception,,10.3553415,45.296228,10.3553415,45.296228,True,126348_76,21021
126348,2,76,2357.3330000000005,4648,62365,2490,Clearance,,10.3553415,45.296228,20.96545500000001,31.117819999999995,True,126348_76,21021
126348,2,76,2359.467000000001,4657,500493,2491,Error,,84.034545,36.882180000000005,84.034545,36.882180000000005,False,126348_76,21022
126348,2,76,2361.733,4657,250172,2492,Recovery,,77.47614,44.074336,62.47857,30.12944,False,126348_76,21022
126348,2,76,2361.733,4657,250172,2493,Pass,Successful,77.47614,44.074336,62.47857,30.12944,False,126348_76,21022
126348,2,76,2362.9010000000007,4657,357146,2495,Carry,,62.47857,30.12944,58.40457,24.684544,False,126348_76,21022
126348,2,76,2365.233,4657,357146,2496,Pass,Successful,58.40457,24.684544,63.68103,9.089355999999997,False,126348_76,21022
