game_id,period_id,episode_id,time_seconds,team_id,player_id,action_id,type_name,result_name,start_x,start_y,end_x,end_y,is_home,game_episode,phase
126322,1,62,2826.733,4641,413677,1361,Throw-In,Successful,27.612585000000003,0.0,40.316325,6.4432040000000015,True,126322_62,12667
126322,1,62,2828.033,4641,500602,1363,Pass,Unsuccessful,40.316325,6.4432040000000015,43.867425,8.124299999999998,True,126322_62,12667
126322,1,62,2828.385,2353,356616,1364,Block,,60.892335,60.49076,60.892335,60.49076,False,126322_62,12668
126322,1,62,2829.733,2353,356618,1365,Recovery,,60.07281,56.531324,66.76194,65.2845288,False,126322_62,12668
126322,1,62,2829.733,2353,356618,1366,Pass,Successful,60.07281,56.531324,66.76194,65.2845288,False,126322_62,12668
