game_id,period_id,episode_id,time_seconds,team_id,player_id,action_id,type_name,result_name,start_x,start_y,end_x,end_y,is_home,game_episode,phase
126311,1,20,657.433,4640,354794,295,Goal Kick,Unsuccessful,5.090588999999994,41.007876,51.39435,10.621736,False,126311_20,9059
126311,1,20,660.433,4641,250965,296,Recovery,,53.275005,59.086424,58.500645,52.099424,True,126311_20,9060
126311,1,20,660.433,4641,250965,297,Pass,Successful,53.275005,59.086424,58.500645,52.099424,True,126311_20,9060
126311,1,20,661.268,4641,346037,299,Carry,,58.500645,52.099424,67.404015,51.978792,True,126311_20,9060
126311,1,20,663.933,4641,346037,300,Pass,Successful,67.404015,51.978792,95.934195,59.678568,True,126311_20,9060
