game_id,period_id,episode_id,time_seconds,team_id,player_id,action_id,type_name,result_name,start_x,start_y,end_x,end_y,is_home,game_episode,phase
126366,1,8,218.0,4641,250965,89,Throw-In,Successful,98.707875,68.0,101.26137,56.351804,True,126366_8,26295
126366,1,8,219.4,4641,73228,91,Pass,Successful,101.26137,56.351804,93.5466,57.028812,True,126366_8,26295
126366,1,8,221.034,4641,500602,93,Carry,,93.5466,57.028812,94.6481865,60.829060000000005,True,126366_8,26295
126366,1,8,222.533,4220,500534,94,Intervention,,10.351813500000006,7.1709399999999945,10.351813500000006,7.1709399999999945,False,126366_8,26296
126366,1,8,223.733,4641,500604,95,Recovery,,96.586665,58.7962,96.586665,58.7962,True,126366_8,26297
126366,1,8,223.734,4641,500604,96,Carry,,96.586665,58.7962,96.4845,53.3885,True,126366_8,26297
126366,1,8,225.233,4641,73228,98,Pass,Successful,96.4845,53.3885,98.967645,50.808172,True,126366_8,26297
126366,1,8,226.767,4641,500604,100,Shot,Blocked,99.38817,49.14564,100.1066325,46.396604,True,126366_8,26297
126366,1,8,226.9,4220,143588,101,Block,,4.8933674999999965,21.603396000000004,4.8933674999999965,21.603396000000004,False,126366_8,26298
126366,1,8,228.0,4220,354812,103,Clearance,,5.867746499999996,21.697848,62.89332,38.827456000000005,False,126366_8,26298
126366,1,8,233.167,4641,250957,104,Recovery,,42.10668,29.172543999999995,42.10668,29.172543999999995,True,126366_8,26299
126366,1,8,236.133,4641,250957,105,Pass,Unsuccessful,43.46034,28.217416,100.3941855,33.285864,True,126366_8,26299
