game_id,period_id,episode_id,time_seconds,team_id,player_id,action_id,type_name,result_name,start_x,start_y,end_x,end_y,is_home,game_episode,phase
126394,2,56,1209.567,4639,491801,2311,Throw-In,Successful,8.114032500000008,0.0,28.14346500000001,9.233652000000006,False,126394_56,34465
126394,2,56,1211.933,4639,97086,2313,Pass,Successful,28.14346500000001,9.233652000000006,21.762824999999992,12.003904,False,126394_56,34465
126394,2,56,1213.6,4640,500430,2315,Tackle,Successful,81.944625,58.665912,81.944625,58.665912,True,126394_56,34466
126394,2,56,1213.6,4640,500430,2316,Interception,,81.944625,58.665912,81.944625,58.665912,True,126394_56,34466
126394,2,56,1214.1330000000005,4640,500430,2317,Pass,Successful,81.2238,60.813556,79.52468999999999,63.6980888,True,126394_56,34466
126394,2,56,1214.468,4640,61913,2319,Carry,,79.52468999999999,63.6980888,79.61247,58.84346,True,126394_56,34466
126394,2,56,1215.6330000000005,4640,61913,2320,Pass,Successful,79.61247,58.84346,85.804005,48.890028,True,126394_56,34466
126394,2,56,1216.6,4640,491833,2322,Error,,85.804005,48.890028,85.804005,48.890028,True,126394_56,34466
126394,2,56,1217.967,4639,345446,2323,Recovery,,19.578824999999995,25.14436000000001,3.950362499999997,30.407492000000005,False,126394_56,34467
126394,2,56,1217.967,4639,345446,2324,Pass,Successful,19.578824999999995,25.14436000000001,3.950362499999997,30.407492000000005,False,126394_56,34467
126394,2,56,1219.833,4639,142258,2326,Pass,Unsuccessful,3.950362499999997,30.407492000000005,42.29127,38.051304,False,126394_56,34467
126394,2,56,1222.967,4640,491834,2327,Duel,Successful,61.285245,47.289376,61.285245,47.289376,True,126394_56,34468
126394,2,56,1225.2670000000005,4639,412018,2328,Recovery,,42.29127,38.051304,48.08538,33.747448,False,126394_56,34469
126394,2,56,1225.2670000000005,4639,412018,2329,Pass,Successful,42.29127,38.051304,48.08538,33.747448,False,126394_56,34469
126394,2,56,1226.667,4639,188342,2331,Pass,Successful,48.08538,33.747448,51.38784,50.208208,False,126394_56,34469
126394,2,56,1228.1340000000002,4639,345446,2333,Carry,,51.38784,50.208208,72.106965,52.722168,False,126394_56,34469
126394,2,56,1232.567,4639,345446,2334,Pass,Successful,72.106965,52.722168,85.15605000000001,60.40508,False,126394_56,34469
