game_id,period_id,episode_id,time_seconds,team_id,player_id,action_id,type_name,result_name,start_x,start_y,end_x,end_y,is_home,game_episode,phase
126373,1,21,1540.767,4640,354794,824,Goal Kick,Successful,1.4688764999999933,28.44168,5.707023000000007,39.71336,False,126373_21,28482
126373,1,21,1542.401,4640,246402,826,Carry,,5.707023000000007,39.71336,9.840925499999996,39.092588,False,126373_21,28482
126373,1,21,1547.817,4640,246402,827,Pass,Successful,9.840925499999996,39.092588,15.96651,15.839715999999996,False,126373_21,28482
126373,1,21,1549.301,4640,146168,829,Carry,,15.96651,15.839715999999996,16.017750000000007,10.396452000000004,False,126373_21,28482
126373,1,21,1552.5,4640,146168,830,Pass,Successful,16.017750000000007,10.396452000000004,2.602614000000002,14.503244000000002,False,126373_21,28482
126373,1,21,1553.821,4640,354794,832,Pass,Unsuccessful,2.602614000000002,14.503244000000002,15.587040000000002,0.0,False,126373_21,28482
