game_id,period_id,episode_id,time_seconds,team_id,player_id,action_id,type_name,result_name,start_x,start_y,end_x,end_y,is_home,game_episode,phase
126306,2,59,866.7000000000003,4644,250055,1961,Throw-In,Successful,25.687515000000005,0.0,25.225515,7.489588000000005,False,126306_59,7679
126306,2,59,867.8000000000002,4644,342719,1963,Pass,Successful,25.225515,7.489588000000005,23.780715,0.5686159999999916,False,126306_59,7679
126306,2,59,869.8589999999999,4644,250055,1965,Pass,Unsuccessful,23.11533,2.676411999999999,49.703325,13.204512,False,126306_59,7679
