game_id,period_id,episode_id,time_seconds,team_id,player_id,action_id,type_name,result_name,start_x,start_y,end_x,end_y,is_home,game_episode,phase
126361,1,3,231.167,4640,61913,130,Throw-In,Successful,31.83432,68.0,34.40913,61.294078,True,126361_3,24872
126361,1,3,233.133,4640,146174,132,Pass,Successful,33.607350000000004,62.1113292,19.66944,57.174128,True,126361_3,24872
126361,1,3,235.068,4640,491834,134,Carry,,19.66944,57.174128,26.61162,43.361628,True,126361_3,24872
126361,1,3,238.6,4640,491834,135,Pass,Successful,26.61162,43.361628,25.44864,21.456856,True,126361_3,24872
126361,1,3,240.833,4640,246402,137,Pass,Successful,25.44864,21.456856,10.757145,32.110008,True,126361_3,24872
126361,1,3,243.633,4640,354794,139,Pass,Successful,10.65393,31.739135999999995,20.9811,31.665899999999997,True,126361_3,24872
126361,1,3,244.867,4640,146174,141,Pass,Successful,20.9811,31.665899999999997,17.25087,9.655728000000003,True,126361_3,24872
126361,1,3,246.9,4640,246402,143,Pass,Successful,17.25087,9.655728000000003,3.734451,22.726280000000003,True,126361_3,24872
126361,1,3,249.068,4640,354794,145,Carry,,3.734451,22.726280000000003,4.0582605,18.708432,True,126361_3,24872
126361,1,3,250.3,4640,354794,146,Pass,Unsuccessful,4.0582605,18.708432,40.4397,14.132984,True,126361_3,24872
126361,1,3,252.433,2353,356612,147,Recovery,,64.165605,54.281544,93.624195,54.24462,False,126361_3,24873
126361,1,3,252.433,2353,356612,148,Pass,Unsuccessful,64.165605,54.281544,93.624195,54.24462,False,126361_3,24873
