game_id,period_id,episode_id,time_seconds,team_id,player_id,action_id,type_name,result_name,start_x,start_y,end_x,end_y,is_home,game_episode,phase
126310,2,55,800.7670000000003,316,503173,1828,Throw-In,Unsuccessful,33.308625,67.69294124,47.5965,62.3242712,True,126310_55,8864
126310,2,55,802.2000000000003,2353,356610,1829,Interception,,57.612765,5.864387999999998,65.802765,15.383232,False,126310_55,8865
126310,2,55,802.2000000000003,2353,356610,1830,Pass,Unsuccessful,57.612765,5.864387999999998,65.802765,15.383232,False,126310_55,8865
126310,2,55,803.4670000000001,316,500129,1831,Interception,,39.29058,52.538228,47.552505,56.47536,True,126310_55,8866
126310,2,55,803.4670000000001,316,500129,1832,Pass,Successful,39.29058,52.538228,47.552505,56.47536,True,126310_55,8866
126310,2,55,804.567,316,286696,1834,Pass,Successful,47.552505,56.47536,40.83072,53.908836,True,126310_55,8866
