game_id,period_id,episode_id,time_seconds,team_id,player_id,action_id,type_name,result_name,start_x,start_y,end_x,end_y,is_home,game_episode,phase
126323,1,2,45.367,4220,354809,30,Throw-In,Successful,63.076335,68.0,38.386845,54.469632,True,126323_2,12909
126323,1,2,48.367,4220,500527,32,Pass,Successful,38.386845,54.469632,31.52436,30.755448,True,126323_2,12909
126323,1,2,50.268,4220,500547,34,Carry,,31.52436,30.755448,31.750635000000003,26.909572,True,126323_2,12909
126323,1,2,51.667,4220,500547,35,Pass,Successful,31.750635000000003,26.909572,31.22511,7.844955999999996,True,126323_2,12909
126323,1,2,53.168,4220,287282,37,Carry,,31.22511,7.844955999999996,32.032560000000004,4.893687999999997,True,126323_2,12909
126323,1,2,54.708,4220,287282,38,Pass,Successful,32.032560000000004,4.893687999999997,49.583835,2.043127999999996,True,126323_2,12909
126323,1,2,56.034,4220,77715,40,Carry,,49.583835,2.043127999999996,46.57044,4.354991999999996,True,126323_2,12909
126323,1,2,57.133,4657,357150,41,Tackle,Unsuccessful,55.82388,65.327872,55.82388,65.327872,False,126323_2,12910
126323,1,2,57.9,4220,77715,42,Pass,Unsuccessful,46.57044,4.354991999999996,43.466115,0.111894680000006,True,126323_2,12911
