game_id,period_id,episode_id,time_seconds,team_id,player_id,action_id,type_name,result_name,start_x,start_y,end_x,end_y,is_home,game_episode,phase
126316,2,50,897.6669999999999,4640,360011,1946,Throw-In,Successful,8.8643835,68.0,23.04645,65.2944092,True,126316_50,10980
126316,2,50,899.3670000000002,4640,77520,1948,Pass,Unsuccessful,23.980635,65.5622816,18.15114,61.077396,True,126316_50,10980
126316,2,50,900.7670000000004,4643,412016,1949,Recovery,,86.540055,6.826656,86.540055,6.826656,False,126316_50,10981
126316,2,50,900.7680000000004,4643,412016,1950,Carry,,86.540055,6.826656,86.42298000000001,10.379452,False,126316_50,10981
126316,2,50,901.933,4643,412016,1951,Pass,Unsuccessful,86.42298000000001,10.379452,85.37235,12.250880000000002,False,126316_50,10981
126316,2,50,902.167,4640,500430,1952,Block,,19.999245,55.821676,19.999245,55.821676,True,126316_50,10982
126316,2,50,902.7670000000004,4640,77520,1953,Recovery,,22.44543,58.26478,22.44543,58.26478,True,126316_50,10982
126316,2,50,903.467,4640,77520,1954,Pass,Unsuccessful,22.86501,57.660464000000005,22.61364,55.113796,True,126316_50,10982
