game_id,period_id,episode_id,time_seconds,team_id,player_id,action_id,type_name,result_name,start_x,start_y,end_x,end_y,is_home,game_episode,phase
126360,1,16,853.6940000000001,4639,77845,489,Throw-In,Successful,83.07243,68.0,95.33601,63.7760304,False,126360_16,24600
126360,1,16,854.7,4639,354806,491,Pass,Successful,95.33601,63.7760304,86.968875,65.4169724,False,126360_16,24600
126360,1,16,857.8290000000001,4639,77845,493,Pass,Successful,88.0131,65.2575464,91.722855,65.8293244,False,126360_16,24600
126360,1,16,858.389,4639,354806,495,Carry,,91.722855,65.8293244,87.58953,65.8788352,False,126360_16,24600
126360,1,16,860.393,4639,354806,496,Pass,Successful,87.58953,65.8788352,72.10056,56.1544,False,126360_16,24600
