game_id,period_id,episode_id,time_seconds,team_id,player_id,action_id,type_name,result_name,start_x,start_y,end_x,end_y,is_home,game_episode,phase
126323,1,20,870.5,4220,287282,524,Throw-In,Successful,85.303365,0.5773200000000003,82.853505,8.323948000000001,True,126323_20,12965
126323,1,20,871.2,4220,500534,526,Pass,Unsuccessful,82.853505,8.323948000000001,79.09818,0.1870679999999964,True,126323_20,12965
