game_id,period_id,episode_id,time_seconds,team_id,player_id,action_id,type_name,result_name,start_x,start_y,end_x,end_y,is_home,game_episode,phase
126310,1,28,1883.567,2353,356619,956,Goal Kick,Successful,4.017436500000002,27.236924,3.248028000000005,32.433484,False,126310_28,8749
126310,1,28,1884.334,2353,356617,958,Carry,,3.248028000000005,32.433484,12.139364999999998,29.949988,False,126310_28,8749
126310,1,28,1890.746,2353,356617,959,Pass,Unsuccessful,12.139364999999998,29.949988,48.8166,18.434324,False,126310_28,8749
126310,1,28,1893.833,316,77579,960,Duel,Successful,51.27381,55.740416,51.27381,55.740416,True,126310_28,8750
126310,1,28,1895.067,316,161110,961,Recovery,,56.1834,49.565676,56.1834,49.565676,True,126310_28,8750
126310,1,28,1896.139,316,161110,962,Pass,Unsuccessful,56.731185,50.439544,61.538925,48.58294,True,126310_28,8750
126310,1,28,1896.467,2353,356618,963,Interception,,43.05882,20.278348,43.05882,20.278348,False,126310_28,8751
126310,1,28,1896.468,2353,356618,964,Carry,,43.05882,20.278348,44.940105,25.744188,False,126310_28,8751
126310,1,28,1898.573,2353,356618,965,Pass,Successful,44.940105,25.744188,38.69481,51.703188,False,126310_28,8751
126310,1,28,1900.596,2353,356614,967,Carry,,38.69481,51.703188,40.469205,55.658,False,126310_28,8751
126310,1,28,1903.479,2353,356614,968,Pass,Successful,40.469205,55.658,34.457325,43.77942,False,126310_28,8751
126310,1,28,1904.768,2353,500569,970,Carry,,34.457325,43.77942,35.088899999999995,40.151484,False,126310_28,8751
126310,1,28,1905.872,2353,500569,971,Pass,Successful,35.088899999999995,40.151484,38.43315000000001,17.328712000000003,False,126310_28,8751
126310,1,28,1907.333,2353,500576,973,Pass,Successful,38.43315000000001,17.328712000000003,32.806515000000005,31.276804,False,126310_28,8751
126310,1,28,1910.9,2353,356619,975,Pass,Successful,33.044235,33.457156000000005,35.91052500000001,44.79908,False,126310_28,8751
126310,1,28,1912.581,2353,500569,977,Carry,,35.91052500000001,44.79908,45.301725000000005,49.157268,False,126310_28,8751
126310,1,28,1915.887,2353,500569,978,Pass,Successful,45.301725000000005,49.157268,54.64315499999999,51.682516,False,126310_28,8751
