game_id,period_id,episode_id,time_seconds,team_id,player_id,action_id,type_name,result_name,start_x,start_y,end_x,end_y,is_home,game_episode,phase
126379,2,58,2156.933,4657,250167,2648,Goal Kick,Unsuccessful,5.226154500000007,29.743064,62.947815,16.058403999999996,False,126379_58,30271
126379,2,58,2160.733,4639,77828,2649,Duel,Successful,42.040845,52.21312,42.040845,52.21312,True,126379_58,30272
126379,2,58,2163.3330000000005,4639,491801,2650,Recovery,,54.833625000000005,64.9076116,54.833625000000005,64.9076116,True,126379_58,30272
126379,2,58,2163.3340000000007,4639,491801,2651,Carry,,54.833625000000005,64.9076116,84.49035,59.190192,True,126379_58,30272
126379,2,58,2168.067,4639,491801,2652,Pass,Successful,84.49035,59.190192,82.9374,49.065264,True,126379_58,30272
126379,2,58,2171.967000000001,4639,345446,2654,Pass,Unsuccessful,81.73830000000001,47.340988,89.049975,49.636124,True,126379_58,30272
126379,2,58,2172.933,4657,62633,2655,Error,,16.12128,18.005923999999993,16.12128,18.005923999999993,False,126379_58,30273
126379,2,58,2173.9000000000005,4639,491801,2656,Recovery,,88.109385,44.350076,88.109385,44.350076,True,126379_58,30274
126379,2,58,2173.9010000000007,4639,491801,2657,Carry,,88.109385,44.350076,86.685585,48.766404,True,126379_58,30274
126379,2,58,2174.8330000000005,4657,500478,2658,Tackle,Successful,18.314415,19.233596,18.314415,19.233596,False,126379_58,30275
126379,2,58,2174.8330000000005,4657,500478,2659,Interception,,18.314415,19.233596,18.314415,19.233596,False,126379_58,30275
126379,2,58,2174.8340000000007,4657,500478,2660,Carry,,18.314415,19.233596,17.837189999999993,7.733367999999999,False,126379_58,30275
126379,2,58,2177.4000000000005,4657,500478,2661,Pass,Unsuccessful,17.837189999999993,7.733367999999999,18.760035,7.419547999999999,False,126379_58,30275
