game_id,period_id,episode_id,time_seconds,team_id,player_id,action_id,type_name,result_name,start_x,start_y,end_x,end_y,is_home,game_episode,phase
126313,2,58,1680.62,2354,500147,2646,Goal Kick,Successful,4.7405085,41.95158,23.240175,32.305372000000006,True,126313_58,9934
126313,2,58,1682.6660000000002,2354,250037,2648,Pass,Successful,23.240175,32.305372000000006,12.37257,22.451084,True,126313_58,9934
126313,2,58,1684.6999999999998,2354,61981,2650,Pass,Successful,12.315555,22.298832,13.256565,49.235332,True,126313_58,9934
126313,2,58,1687.0340000000003,2354,500147,2652,Carry,,13.256565,49.235332,17.804745,55.570212,True,126313_58,9934
126313,2,58,1690.2160000000003,2354,500147,2653,Pass,Successful,17.804745,55.570212,6.326753999999999,41.70134,True,126313_58,9934
126313,2,58,1692.0340000000003,2354,142109,2655,Carry,,6.326753999999999,41.70134,8.643516,38.22722,True,126313_58,9934
126313,2,58,1694.1660000000002,2354,142109,2656,Pass,Unsuccessful,8.643516,38.22722,24.087525,36.77406,True,126313_58,9934
