game_id,period_id,episode_id,time_seconds,team_id,player_id,action_id,type_name,result_name,start_x,start_y,end_x,end_y,is_home,game_episode,phase
126397,1,11,533.67,4644,250076,232,Pass_Freekick,Successful,42.5145,60.435,48.262515,65.6736316,False,126397_11,35107
126397,1,11,535.164,4644,62112,234,Pass,Successful,47.909295,66.3023256,39.664695,62.707016,False,126397_11,35107
126397,1,11,537.498,4644,250076,236,Pass,Successful,38.121195,60.58562,29.629215,54.490168,False,126397_11,35107
126397,1,11,538.092,4644,500520,238,Carry,,29.629215,54.490168,29.019585000000006,51.06732,False,126397_11,35107
126397,1,11,539.975,4644,500520,239,Pass,Successful,29.019585000000006,51.06732,24.986745,27.416580000000003,False,126397_11,35107
126397,1,11,541.534,4644,62086,241,Carry,,24.986745,27.416580000000003,29.805720000000008,21.64202,False,126397_11,35107
126397,1,11,545.529,4644,62086,242,Pass,Successful,29.805720000000008,21.64202,41.858355,15.812787999999998,False,126397_11,35107
126397,1,11,549.288,4644,325355,244,Pass,Unsuccessful,39.589935,16.256487999999997,70.106295,6.211596,False,126397_11,35107
