game_id,period_id,episode_id,time_seconds,team_id,player_id,action_id,type_name,result_name,start_x,start_y,end_x,end_y,is_home,game_episode,phase
126322,2,67,523.7330000000002,4641,500604,1724,Pass_Freekick,Unsuccessful,77.50974,1.064403999999996,102.564945,38.078436,True,126322_67,12729
126322,2,67,526.0999999999999,2353,356626,1725,Aerial Clearance,Successful,3.6053955,28.778008,3.6053955,28.778008,False,126322_67,12730
126322,2,67,526.0999999999999,2353,356626,1726,Catch,,3.6053955,28.778008,3.6053955,28.778008,False,126322_67,12730
126322,2,67,526.0999999999999,2353,356626,1727,Interception,,3.6053955,28.778008,3.6053955,28.778008,False,126322_67,12730
126322,2,67,526.1009999999999,2353,356626,1728,Carry,,3.6053955,28.778008,15.010905000000008,22.488552,False,126322_67,12730
126322,2,67,529.989,2353,356626,1729,Pass,Successful,15.010905000000008,22.488552,41.636805,2.659003999999996,False,126322_67,12730
