game_id,period_id,episode_id,time_seconds,team_id,player_id,action_id,type_name,result_name,start_x,start_y,end_x,end_y,is_home,game_episode,phase
126329,1,50,2873.4,4646,61645,1472,Pass,Successful,52.316145,32.679644,41.71629,30.641684000000005,False,126329_50,14979
126329,1,50,2875.6330000000003,4646,146189,1474,Pass,Successful,42.492975,29.61604,50.41449,8.524956000000003,False,126329_50,14979
126329,1,50,2877.75,4646,356599,1476,Pass,Successful,50.41449,8.524956000000003,41.43468,19.47078,False,126329_50,14979
126329,1,50,2879.9,4646,161122,1478,Pass,Successful,42.554715,19.434943999999994,51.05793,21.956588000000004,False,126329_50,14979
126329,1,50,2881.833,4646,146189,1480,Pass,Successful,48.945225,22.774628,38.709405,33.505708,False,126329_50,14979
126329,1,50,2883.101,4646,500452,1482,Carry,,38.709405,33.505708,41.059725,35.378768,False,126329_50,14979
126329,1,50,2884.7000000000003,4646,500452,1483,Pass,Successful,41.059725,35.378768,52.83221999999999,31.351332,False,126329_50,14979
126329,1,50,2885.867,4643,500113,1485,Intervention,,51.995055,36.386596,51.995055,36.386596,True,126329_50,14980
126329,1,50,2886.3,4643,410634,1486,Recovery,,55.710795000000005,34.140896,55.710795000000005,34.140896,True,126329_50,14980
126329,1,50,2886.3010000000004,4643,410634,1487,Carry,,55.710795000000005,34.140896,71.32629,41.012568,True,126329_50,14980
126329,1,50,2889.433,4643,410634,1488,Pass,Successful,71.32629,41.012568,79.97724000000001,34.731748,True,126329_50,14980
126329,1,50,2890.733,4643,500113,1490,Pass,Successful,79.97724000000001,34.731748,79.71327000000001,36.929576,True,126329_50,14980
126329,1,50,2892.1330000000003,4643,410634,1492,Pass,Successful,80.414985,34.163948,87.22497,19.37184,True,126329_50,14980
126329,1,50,2895.433,4643,500121,1494,Pass,Successful,89.03244000000001,19.597328,98.77959,14.073824000000002,True,126329_50,14980
