game_id,period_id,episode_id,time_seconds,team_id,player_id,action_id,type_name,result_name,start_x,start_y,end_x,end_y,is_home,game_episode,phase
126386,2,44,1590.3670000000002,4657,357150,2356,Throw-In,Successful,52.211145,68.0,27.922965,61.8684876,True,126386_44,32234
126386,2,44,1594.2330000000002,4657,500476,2358,Pass,Successful,26.322765,59.552088,13.30854,40.987068,True,126386_44,32234
126386,2,44,1596.7009999999998,4657,250167,2360,Carry,,13.30854,40.987068,15.85605,39.267008,True,126386_44,32234
126386,2,44,1600.433,4657,250167,2361,Pass,Successful,15.85605,39.267008,21.603435,60.856668,True,126386_44,32234
126386,2,44,1602.933,4657,500476,2363,Pass,Successful,21.603435,60.856668,32.951625,66.5564484,True,126386_44,32234
126386,2,44,1606.1000000000004,4657,357150,2365,Pass,Successful,35.022330000000004,66.20378,48.461595,67.1124164,True,126386_44,32234
