game_id,period_id,episode_id,time_seconds,team_id,player_id,action_id,type_name,result_name,start_x,start_y,end_x,end_y,is_home,game_episode,phase
126330,1,21,1053.733,4644,250076,521,Pass_Corner,Unsuccessful,104.481615,67.88869624,98.94906,38.486232,True,126330_21,15184
126330,1,21,1055.1,4657,505723,522,Interception,,5.462226000000001,30.509084,5.462226000000001,30.509084,False,126330_21,15185
126330,1,21,1055.1,4657,505723,523,Clearance,,5.462226000000001,30.509084,27.133365,9.801451999999998,False,126330_21,15185
126330,1,21,1058.8,4644,325355,524,Recovery,,77.866635,58.198548,78.156435,59.005096,True,126330_21,15186
126330,1,21,1058.8,4644,325355,525,Pass,Unsuccessful,77.866635,58.198548,78.156435,59.005096,True,126330_21,15186
