game_id,period_id,episode_id,time_seconds,team_id,player_id,action_id,type_name,result_name,start_x,start_y,end_x,end_y,is_home,game_episode,phase
126350,2,86,2833.4000000000005,4644,62082,2542,Goal Kick,Unsuccessful,4.456935,27.21394,59.33025000000001,10.810775999999995,True,126350_86,21677
126350,2,86,2836.8,4648,145703,2543,Interception,,45.681195,57.960004,57.609300000000005,53.485536,False,126350_86,21678
126350,2,86,2836.8,4648,145703,2544,Pass,Unsuccessful,45.681195,57.960004,57.609300000000005,53.485536,False,126350_86,21678
126350,2,86,2838.1670000000004,4644,62105,2545,Interception,,47.6154,15.525148000000002,54.84538500000001,18.643016000000003,True,126350_86,21679
126350,2,86,2838.1670000000004,4644,62105,2546,Pass,Successful,47.6154,15.525148000000002,54.84538500000001,18.643016000000003,True,126350_86,21679
126350,2,86,2839.101000000001,4644,62112,2548,Carry,,54.84538500000001,18.643016000000003,60.75006,23.420764000000005,True,126350_86,21679
126350,2,86,2839.567,4648,500142,2549,Tackle,Unsuccessful,49.94577,48.677936,49.94577,48.677936,False,126350_86,21680
126350,2,86,2842.967000000001,4644,62112,2550,Pass,Unsuccessful,60.75006,23.420764000000005,61.30026,22.879960000000004,True,126350_86,21681
126350,2,86,2843.0330000000004,4648,250101,2551,Block,,43.765260000000005,45.070876,43.765260000000005,45.070876,False,126350_86,21682
126350,2,86,2844.567,4644,62105,2552,Recovery,,51.667035,19.129216,74.51136000000001,0.0,True,126350_86,21683
126350,2,86,2844.567,4644,62105,2553,Pass,Unsuccessful,51.667035,19.129216,74.51136000000001,0.0,True,126350_86,21683
