game_id,period_id,episode_id,time_seconds,team_id,player_id,action_id,type_name,result_name,start_x,start_y,end_x,end_y,is_home,game_episode,phase
126341,2,46,4.333000000000084,4641,346036,1393,Pass,Successful,52.694985,33.046028,29.82105,33.265055999999994,True,126341_46,18674
126341,2,46,8.333000000000084,4641,187313,1395,Pass,Successful,29.676885,33.995648,33.074685,51.108256,True,126341_46,18674
126341,2,46,11.166999999999916,4641,145831,1397,Pass,Successful,34.79973,52.40182,45.16533,64.9472964,True,126341_46,18674
