game_id,period_id,episode_id,time_seconds,team_id,player_id,action_id,type_name,result_name,start_x,start_y,end_x,end_y,is_home,game_episode,phase
126396,1,34,1751.133,4641,413677,998,Throw-In,Successful,19.09467,0.0,31.21545,5.335076000000001,True,126396_34,34878
126396,1,34,1752.533,4641,61968,999,Duel,Successful,31.21545,5.335076000000001,31.21545,5.335076000000001,True,126396_34,34878
126396,1,34,1752.534,4641,61968,1001,Carry,,31.21545,5.335076000000001,27.895560000000003,3.054152000000002,True,126396_34,34878
126396,1,34,1753.267,4641,61968,1002,Pass,Unsuccessful,27.895560000000003,3.054152000000002,26.330115000000003,1.5476120000000009,True,126396_34,34878
