game_id,period_id,episode_id,time_seconds,team_id,player_id,action_id,type_name,result_name,start_x,start_y,end_x,end_y,is_home,game_episode,phase
126318,1,33,1831.333,4657,250183,976,Throw-In,Successful,71.83974,0.0,51.77781,6.208128000000002,True,126318_33,11442
126318,1,33,1835.433,4657,500476,978,Pass,Successful,51.12555,8.080576,53.55462000000001,15.810679999999998,True,126318_33,11442
126318,1,33,1836.805,4657,187343,980,Carry,,53.55462000000001,15.810679999999998,51.13815,19.074544,True,126318_33,11442
126318,1,33,1838.267,4657,187343,981,Pass,Successful,51.13815,19.074544,47.095965,39.244772,True,126318_33,11442
126318,1,33,1843.533,4657,360391,983,Pass,Successful,48.92328,39.87588,48.663405,22.516228,True,126318_33,11442
126318,1,33,1845.211,4657,500484,985,Carry,,48.663405,22.516228,53.108055,22.995696,True,126318_33,11442
126318,1,33,1849.1,4657,500484,986,Pass,Successful,53.108055,22.995696,53.94816,44.081272,True,126318_33,11442
126318,1,33,1852.167,4657,360391,988,Pass,Successful,55.81737,45.319892,72.55499999999999,64.9210008,True,126318_33,11442
