game_id,period_id,episode_id,time_seconds,team_id,player_id,action_id,type_name,result_name,start_x,start_y,end_x,end_y,is_home,game_episode,phase
126357,2,88,2871.5,2353,500580,2821,Pass_Freekick,Successful,69.67884,66.3404192,62.58693,66.0610412,True,126357_88,23947
126357,2,88,2873.4000000000005,2353,356612,2823,Pass,Successful,61.683195,64.8661316,62.80995,57.370308,True,126357_88,23947
126357,2,88,2874.134,2353,500565,2825,Carry,,62.80995,57.370308,65.0727,62.7409956,True,126357_88,23947
126357,2,88,2875.4000000000005,4641,187313,2826,Tackle,Unsuccessful,40.0701,5.904575999999999,40.0701,5.904575999999999,False,126357_88,23948
126357,2,88,2875.6000000000004,2353,500565,2827,Pass,Unsuccessful,65.0727,62.7409956,67.51752,64.1898784,True,126357_88,23949
126357,2,88,2875.967000000001,4641,73228,2828,Interception,,37.257885,4.091016000000003,37.257885,4.091016000000003,False,126357_88,23950
126357,2,88,2875.9680000000008,4641,73228,2829,Carry,,37.257885,4.091016000000003,43.62813,11.507435999999998,False,126357_88,23950
126357,2,88,2878.233,4641,73228,2830,Pass,Unsuccessful,43.62813,11.507435999999998,58.778055,22.084088,False,126357_88,23950
126357,2,88,2879.8330000000005,2353,500575,2831,Recovery,,45.707655,47.399944000000005,89.80335,38.310316,True,126357_88,23951
126357,2,88,2879.8330000000005,2353,500575,2832,Pass,Unsuccessful,45.707655,47.399944000000005,89.80335,38.310316,True,126357_88,23951
126357,2,88,2885.067,4641,187313,2833,Duel,Successful,14.072310000000002,30.628423999999995,14.072310000000002,30.628423999999995,False,126357_88,23952
126357,2,88,2885.067,4641,187313,2834,Intervention,,14.072310000000002,30.628423999999995,14.072310000000002,30.628423999999995,False,126357_88,23952
126357,2,88,2885.6000000000004,4641,250957,2835,Recovery,,12.820080000000004,34.015776,12.820080000000004,34.015776,False,126357_88,23952
126357,2,88,2886.567,4641,250957,2836,Pass,Unsuccessful,14.207234999999995,34.137632,47.42388,68.0,False,126357_88,23952
