game_id,period_id,episode_id,time_seconds,team_id,player_id,action_id,type_name,result_name,start_x,start_y,end_x,end_y,is_home,game_episode,phase
126390,1,38,2723.467,4641,250957,1318,Pass_Freekick,Unsuccessful,10.85931,36.185044000000005,73.27026,52.626356,True,126390_38,33278
126390,1,38,2727.167,2354,150850,1319,Duel,Successful,31.606259999999992,16.148368000000005,31.606259999999992,16.148368000000005,False,126390_38,33279
126390,1,38,2728.967,2354,344559,1320,Recovery,,44.6796,19.803368,39.65797499999999,18.542988,False,126390_38,33279
126390,1,38,2728.967,2354,344559,1321,Pass,Successful,44.6796,19.803368,39.65797499999999,18.542988,False,126390_38,33279
126390,1,38,2729.6330000000003,2354,500145,1323,Pass,Unsuccessful,39.65797499999999,18.542988,40.91199,25.665512000000007,False,126390_38,33279
126390,1,38,2730.567,4641,250963,1324,Duel,Successful,64.067535,42.128244,64.067535,42.128244,True,126390_38,33280
126390,1,38,2730.567,4641,250963,1325,Intervention,,64.067535,42.128244,64.067535,42.128244,True,126390_38,33280
126390,1,38,2731.333,4641,500602,1326,Recovery,,59.897145,43.269828,59.897145,43.269828,True,126390_38,33280
126390,1,38,2731.3340000000003,4641,500602,1327,Carry,,59.897145,43.269828,65.567145,35.237532,True,126390_38,33280
126390,1,38,2733.433,4641,500602,1328,Pass,Unsuccessful,65.567145,35.237532,104.49663,60.483756,True,126390_38,33280
126390,1,38,2738.4,2354,142109,1329,Recovery,,0.6471339,8.299468000000005,41.64573,0.0,False,126390_38,33281
126390,1,38,2738.4,2354,142109,1330,Pass,Unsuccessful,0.6471339,8.299468000000005,33.33603000000001,0.0,False,126390_38,33281
