game_id,period_id,episode_id,time_seconds,team_id,player_id,action_id,type_name,result_name,start_x,start_y,end_x,end_y,is_home,game_episode,phase
126319,2,72,1845.733,4648,62386,2321,Throw-In,Successful,22.38117,0.0,18.961005,15.142104000000003,False,126319_72,11900
126319,2,72,1847.634,4648,250106,2323,Carry,,18.961005,15.142104000000003,21.295680000000004,21.541516,False,126319_72,11900
126319,2,72,1849.433,4648,250106,2324,Pass,Successful,21.295680000000004,21.541516,34.180544999999995,38.926396,False,126319_72,11900
126319,2,72,1851.3340000000003,4648,500142,2326,Carry,,34.180544999999995,38.926396,54.128235,53.04068,False,126319_72,11900
126319,2,72,1855.3330000000003,4648,500142,2327,Pass,Successful,54.128235,53.04068,70.622055,65.533844,False,126319_72,11900
