game_id,period_id,episode_id,time_seconds,team_id,player_id,action_id,type_name,result_name,start_x,start_y,end_x,end_y,is_home,game_episode,phase
126390,1,44,3122.6330000000003,2354,61979,1535,Throw-In,Unsuccessful,79.032345,68.0,87.18297,59.330204,False,126390_44,33305
126390,1,44,3124.167,4641,346035,1536,Duel,Successful,17.682525,9.141307999999997,17.682525,9.141307999999997,True,126390_44,33306
126390,1,44,3124.167,4641,346035,1537,Tackle,Successful,17.682525,9.141307999999997,17.682525,9.141307999999997,True,126390_44,33306
126390,1,44,3124.167,4641,346035,1538,Interception,,17.682525,9.141307999999997,17.682525,9.141307999999997,True,126390_44,33306
126390,1,44,3124.168,4641,346035,1539,Carry,,17.682525,9.141307999999997,20.17722,6.993187999999996,True,126390_44,33306
126390,1,44,3126.867,4641,346035,1540,Pass,Unsuccessful,20.17722,6.993187999999996,37.484475,13.152968,True,126390_44,33306
126390,1,44,3128.367,2354,61981,1541,Interception,,67.376505,55.697032,75.307575,65.6039588,False,126390_44,33307
126390,1,44,3128.367,2354,61981,1542,Pass,Successful,67.376505,55.697032,75.307575,65.6039588,False,126390_44,33307
126390,1,44,3131.667,2354,61979,1544,Pass,Unsuccessful,75.129915,66.9992712,83.02371000000001,66.7215388,False,126390_44,33307
