game_id,period_id,episode_id,time_seconds,team_id,player_id,action_id,type_name,result_name,start_x,start_y,end_x,end_y,is_home,game_episode,phase
126337,1,28,1731.9,2353,356618,794,Pass_Corner,Successful,104.850585,0.2404480000000006,96.05631,35.776024,False,126337_28,17357
126337,1,28,1733.767,2353,500583,795,Duel,Successful,96.05631,35.776024,96.05631,35.776024,False,126337_28,17357
126337,1,28,1733.768,2353,500583,797,Carry,,96.05631,35.776024,74.563755,43.1222,False,126337_28,17357
126337,1,28,1735.3675,2353,500583,798,Intervention,,74.563755,43.1222,74.563755,43.1222,False,126337_28,17357
126337,1,28,1736.967,2353,500569,799,Recovery,,74.563755,43.1222,69.77334,37.2419,False,126337_28,17357
126337,1,28,1736.967,2353,500569,800,Pass,Successful,74.563755,43.1222,69.77334,37.2419,False,126337_28,17357
