game_id,period_id,episode_id,time_seconds,team_id,player_id,action_id,type_name,result_name,start_x,start_y,end_x,end_y,is_home,game_episode,phase
126328,2,77,1933.8,4640,61913,2221,Pass_Freekick,Successful,61.19442,25.006728000000003,59.28678,20.885791999999995,False,126328_77,14786
126328,2,77,1935.3,4640,354791,2223,Pass,Successful,59.35587,21.194239999999997,58.650585,30.412932,False,126328_77,14786
126328,2,77,1936.2,4640,61913,2225,Pass,Successful,58.650585,30.412932,50.012550000000005,13.286247999999992,False,126328_77,14786
126328,2,77,1938.9000000000003,4640,354791,2227,Pass,Successful,50.012550000000005,13.286247999999992,58.475445,0.800699999999992,False,126328_77,14786
126328,2,77,1940.4000000000003,4640,491837,2229,Pass,Successful,58.475445,0.800699999999992,56.60613,7.025827999999997,False,126328_77,14786
