game_id,period_id,episode_id,time_seconds,team_id,player_id,action_id,type_name,result_name,start_x,start_y,end_x,end_y,is_home,game_episode,phase
126304,1,18,772.767,2353,356609,350,Throw-In,Unsuccessful,76.10662500000001,68.0,78.29052,52.342252,False,126304_18,6947
126304,1,18,775.067,4220,500554,351,Duel,Successful,27.658155,14.911379999999994,27.658155,14.911379999999994,True,126304_18,6948
126304,1,18,776.167,4220,252489,352,Recovery,,30.49662,17.605744,35.968905,26.102548,True,126304_18,6948
126304,1,18,776.167,4220,252489,353,Pass,Successful,30.49662,17.605744,35.968905,26.102548,True,126304_18,6948
126304,1,18,777.567,2353,356614,355,Intervention,,70.00539,40.221048,70.00539,40.221048,False,126304_18,6949
126304,1,18,777.633,4220,500549,356,Recovery,,34.469294999999995,27.546392,30.71733,24.719088,True,126304_18,6950
126304,1,18,777.633,4220,500549,357,Pass,Successful,34.469294999999995,27.546392,30.71733,24.719088,True,126304_18,6950
126304,1,18,778.2330000000001,4220,500554,359,Pass,Successful,30.71733,24.719088,42.765345,24.81694,True,126304_18,6950
