game_id,period_id,episode_id,time_seconds,team_id,player_id,action_id,type_name,result_name,start_x,start_y,end_x,end_y,is_home,game_episode,phase
126334,2,42,605.7220000000002,4646,250145,1963,Throw-In,Successful,34.27914,0.0,39.04246499999999,3.403807999999998,False,126334_42,16496
126334,2,42,606.4659999999999,4646,61645,1965,Pass,Successful,39.04246499999999,3.403807999999998,35.21301,0.0767720000000053,False,126334_42,16496
126334,2,42,607.1689999999999,4646,250145,1967,Pass,Unsuccessful,35.21301,0.0767720000000053,29.727284999999995,7.313263999999997,False,126334_42,16496
126334,2,42,608.4670000000001,4639,188342,1968,Recovery,,75.079095,60.328716,81.82104000000001,40.729824,True,126334_42,16497
126334,2,42,608.4670000000001,4639,188342,1969,Pass,Unsuccessful,75.079095,60.328716,81.82104000000001,40.729824,True,126334_42,16497
126334,2,42,610.7429999999999,4646,188514,1970,Recovery,,23.219490000000008,27.430044,23.219490000000008,27.430044,False,126334_42,16498
126334,2,42,612.2000000000003,4646,188514,1971,Pass,Successful,23.023875000000004,26.464716,29.981595,22.189556,False,126334_42,16498
126334,2,42,613.8879999999999,4646,250141,1973,Pass,Successful,31.727325000000008,24.090972,29.51739000000001,40.546768,False,126334_42,16498
126334,2,42,615.4930000000002,4646,146189,1975,Carry,,29.51739000000001,40.546768,62.07096,56.063892,False,126334_42,16498
126334,2,42,621.402,4646,146189,1976,Pass,Successful,62.07096,56.063892,86.61639000000001,60.311784,False,126334_42,16498
