game_id,period_id,episode_id,time_seconds,team_id,player_id,action_id,type_name,result_name,start_x,start_y,end_x,end_y,is_home,game_episode,phase
126385,2,65,1369.6,4644,250060,2069,Goal Kick,Unsuccessful,5.1208290000000005,30.33718,48.361005,9.433980000000004,True,126385_65,31974
126385,2,65,1372.9,4640,215818,2070,Recovery,,56.21238,59.045624,95.046945,56.217096,False,126385_65,31975
126385,2,65,1372.9,4640,215818,2071,Pass,Unsuccessful,56.21238,59.045624,95.046945,56.217096,False,126385_65,31975
126385,2,65,1378.567,4644,250060,2072,Recovery,,9.4667475,11.649828,9.4667475,11.649828,True,126385_65,31976
126385,2,65,1378.568,4644,250060,2073,Carry,,9.4667475,11.649828,14.58828,14.919539999999998,True,126385_65,31976
126385,2,65,1392.533,4644,250060,2074,Pass,Unsuccessful,14.58828,14.919539999999998,64.78563000000001,7.223640000000003,True,126385_65,31976
