game_id,period_id,episode_id,time_seconds,team_id,player_id,action_id,type_name,result_name,start_x,start_y,end_x,end_y,is_home,game_episode,phase
126326,1,47,2848.7000000000003,4220,500547,1480,Pass_Freekick,Successful,34.43433,19.783852,33.919515000000004,28.275012,True,126326_47,13950
126326,1,47,2850.867,4220,354812,1482,Pass,Successful,34.54479,27.59916,36.557535,41.610696,True,126326_47,13950
126326,1,47,2852.601,4220,500527,1484,Carry,,36.557535,41.610696,38.30001,44.681372,True,126326_47,13950
126326,1,47,2853.967,4220,500527,1485,Pass,Successful,38.30001,44.681372,79.040955,64.7912024,True,126326_47,13950
126326,1,47,2857.167,4220,354809,1487,Pass,Successful,79.040955,64.7912024,79.19866499999999,57.255796,True,126326_47,13950
126326,1,47,2858.8340000000003,4220,500549,1489,Carry,,79.19866499999999,57.255796,87.62985,50.663264,True,126326_47,13950
126326,1,47,2860.667,4641,500586,1490,Tackle,Unsuccessful,14.415554999999998,16.084584,14.415554999999998,16.084584,False,126326_47,13951
126326,1,47,2864.533,4220,500549,1491,Pass,Successful,87.62985,50.663264,84.06457499999999,38.65426,True,126326_47,13952
