game_id,period_id,episode_id,time_seconds,team_id,player_id,action_id,type_name,result_name,start_x,start_y,end_x,end_y,is_home,game_episode,phase
126360,2,86,3002.5780000000004,4639,77845,2953,Pass_Freekick,Unsuccessful,71.73033000000001,36.328388,97.19619,26.093844,False,126360_86,24838
126360,2,86,3004.0330000000004,4220,215699,2954,Interception,,7.940373,42.299332,7.940373,42.299332,True,126360_86,24839
126360,2,86,3004.0330000000004,4220,215699,2955,Clearance,,7.940373,42.299332,14.491155000000006,26.874483999999995,True,126360_86,24839
126360,2,86,3006.767,4639,345444,2956,Recovery,,90.508845,41.125516000000005,85.48953,37.941348,False,126360_86,24840
126360,2,86,3006.767,4639,345444,2957,Pass,Successful,90.508845,41.125516000000005,85.48953,37.941348,False,126360_86,24840
