game_id,period_id,episode_id,time_seconds,team_id,player_id,action_id,type_name,result_name,start_x,start_y,end_x,end_y,is_home,game_episode,phase
126381,2,54,527.3670000000002,4643,500118,1576,Pass_Corner,Successful,104.236545,1.7633080000000092,97.189785,29.581496,True,126381_54,30724
126381,2,54,528.5,4643,408792,1577,Duel,Successful,97.189785,29.581496,105.0,34.0,True,126381_54,30724
126381,2,54,528.5,4643,408792,1579,Shot,Low Quality Shot,97.189785,29.581496,103.57389,57.37636,True,126381_54,30724
126381,2,54,532.1669999999999,4643,145673,1581,Recovery,,103.57389,57.37636,103.57389,57.37636,True,126381_54,30724
126381,2,54,532.1679999999999,4643,145673,1582,Carry,,103.57389,57.37636,101.604195,61.2805664,True,126381_54,30724
126381,2,54,533.1330000000003,4643,145673,1583,Pass,Successful,101.604195,61.2805664,89.36109,64.5687064,True,126381_54,30724
