game_id,period_id,episode_id,time_seconds,team_id,player_id,action_id,type_name,result_name,start_x,start_y,end_x,end_y,is_home,game_episode,phase
126326,1,23,1432.933,4641,500586,730,Throw-In,Unsuccessful,24.770129999999995,0.0,49.658175,11.768555999999997,False,126326_23,13895
126326,1,23,1435.533,4220,500533,731,Interception,,54.98913,56.76028,40.26624,57.986388,True,126326_23,13896
126326,1,23,1435.533,4220,500533,732,Pass,Successful,54.98913,56.76028,40.26624,57.986388,True,126326_23,13896
126326,1,23,1437.5,4220,500547,734,Pass,Successful,40.26624,57.986388,14.50281,39.84528,True,126326_23,13896
126326,1,23,1444.733,4220,500552,736,Pass,Successful,14.96397,39.440272,26.011545,49.546228,True,126326_23,13896
126326,1,23,1447.267,4220,500527,738,Pass,Successful,27.26073,50.31014,35.403165,56.710708,True,126326_23,13896
126326,1,23,1448.433,4220,354812,740,Pass,Unsuccessful,35.403165,56.710708,51.73224,63.8028156,True,126326_23,13896
