game_id,period_id,episode_id,time_seconds,team_id,player_id,action_id,type_name,result_name,start_x,start_y,end_x,end_y,is_home,game_episode,phase
126375,2,50,484.933,4639,491811,1727,Pass_Corner,Unsuccessful,104.5842,0.0,103.349505,35.989884,False,126375_50,29145
126375,2,50,486.8670000000002,2353,356626,1728,Aerial Clearance,Successful,1.064868,30.200976,1.064868,30.200976,True,126375_50,29146
126375,2,50,486.8670000000002,2353,356626,1729,Catch,,1.064868,30.200976,1.064868,30.200976,True,126375_50,29146
126375,2,50,486.8670000000002,2353,356626,1730,Interception,,1.064868,30.200976,1.064868,30.200976,True,126375_50,29146
126375,2,50,486.86800000000017,2353,356626,1731,Carry,,1.064868,30.200976,16.706235,35.289688,True,126375_50,29146
126375,2,50,504.2670000000003,2353,356626,1732,Pass,Unsuccessful,16.706235,35.289688,71.2257,68.0,True,126375_50,29146
