game_id,period_id,episode_id,time_seconds,team_id,player_id,action_id,type_name,result_name,start_x,start_y,end_x,end_y,is_home,game_episode,phase
126385,1,38,2280.333,4640,413675,1196,Throw-In,Successful,47.72544,0.0,65.139795,8.516932000000004,False,126385_38,31865
126385,1,38,2281.933,4640,61932,1198,Pass,Successful,65.139795,8.516932000000004,64.508115,15.424167999999996,False,126385_38,31865
126385,1,38,2283.467,4644,500520,1200,Intervention,,40.382055,52.934464,40.382055,52.934464,True,126385_38,31866
126385,1,38,2286.167,4640,77520,1201,Recovery,,65.52315,23.62626,65.52315,23.62626,False,126385_38,31867
126385,1,38,2287.2000000000003,4640,77520,1202,Pass,Successful,65.007285,23.311964,60.503625,23.370512,False,126385_38,31867
126385,1,38,2287.967,4640,500430,1204,Pass,Successful,60.503625,23.370512,88.154955,5.120536000000001,False,126385_38,31867
