game_id,period_id,episode_id,time_seconds,team_id,player_id,action_id,type_name,result_name,start_x,start_y,end_x,end_y,is_home,game_episode,phase
126327,1,12,676.7330000000001,4639,77845,280,Throw-In,Successful,94.20558,68.0,91.333515,61.6695672,True,126327_12,14223
126327,1,12,677.7330000000001,4639,491802,282,Pass,Successful,91.333515,61.6695672,89.59608,64.9594752,True,126327_12,14223
126327,1,12,679.433,4639,77845,284,Pass,Successful,89.874855,65.2714252,93.437925,65.0216476,True,126327_12,14223
126327,1,12,681.167,4639,491802,286,Cross,Unsuccessful,96.103455,64.8537284,100.116975,41.517536,True,126327_12,14223
126327,1,12,682.767,2353,500569,287,Recovery,,3.973063499999995,25.842516,21.168840000000003,7.705896000000003,False,126327_12,14224
126327,1,12,682.767,2353,500569,288,Pass,Successful,3.973063499999995,25.842516,21.168840000000003,7.705896000000003,False,126327_12,14224
126327,1,12,684.533,2353,500583,289,Duel,Successful,21.168840000000003,7.705896000000003,21.168840000000003,7.705896000000003,False,126327_12,14224
126327,1,12,685.767,2353,500583,291,Pass,Unsuccessful,20.51384999999999,9.797848000000002,53.42778,0.0,False,126327_12,14224
