game_id,period_id,episode_id,time_seconds,team_id,player_id,action_id,type_name,result_name,start_x,start_y,end_x,end_y,is_home,game_episode,phase
126308,2,64,1206.7330000000002,2354,150851,1994,Pass_Corner,Unsuccessful,105.0,0.57038399999999,98.60529,32.610828,False,126308_64,8238
126308,2,64,1208.467,4657,500484,1995,Interception,,7.610767500000001,32.19018,7.610767500000001,32.19018,True,126308_64,8239
126308,2,64,1208.467,4657,500484,1996,Clearance,,7.610767500000001,32.19018,13.57083,43.669668,True,126308_64,8239
126308,2,64,1211.167,2354,500153,1997,Recovery,,91.42917,24.330332,102.49533,27.99594,False,126308_64,8240
126308,2,64,1211.167,2354,500153,1998,Pass,Unsuccessful,91.42917,24.330332,102.49533,27.99594,False,126308_64,8240
126308,2,64,1212.567,4657,250167,1999,Recovery,,2.825466,38.57368,2.825466,38.57368,True,126308_64,8241
126308,2,64,1212.568,4657,250167,2000,Carry,,2.825466,38.57368,13.573455,37.790456000000006,True,126308_64,8241
126308,2,64,1216.167,4657,250167,2001,Pass,Unsuccessful,13.573455,37.790456000000006,77.66451,0.0,True,126308_64,8241
