game_id,period_id,episode_id,time_seconds,team_id,player_id,action_id,type_name,result_name,start_x,start_y,end_x,end_y,is_home,game_episode,phase
126326,2,80,1905.133,4641,500586,2374,Pass_Corner,Successful,105.0,68.0,73.99213499999999,25.326328000000004,False,126326_80,14073
126326,2,80,1908.1680000000003,4641,250959,2376,Carry,,73.99213499999999,25.326328000000004,75.418245,17.504424,False,126326_80,14073
126326,2,80,1910.2,4220,500549,2377,Tackle,Unsuccessful,28.47978,50.706784,28.47978,50.706784,True,126326_80,14074
126326,2,80,1911.933,4641,250959,2378,Pass,Successful,75.418245,17.504424,76.444935,23.803332000000005,False,126326_80,14075
126326,2,80,1912.467,4641,346035,2380,Pass,Successful,76.444935,23.803332000000005,103.111785,11.326012,False,126326_80,14075
126326,2,80,1916.367,4641,346036,2381,Duel,Successful,103.111785,11.326012,103.111785,11.326012,False,126326_80,14075
126326,2,80,1916.233,4220,354809,2382,Tackle,Unsuccessful,1.315587,55.985624,1.315587,55.985624,True,126326_80,14076
126326,2,80,1917.933,4641,346036,2384,Cross,Successful,104.449485,13.176360000000004,88.36716,34.563176,False,126326_80,14077
126326,2,80,1921.6000000000004,4220,500533,2386,Intervention,,18.88446,33.009648,18.88446,33.009648,True,126326_80,14078
126326,2,80,1922.4000000000003,4641,500602,2387,Recovery,,85.70709000000001,39.058588,93.156525,39.175752,False,126326_80,14079
126326,2,80,1922.4000000000003,4641,500602,2388,Pass,Successful,85.70709000000001,39.058588,93.156525,39.175752,False,126326_80,14079
