game_id,period_id,episode_id,time_seconds,team_id,player_id,action_id,type_name,result_name,start_x,start_y,end_x,end_y,is_home,game_episode,phase
126370,1,42,2926.6330000000003,4657,62633,1483,Throw-In,Successful,42.01911,0.0,61.807935,6.683991999999996,True,126370_42,27598
126370,1,42,2928.433,4657,250172,1485,Pass,Unsuccessful,61.807935,6.683991999999996,78.592815,12.069387999999996,True,126370_42,27598
