game_id,period_id,episode_id,time_seconds,team_id,player_id,action_id,type_name,result_name,start_x,start_y,end_x,end_y,is_home,game_episode,phase
126348,1,26,2292.491,4648,62386,1219,Pass_Freekick,Successful,57.24117,13.522819999999996,62.01489,5.9965799999999945,True,126348_26,20879
126348,1,26,2295.117,4648,250101,1221,Pass,Successful,61.45776000000001,5.597895999999999,48.705615,21.633656,True,126348_26,20879
126348,1,26,2296.5760000000005,4648,500138,1223,Carry,,48.705615,21.633656,52.5441,25.30314,True,126348_26,20879
126348,1,26,2299.164,4648,500138,1224,Pass,Successful,52.5441,25.30314,49.402080000000005,41.108584,True,126348_26,20879
126348,1,26,2300.713,4648,62365,1226,Carry,,49.402080000000005,41.108584,53.151525,40.985572000000005,True,126348_26,20879
126348,1,26,2302.702,4648,62365,1227,Pass,Unsuccessful,53.151525,40.985572000000005,91.89012,60.315456,True,126348_26,20879
126348,1,26,2305.2000000000003,4657,500476,1228,Interception,,14.70693,9.909095999999998,19.568745000000007,1.2469839999999976,False,126348_26,20880
126348,1,26,2305.2000000000003,4657,500476,1229,Pass,Successful,14.70693,9.909095999999998,19.568745000000007,1.2469839999999976,False,126348_26,20880
126348,1,26,2307.367,4657,181865,1231,Pass,Successful,17.501504999999995,0.9939559999999972,6.810562500000003,5.050699999999999,False,126348_26,20880
126348,1,26,2309.6,4657,500476,1233,Pass,Unsuccessful,7.312325999999999,3.4310079999999914,8.963786999999996,3.582920000000001,False,126348_26,20880
