game_id,period_id,episode_id,time_seconds,team_id,player_id,action_id,type_name,result_name,start_x,start_y,end_x,end_y,is_home,game_episode,phase
126371,2,79,3110.657,4220,354809,3255,Throw-In,Successful,90.556725,68.0,100.66833,63.992012,True,126371_79,28164
126371,2,79,3112.045,4220,500549,3257,Carry,,100.66833,63.992012,103.04805,67.8282218,True,126371_79,28164
126371,2,79,3112.233,4644,250055,3258,Tackle,Unsuccessful,3.914862,4.799303999999999,3.914862,4.799303999999999,False,126371_79,28165
126371,2,79,3113.933,4644,250055,3259,Tackle,Unsuccessful,1.879332000000005,0.77928,1.879332000000005,0.77928,False,126371_79,28165
126371,2,79,3114.2,4220,500549,3260,Pass,Unsuccessful,103.04805,67.8282218,101.70069,66.228226,True,126371_79,28166
