game_id,period_id,episode_id,time_seconds,team_id,player_id,action_id,type_name,result_name,start_x,start_y,end_x,end_y,is_home,game_episode,phase
126332,1,28,1675.842,4220,287282,955,Pass_Freekick,Successful,47.31972,25.695772,38.144925,38.753744,False,126332_28,15814
126332,1,28,1678.903,4220,500527,957,Pass,Successful,38.06271,38.166224,33.69933,23.692084,False,126332_28,15814
126332,1,28,1680.521,4220,500547,959,Carry,,33.69933,23.692084,29.95965,22.293256,False,126332_28,15814
126332,1,28,1684.54,4220,500547,960,Pass,Successful,29.95965,22.293256,28.388220000000004,11.304320000000004,False,126332_28,15814
126332,1,28,1686.925,4220,287282,962,Pass,Successful,29.15125500000001,9.66552,48.9783,1.4923280000000003,False,126332_28,15814
126332,1,28,1688.534,4220,500549,964,Carry,,48.9783,1.4923280000000003,45.8031,3.734287999999992,False,126332_28,15814
126332,1,28,1689.567,4220,500549,965,Pass,Successful,45.8031,3.734287999999992,27.403949999999995,4.424964000000003,False,126332_28,15814
126332,1,28,1692.108,4220,287282,967,Pass,Successful,28.453845,4.498200000000004,69.151005,4.565044,False,126332_28,15814
