game_id,period_id,episode_id,time_seconds,team_id,player_id,action_id,type_name,result_name,start_x,start_y,end_x,end_y,is_home,game_episode,phase
126327,2,68,2365.8330000000005,2353,356617,2650,Goal Kick,Unsuccessful,5.135780999999994,25.451244000000003,65.303595,14.835084000000002,False,126327_68,14482
126327,2,68,2369.7,4639,250899,2651,Duel,Successful,39.19419,52.717204,39.19419,52.717204,True,126327_68,14483
126327,2,68,2370.8330000000005,4639,354806,2652,Recovery,,43.602195,43.710672,44.918685,46.396876,True,126327_68,14483
126327,2,68,2370.8330000000005,4639,354806,2653,Pass,Unsuccessful,43.602195,43.710672,44.918685,46.396876,True,126327_68,14483
126327,2,68,2371.367,2353,356616,2654,Recovery,,59.64105,22.569540000000003,59.64105,22.569540000000003,False,126327_68,14484
126327,2,68,2372.1670000000004,2353,356616,2655,Pass,Successful,61.100655,21.453320000000005,58.89723,21.098972,False,126327_68,14484
126327,2,68,2373.0,2353,356612,2657,Pass,Successful,58.89723,21.098972,69.11835,22.331948,False,126327_68,14484
126327,2,68,2374.3330000000005,2353,356618,2659,Pass,Successful,69.26598,21.341868,73.34061,16.463684,False,126327_68,14484
