game_id,period_id,episode_id,time_seconds,team_id,player_id,action_id,type_name,result_name,start_x,start_y,end_x,end_y,is_home,game_episode,phase
126314,2,111,2289.767,4641,500586,2605,Throw-In,Successful,87.887205,0.0,85.47483000000001,13.381652000000004,False,126314_111,10386
126314,2,111,2291.1670000000004,4641,73228,2607,Pass,Successful,85.47483000000001,13.381652000000004,87.443895,2.133431999999999,False,126314_111,10386
126314,2,111,2295.267,4641,500586,2609,Pass,Successful,88.325475,1.995800000000003,82.235895,4.497315999999998,False,126314_111,10386
126314,2,111,2296.034000000001,4641,500602,2611,Carry,,82.235895,4.497315999999998,83.95926,1.0303360000000057,False,126314_111,10386
126314,2,111,2297.967000000001,4641,500602,2612,Pass,Successful,83.95926,1.0303360000000057,89.27163,2.808536000000004,False,126314_111,10386
