game_id,period_id,episode_id,time_seconds,team_id,player_id,action_id,type_name,result_name,start_x,start_y,end_x,end_y,is_home,game_episode,phase
126387,1,20,1214.867,2353,500562,586,Pass_Freekick,Successful,54.872055,65.9453596,42.327705,56.080960000000005,False,126387_20,32353
126387,1,20,1216.268,2353,526909,588,Carry,,42.327705,56.080960000000005,39.879000000000005,51.10404,False,126387_20,32353
126387,1,20,1217.8,2353,526909,589,Pass,Successful,39.879000000000005,51.10404,36.48057,29.854584000000003,False,126387_20,32353
126387,1,20,1219.101,2353,500561,591,Carry,,36.48057,29.854584000000003,44.666475000000005,30.66596,False,126387_20,32353
126387,1,20,1223.6,2353,500561,592,Pass,Successful,44.666475000000005,30.66596,57.57255,45.43658,False,126387_20,32353
126387,1,20,1224.701,2353,500580,594,Carry,,57.57255,45.43658,63.118965,62.5463456,False,126387_20,32353
126387,1,20,1224.733,4643,500121,595,Tackle,Unsuccessful,47.405295,23.183716000000004,47.405295,23.183716000000004,True,126387_20,32354
126387,1,20,1230.467,2353,500580,596,Pass,Successful,63.118965,62.5463456,54.919725,57.856372,False,126387_20,32355
