game_id,period_id,episode_id,time_seconds,team_id,player_id,action_id,type_name,result_name,start_x,start_y,end_x,end_y,is_home,game_episode,phase
126310,1,26,1837.5,316,503173,940,Throw-In,Successful,55.58322,68.0,69.16517999999999,63.3618424,True,126310_26,8746
126310,1,26,1839.233,316,286696,941,Duel,Successful,69.16517999999999,63.3618424,69.16517999999999,63.3618424,True,126310_26,8746
126310,1,26,1839.2,2353,500576,942,Tackle,Unsuccessful,35.39529,6.469451999999997,35.39529,6.469451999999997,False,126310_26,8747
126310,1,26,1840.493,316,286696,944,Pass,Unsuccessful,68.955705,61.6760884,98.858025,56.418104,True,126310_26,8748
