game_id,period_id,episode_id,time_seconds,team_id,player_id,action_id,type_name,result_name,start_x,start_y,end_x,end_y,is_home,game_episode,phase
126377,1,11,698.667,4643,187259,336,Throw-In,Unsuccessful,95.87088,0.0,98.397495,19.228359999999995,False,126377_11,29560
126377,1,11,700.167,4641,145831,337,Interception,,6.53688,49.181136,6.53688,49.181136,True,126377_11,29561
126377,1,11,700.167,4641,145831,338,Clearance,,6.53688,49.181136,23.624265,55.272236,True,126377_11,29561
126377,1,11,701.8000000000001,4641,73228,339,Recovery,,23.624265,55.272236,23.624265,55.272236,True,126377_11,29561
126377,1,11,702.118,4641,73228,340,Pass,Successful,22.932735,56.701256,27.054405,58.189844,True,126377_11,29561
126377,1,11,703.2,4643,145673,341,Tackle,Unsuccessful,77.621355,9.992939999999995,77.621355,9.992939999999995,False,126377_11,29562
126377,1,11,703.221,4641,346037,343,Pass,Successful,27.054405,58.189844,38.325105,45.56952,True,126377_11,29563
126377,1,11,705.329,4641,500590,345,Carry,,38.325105,45.56952,43.04055,44.880612,True,126377_11,29563
126377,1,11,706.033,4641,500590,346,Pass,Successful,43.04055,44.880612,60.54636000000001,60.676536,True,126377_11,29563
