game_id,period_id,episode_id,time_seconds,team_id,player_id,action_id,type_name,result_name,start_x,start_y,end_x,end_y,is_home,game_episode,phase
126380,2,86,2828.4000000000005,2353,356626,2582,Goal Kick,Unsuccessful,4.5560655000000025,27.938412,75.68872499999999,44.276704,False,126380_86,30572
126380,2,86,2831.733,4648,500140,2583,Recovery,,28.383075,20.848868000000003,28.383075,20.848868000000003,True,126380_86,30573
126380,2,86,2831.7340000000004,4648,500140,2584,Carry,,28.383075,20.848868000000003,20.71083,1.120028000000005,True,126380_86,30573
126380,2,86,2834.733,4648,500140,2585,Pass,Unsuccessful,20.71083,1.120028000000005,60.5325,13.693568,True,126380_86,30573
126380,2,86,2839.633,2353,500575,2586,Recovery,,44.413005,53.444396,14.225714999999994,36.719388,False,126380_86,30574
126380,2,86,2839.633,2353,500575,2587,Pass,Successful,44.413005,53.444396,14.225714999999994,36.719388,False,126380_86,30574
126380,2,86,2841.8340000000007,2353,356626,2589,Carry,,14.225714999999994,36.719388,23.094539999999995,27.978396000000004,False,126380_86,30574
126380,2,86,2846.3330000000005,2353,356626,2590,Pass,Unsuccessful,23.094539999999995,27.978396000000004,70.30233,68.0,False,126380_86,30574
