game_id,period_id,episode_id,time_seconds,team_id,player_id,action_id,type_name,result_name,start_x,start_y,end_x,end_y,is_home,game_episode,phase
126394,2,69,2474.467000000001,4639,142258,2834,Goal Kick,Successful,3.712128000000007,38.37376,4.710005999999993,27.09902,False,126394_69,34513
126394,2,69,2475.8010000000004,4639,491810,2836,Carry,,4.710005999999993,27.09902,12.237224999999995,21.261560000000003,False,126394_69,34513
126394,2,69,2479.1670000000004,4639,491810,2837,Pass,Successful,12.237224999999995,21.261560000000003,27.166124999999997,4.938976000000004,False,126394_69,34513
126394,2,69,2481.3680000000004,4639,491801,2839,Carry,,27.166124999999997,4.938976000000004,33.35566499999999,6.592736000000002,False,126394_69,34513
126394,2,69,2483.8,4639,491801,2840,Pass,Successful,33.35566499999999,6.592736000000002,29.8557,21.300184,False,126394_69,34513
126394,2,69,2486.1680000000006,4639,491810,2842,Carry,,29.8557,21.300184,32.64197999999999,23.980540000000005,False,126394_69,34513
126394,2,69,2487.633,4639,491810,2843,Pass,Successful,32.64197999999999,23.980540000000005,38.76925499999999,50.953352,False,126394_69,34513
126394,2,69,2491.367,4639,77828,2845,Pass,Successful,40.18465499999999,52.936572,48.73932,63.7137832,False,126394_69,34513
126394,2,69,2493.733,4639,77845,2847,Carry,,51.60981,63.5761716,58.71705,61.4712792,False,126394_69,34513
126394,2,69,2495.1670000000004,4639,77845,2848,Pass,Successful,58.71705,61.4712792,61.89477000000001,50.035964,False,126394_69,34513
126394,2,69,2496.8,4639,345446,2850,Pass,Successful,63.89481,49.329444,65.279235,37.48540800000001,False,126394_69,34513
126394,2,69,2497.867,4639,97086,2852,Pass,Successful,65.279235,37.48540800000001,59.46906,42.852784,False,126394_69,34513
126394,2,69,2498.4000000000005,4639,407605,2854,Pass,Successful,59.46906,42.852784,66.77727,9.911952,False,126394_69,34513
