game_id,period_id,episode_id,time_seconds,team_id,player_id,action_id,type_name,result_name,start_x,start_y,end_x,end_y,is_home,game_episode,phase
126332,1,32,2152.1330000000003,4648,500139,1155,Pass_Corner,Unsuccessful,105.0,68.0,87.0051,29.797464,True,126332_32,15835
126332,1,32,2154.553,4220,500549,1156,Interception,,18.162165,38.872676,18.162165,38.872676,False,126332_32,15836
126332,1,32,2154.554,4220,500549,1157,Carry,,18.162165,38.872676,28.336245000000005,24.032628000000003,False,126332_32,15836
126332,1,32,2157.433,4648,250101,1158,Intervention,,76.663755,43.967372,76.663755,43.967372,True,126332_32,15837
126332,1,32,2158.8,4220,354812,1159,Recovery,,19.537350000000004,22.898524,53.76903,0.1428680000000071,False,126332_32,15838
126332,1,32,2158.8,4220,354812,1160,Pass,Unsuccessful,19.537350000000004,22.898524,73.58347499999999,0.0,False,126332_32,15838
