game_id,period_id,episode_id,time_seconds,team_id,player_id,action_id,type_name,result_name,start_x,start_y,end_x,end_y,is_home,game_episode,phase
126381,1,13,617.333,4643,187259,284,Throw-In,Successful,72.22109999999999,0.0,70.67697,4.293723999999997,True,126381_13,30610
126381,1,13,618.167,4643,500118,286,Pass,Successful,70.67697,4.293723999999997,70.75803,1.456696000000008,True,126381_13,30610
126381,1,13,618.933,4643,187259,288,Pass,Unsuccessful,70.75803,1.456696000000008,80.02575,5.807200000000002,True,126381_13,30610
126381,1,13,620.4,4220,354809,289,Interception,,24.555615000000003,59.673672,24.555615000000003,59.673672,False,126381_13,30611
126381,1,13,620.4,4220,354809,290,Clearance,,24.555615000000003,59.673672,33.8394,54.188384,False,126381_13,30611
126381,1,13,621.467,4643,187722,291,Recovery,,71.1606,13.811616,80.281215,12.118823999999996,True,126381_13,30612
126381,1,13,621.467,4643,187722,292,Pass,Unsuccessful,71.1606,13.811616,80.281215,12.118823999999996,True,126381_13,30612
