game_id,period_id,episode_id,time_seconds,team_id,player_id,action_id,type_name,result_name,start_x,start_y,end_x,end_y,is_home,game_episode,phase
126309,1,2,102.533,4646,500460,66,Goal Kick,Successful,5.310689999999994,39.535132,68.884095,53.856884,False,126309_2,8344
126309,1,2,106.1,4646,250147,68,Error,,68.884095,53.856884,68.884095,53.856884,False,126309_2,8344
126309,1,2,106.7665,4648,250108,69,Recovery,,31.840095,22.468560000000004,31.840095,22.468560000000004,True,126309_2,8345
126309,1,2,107.433,4648,250108,70,Clearance,,31.840095,22.468560000000004,38.04003,47.618224,True,126309_2,8345
126309,1,2,109.667,4646,250148,71,Recovery,,66.95997,20.381776,66.95997,20.381776,False,126309_2,8346
126309,1,2,110.267,4646,250148,72,Pass,Successful,69.47556,19.131732,83.46786,15.446472,False,126309_2,8346
126309,1,2,111.434,4646,356607,74,Carry,,83.46786,15.446472,83.361495,10.044620000000002,False,126309_2,8346
126309,1,2,113.1,4646,356607,75,Pass,Successful,83.361495,10.044620000000002,72.33156000000001,12.660784,False,126309_2,8346
