game_id,period_id,episode_id,time_seconds,team_id,player_id,action_id,type_name,result_name,start_x,start_y,end_x,end_y,is_home,game_episode,phase
126305,1,7,358.253,316,344466,147,Goal Kick,Successful,5.1684675000000055,35.826412000000005,7.108395000000002,49.750704,False,126305_7,7182
126305,1,7,361.996,316,77579,149,Pass,Unsuccessful,8.475337499999995,51.851292,19.12764,58.756828,False,126305_7,7182
126305,1,7,362.7,4643,412016,150,Block,,85.745415,9.297164000000002,85.745415,9.297164000000002,True,126305_7,7183
126305,1,7,366.133,316,286696,151,Recovery,,39.759510000000006,46.903136,39.759510000000006,46.903136,False,126305_7,7184
126305,1,7,366.134,316,286696,152,Carry,,39.759510000000006,46.903136,37.462425,41.569896,False,126305_7,7184
126305,1,7,367.213,316,286696,153,Pass,Successful,37.462425,41.569896,29.609160000000003,36.484652,False,126305_7,7184
126305,1,7,370.403,316,161110,155,Pass,Successful,30.7209,36.079168,45.95472,0.4406400000000019,False,126305_7,7184
126305,1,7,372.517,316,500126,157,Carry,,45.95472,0.4406400000000019,53.00022,0.0,False,126305_7,7184
126305,1,7,373.966,316,500126,158,Pass,Successful,53.00022,0.0,90.02007,15.442867999999995,False,126305_7,7184
