game_id,period_id,episode_id,time_seconds,team_id,player_id,action_id,type_name,result_name,start_x,start_y,end_x,end_y,is_home,game_episode,phase
126340,1,14,1075.567,4646,500460,552,Goal Kick,Unsuccessful,5.1296175,29.200152,63.6552,9.829195999999996,True,126340_14,18241
126340,1,14,1079.4,4640,360011,553,Recovery,,41.210925,60.114652,44.51622,55.35948,False,126340_14,18242
126340,1,14,1079.4,4640,360011,554,Pass,Successful,41.210925,60.114652,44.51622,55.35948,False,126340_14,18242
126340,1,14,1080.733,4640,411440,556,Pass,Successful,44.51622,55.35948,52.48026,51.820828,False,126340_14,18242
126340,1,14,1082.2,4640,215818,558,Pass,Unsuccessful,52.48026,51.820828,81.000675,23.584712,False,126340_14,18242
126340,1,14,1085.6,4646,61623,559,Recovery,,25.21428,43.9875,5.1730455,38.458284,True,126340_14,18243
126340,1,14,1085.6,4646,61623,560,Pass,Successful,25.21428,43.9875,5.1730455,38.458284,True,126340_14,18243
126340,1,14,1087.522,4646,500460,562,Pass,Unsuccessful,5.1730455,38.458284,24.709125,68.0,True,126340_14,18243
