game_id,period_id,episode_id,time_seconds,team_id,player_id,action_id,type_name,result_name,start_x,start_y,end_x,end_y,is_home,game_episode,phase
126334,2,54,1395.7330000000002,4646,61623,2256,Throw-In,Successful,50.515395,68.0,54.34558499999999,63.6089068,False,126334_54,16524
126334,2,54,1396.6670000000004,4639,491810,2257,Tackle,Unsuccessful,49.804125,5.520036000000005,49.804125,5.520036000000005,True,126334_54,16525
126334,2,54,1396.6720000000005,4646,61645,2259,Pass,Successful,54.34558499999999,63.6089068,48.053145,66.0830052,False,126334_54,16526
126334,2,54,1397.9310000000005,4646,61623,2261,Pass,Unsuccessful,48.053145,66.0830052,64.89735,64.397938,False,126334_54,16526
126334,2,54,1400.0,4639,187316,2262,Recovery,,40.607805,4.581772000000001,42.984480000000005,10.650227999999998,True,126334_54,16527
126334,2,54,1400.0,4639,187316,2263,Pass,Successful,40.607805,4.581772000000001,42.984480000000005,10.650227999999998,True,126334_54,16527
126334,2,54,1401.1999999999998,4639,407605,2265,Pass,Unsuccessful,42.984480000000005,10.650227999999998,71.563065,6.157196000000006,True,126334_54,16527
