game_id,period_id,episode_id,time_seconds,team_id,player_id,action_id,type_name,result_name,start_x,start_y,end_x,end_y,is_home,game_episode,phase
126395,1,29,2569.018,4643,187259,1177,Throw-In,Successful,35.826314999999994,0.0,39.300765,17.328780000000002,False,126395_29,34636
126395,1,29,2570.477,4643,187722,1179,Pass,Unsuccessful,39.300765,17.328780000000002,58.21326,15.225880000000004,False,126395_29,34636
126395,1,29,2571.7000000000003,316,248886,1180,Duel,Successful,46.89321,54.291404,46.89321,54.291404,True,126395_29,34637
126395,1,29,2571.7000000000003,316,248886,1181,Intervention,,46.89321,54.291404,46.89321,54.291404,True,126395_29,34637
126395,1,29,2573.067,316,503173,1182,Recovery,,50.23368,53.237812,55.73694,45.728776,True,126395_29,34637
126395,1,29,2573.067,316,503173,1183,Pass,Unsuccessful,50.23368,53.237812,55.73694,45.728776,True,126395_29,34637
126395,1,29,2574.226,4643,187722,1184,Recovery,,49.5285,22.909336000000003,60.33951,31.595996,False,126395_29,34638
126395,1,29,2574.226,4643,187722,1185,Pass,Successful,49.5285,22.909336000000003,60.33951,31.595996,False,126395_29,34638
