game_id,period_id,episode_id,time_seconds,team_id,player_id,action_id,type_name,result_name,start_x,start_y,end_x,end_y,is_home,game_episode,phase
126341,2,79,2151.9000000000005,4648,360389,2399,Pass_Freekick,Successful,52.80051,23.840596000000005,58.17756,33.333804,False,126341_79,18789
126341,2,79,2153.108,4648,77414,2401,Pass,Successful,58.17756,33.333804,52.52583,27.937528,False,126341_79,18789
126341,2,79,2153.9000000000005,4648,360389,2403,Pass,Successful,52.52583,27.937528,48.906165,49.318836000000005,False,126341_79,18789
126341,2,79,2156.116,4648,500140,2405,Pass,Successful,48.906165,49.318836000000005,58.104375,66.9609872,False,126341_79,18789
126341,2,79,2157.9000000000005,4648,188178,2407,Carry,,58.104375,66.9609872,55.56159,64.5689308,False,126341_79,18789
126341,2,79,2159.106,4648,188178,2408,Pass,Unsuccessful,55.56159,64.5689308,66.95094,10.843212,False,126341_79,18789
