game_id,period_id,episode_id,time_seconds,team_id,player_id,action_id,type_name,result_name,start_x,start_y,end_x,end_y,is_home,game_episode,phase
126322,2,81,1600.7660000000003,2353,356610,2305,Throw-In,Successful,81.703125,0.0,76.00299,14.435651999999996,False,126322_81,12810
126322,2,81,1602.3240000000003,2353,356618,2307,Pass,Successful,76.00299,14.435651999999996,80.722215,12.344244000000003,False,126322_81,12810
126322,2,81,1603.643,2353,356616,2309,Pass,Successful,80.858085,13.13216,86.11827,11.338251999999995,False,126322_81,12810
126322,2,81,1608.6279999999997,2353,356621,2311,Pass,Successful,88.171545,9.642128,82.77212999999999,9.239024,False,126322_81,12810
126322,2,81,1609.281,2353,356610,2313,Pass,Successful,82.77212999999999,9.239024,85.83456,3.076932,False,126322_81,12810
126322,2,81,1610.9170000000004,2353,356621,2315,Pass,Successful,85.83456,3.076932,88.74022500000001,0.7356920000000002,False,126322_81,12810
126322,2,81,1612.8670000000002,2353,356611,2317,Pass,Unsuccessful,87.494295,0.2443920000000048,93.364215,2.999344000000008,False,126322_81,12810
