game_id,period_id,episode_id,time_seconds,team_id,player_id,action_id,type_name,result_name,start_x,start_y,end_x,end_y,is_home,game_episode,phase
126304,1,48,2708.433,4220,500534,1328,Pass_Freekick,Successful,16.887465,62.078492,12.67455,51.314364,True,126304_48,7032
126304,1,48,2709.7340000000004,4220,500527,1330,Carry,,12.67455,51.314364,15.805755,48.791564,True,126304_48,7032
126304,1,48,2710.533,4220,500527,1331,Pass,Successful,15.805755,48.791564,27.367305,42.03454,True,126304_48,7032
126304,1,48,2711.7680000000005,4220,500554,1333,Carry,,27.367305,42.03454,38.972535,34.876044,True,126304_48,7032
126304,1,48,2715.467,4220,500554,1334,Pass,Successful,38.972535,34.876044,38.313555,14.066684000000002,True,126304_48,7032
126304,1,48,2718.3,4220,143588,1336,Pass,Successful,38.34201,13.310931999999994,43.792875,3.4276760000000053,True,126304_48,7032
126304,1,48,2720.7670000000003,4220,287282,1338,Pass,Unsuccessful,45.3558,2.5339519999999998,73.673355,5.924840000000003,True,126304_48,7032
