game_id,period_id,episode_id,time_seconds,team_id,player_id,action_id,type_name,result_name,start_x,start_y,end_x,end_y,is_home,game_episode,phase
126365,2,63,2383.0,4644,250060,2864,Goal Kick,Successful,3.974355,31.558460000000004,6.212860500000001,27.741008,True,126365_63,26251
126365,2,63,2385.267,4644,250055,2866,Pass,Successful,7.2660525,27.290848000000004,24.501645,35.73298,True,126365_63,26251
126365,2,63,2387.101000000001,4644,412005,2868,Carry,,24.501645,35.73298,36.21723,38.890968,True,126365_63,26251
126365,2,63,2390.4000000000005,4644,412005,2869,Pass,Successful,36.21723,38.890968,45.986745,24.531476,True,126365_63,26251
126365,2,63,2392.467000000001,4644,62098,2871,Pass,Successful,46.37955,23.66842,58.58055,2.5399359999999973,True,126365_63,26251
126365,2,63,2394.4010000000007,4644,62105,2873,Carry,,58.58055,2.5399359999999973,63.44919,3.39925199999999,True,126365_63,26251
126365,2,63,2395.7,4644,62105,2874,Pass,Successful,63.44919,3.39925199999999,69.352185,2.893739999999994,True,126365_63,26251
126365,2,63,2398.0330000000004,4644,62112,2876,Pass,Successful,69.352185,2.893739999999994,75.981255,1.3799920000000014,True,126365_63,26251
126365,2,63,2399.567,4644,62105,2878,Pass,Successful,75.981255,1.3799920000000014,91.21959,5.086059999999996,True,126365_63,26251
