game_id,period_id,episode_id,time_seconds,team_id,player_id,action_id,type_name,result_name,start_x,start_y,end_x,end_y,is_home,game_episode,phase
126323,2,86,2465.233,4220,500552,2500,Pass_Freekick,Unsuccessful,11.99058,28.955284,75.02733,46.656568,True,126323_86,13153
126323,2,86,2468.8,4657,360391,2501,Duel,Successful,29.240714999999994,21.516560000000005,29.240714999999994,21.516560000000005,False,126323_86,13154
126323,2,86,2470.7,4220,500530,2502,Recovery,,71.694945,59.57752,71.694945,59.57752,True,126323_86,13155
126323,2,86,2471.933,4220,500530,2503,Pass,Unsuccessful,71.636565,59.166596,71.49996,58.135036,True,126323_86,13155
126323,2,86,2472.0330000000004,4657,187341,2504,Block,,33.103245,10.956499999999998,33.103245,10.956499999999998,False,126323_86,13156
126323,2,86,2473.367,4220,500530,2505,Recovery,,68.21409,60.916576,55.62175499999999,64.2267004,True,126323_86,13157
126323,2,86,2473.367,4220,500530,2506,Pass,Successful,68.21409,60.916576,55.62175499999999,64.2267004,True,126323_86,13157
