game_id,period_id,episode_id,time_seconds,team_id,player_id,action_id,type_name,result_name,start_x,start_y,end_x,end_y,is_home,game_episode,phase
126356,2,64,1396.933,4648,62386,2010,Pass_Freekick,Successful,104.11212,57.808432,103.27506,37.047896,True,126356_64,23517
126356,2,64,1397.8330000000003,4648,500138,2012,Shot,On Target,103.27506,37.047896,105.0,32.909424976,True,126356_64,23517
126356,2,64,1397.8330000000003,4640,354794,2013,Aerial Clearance,Unsuccessful,1.3291425000000032,30.159496,1.3291425000000032,30.159496,False,126356_64,23518
126356,2,64,1398.2330000000002,4640,61913,2014,Block,,0.0,35.090575024,0.0,35.090575024,False,126356_64,23518
126356,2,64,1398.6329999999998,4640,61913,2016,Clearance,,0.0,35.912023999999995,16.969155,40.63918,False,126356_64,23518
126356,2,64,1400.7999999999995,4640,61932,2017,Recovery,,16.969155,40.63918,16.969155,40.63918,False,126356_64,23518
126356,2,64,1402.9669999999996,4640,61932,2018,Clearance,,16.969155,40.63918,36.50923499999999,65.5127844,False,126356_64,23518
126356,2,64,1406.8330000000003,4640,77520,2019,Recovery,,36.50923499999999,65.5127844,36.50923499999999,65.5127844,False,126356_64,23518
126356,2,64,1406.8340000000003,4640,77520,2020,Carry,,36.50923499999999,65.5127844,41.94981,66.5558432,False,126356_64,23518
126356,2,64,1409.75,4640,77520,2021,Pass,Successful,41.94981,66.5558432,33.775035,64.355302,False,126356_64,23518
126356,2,64,1411.8050000000003,4640,500430,2023,Pass,Successful,35.77276499999999,66.3117096,79.562385,64.8863548,False,126356_64,23518
