game_id,period_id,episode_id,time_seconds,team_id,player_id,action_id,type_name,result_name,start_x,start_y,end_x,end_y,is_home,game_episode,phase
126366,2,77,1129.6,4641,250965,2024,Throw-In,Successful,23.182635,68.0,34.174769999999995,55.898856,True,126366_77,26495
126366,2,77,1131.6,4641,500602,2026,Pass,Unsuccessful,34.174769999999995,55.898856,49.564725,59.25826,True,126366_77,26495
