game_id,period_id,episode_id,time_seconds,team_id,player_id,action_id,type_name,result_name,start_x,start_y,end_x,end_y,is_home,game_episode,phase
126312,1,14,920.833,4643,187259,424,Throw-In,Unsuccessful,90.838755,0.0,98.665245,30.210768,True,126312_14,9431
126312,1,14,924.167,4644,62105,425,Interception,,7.105371000000005,33.798312,7.105371000000005,33.798312,False,126312_14,9432
126312,1,14,924.167,4644,62105,426,Clearance,,7.105371000000005,33.798312,30.782430000000005,43.393384,False,126312_14,9432
126312,1,14,926.267,4644,62114,427,Recovery,,30.782430000000005,43.393384,30.782430000000005,43.393384,False,126312_14,9432
126312,1,14,926.268,4644,62114,428,Carry,,30.782430000000005,43.393384,29.305395000000004,40.671208,False,126312_14,9432
126312,1,14,926.8,4644,62114,429,Pass,Successful,29.305395000000004,40.671208,27.040229999999998,45.670024,False,126312_14,9432
126312,1,14,927.833,4644,325355,431,Pass,Unsuccessful,27.040229999999998,45.670024,50.23137,53.002396000000005,False,126312_14,9432
