game_id,period_id,episode_id,time_seconds,team_id,player_id,action_id,type_name,result_name,start_x,start_y,end_x,end_y,is_home,game_episode,phase
126322,1,53,2478.524,2353,356609,1188,Throw-In,Unsuccessful,77.59552500000001,68.0,97.992405,57.820604,False,126322_53,12648
126322,1,53,2480.5,4641,346035,1189,Interception,,7.022809499999999,10.488796,7.022809499999999,10.488796,True,126322_53,12649
126322,1,53,2480.5,4641,346035,1190,Clearance,,7.022809499999999,10.488796,9.6029535,3.5839399999999983,True,126322_53,12649
126322,1,53,2482.7000000000003,4641,413677,1191,Recovery,,9.6029535,3.5839399999999983,17.264519999999997,6.290068000000005,True,126322_53,12649
126322,1,53,2482.7000000000003,4641,413677,1192,Pass,Successful,9.6029535,3.5839399999999983,17.264519999999997,6.290068000000005,True,126322_53,12649
126322,1,53,2483.9,4641,500602,1193,Duel,Successful,17.264519999999997,6.290068000000005,17.264519999999997,6.290068000000005,True,126322_53,12649
126322,1,53,2483.9010000000003,4641,500602,1195,Carry,,17.264519999999997,6.290068000000005,8.628427499999999,5.180375999999995,True,126322_53,12649
126322,1,53,2486.267,4641,500602,1196,Pass,Successful,8.628427499999999,5.180375999999995,41.633235,0.6445719999999966,True,126322_53,12649
