game_id,period_id,episode_id,time_seconds,team_id,player_id,action_id,type_name,result_name,start_x,start_y,end_x,end_y,is_home,game_episode,phase
126381,1,33,1774.133,4643,187259,819,Throw-In,Successful,36.57402,0.0,66.040485,7.686107999999997,True,126381_33,30650
126381,1,33,1777.234,4643,500117,821,Carry,,66.040485,7.686107999999997,74.336535,2.8615759999999995,True,126381_33,30650
126381,1,33,1778.933,4643,500117,822,Pass,Unsuccessful,74.336535,2.8615759999999995,75.05148,3.5709519999999912,True,126381_33,30650
