game_id,period_id,episode_id,time_seconds,team_id,player_id,action_id,type_name,result_name,start_x,start_y,end_x,end_y,is_home,game_episode,phase
126342,1,34,1999.567,4643,500115,1000,Pass_Corner,Unsuccessful,105.0,0.0,99.923565,39.112716,True,126342_34,18988
126342,1,34,2001.867,4639,142258,1001,Aerial Clearance,Successful,4.595755499999996,28.730544,4.595755499999996,28.730544,False,126342_34,18989
126342,1,34,2001.867,4639,142258,1002,Catch,,4.595755499999996,28.730544,4.595755499999996,28.730544,False,126342_34,18989
126342,1,34,2001.867,4639,142258,1003,Interception,,4.595755499999996,28.730544,4.595755499999996,28.730544,False,126342_34,18989
126342,1,34,2001.868,4639,142258,1004,Carry,,4.595755499999996,28.730544,14.242620000000002,25.30552,False,126342_34,18989
126342,1,34,2004.6,4639,142258,1005,Pass,Successful,14.242620000000002,25.30552,38.614485,0.1136280000000056,False,126342_34,18989
