game_id,period_id,episode_id,time_seconds,team_id,player_id,action_id,type_name,result_name,start_x,start_y,end_x,end_y,is_home,game_episode,phase
126319,1,15,1020.9,4640,500430,586,Pass_Freekick,Unsuccessful,73.86309,14.129516000000002,97.671,42.750716,True,126319_15,11721
126319,1,15,1023.133,4648,250099,587,Aerial Clearance,Successful,6.863765999999998,25.618184,6.863765999999998,25.618184,False,126319_15,11722
126319,1,15,1023.133,4648,250099,588,Catch,,6.863765999999998,25.618184,6.863765999999998,25.618184,False,126319_15,11722
126319,1,15,1023.133,4648,250099,589,Clearance,,6.863765999999998,25.618184,18.700605,17.551004000000006,False,126319_15,11722
126319,1,15,1025.5,4640,146174,590,Recovery,,86.299395,50.448996,95.07267,40.905536,True,126319_15,11723
126319,1,15,1025.5,4640,146174,591,Pass,Successful,86.299395,50.448996,95.07267,40.905536,True,126319_15,11723
