game_id,period_id,episode_id,time_seconds,team_id,player_id,action_id,type_name,result_name,start_x,start_y,end_x,end_y,is_home,game_episode,phase
126472,1,8,469.567,4641,250965,224,Throw-In,Successful,31.592609999999997,0.0,45.23295,5.285028000000004,False,126472_8,56455
126472,1,8,471.033,4641,346036,225,Duel,Successful,45.23295,5.285028000000004,45.23295,5.285028000000004,False,126472_8,56455
126472,1,8,471.034,4641,346036,227,Carry,,45.23295,5.285028000000004,42.984795,1.7714679999999987,False,126472_8,56455
126472,1,8,471.3335,4641,346036,228,Intervention,,42.984795,1.7714679999999987,42.984795,1.7714679999999987,False,126472_8,56455
126472,1,8,471.633,4641,529743,229,Recovery,,42.984795,1.7714679999999987,42.984795,1.7714679999999987,False,126472_8,56455
126472,1,8,472.233,4641,529743,230,Pass,Unsuccessful,43.060605,3.460316000000006,43.54875,5.804888000000005,False,126472_8,56455
126472,1,8,472.4,4640,533476,231,Block,,61.80961500000001,62.7957084,61.80961500000001,62.7957084,True,126472_8,56456
126472,1,8,473.7,4641,413678,232,Recovery,,38.503815,13.032744,34.358835,4.553007999999998,False,126472_8,56457
126472,1,8,473.7,4641,413678,233,Pass,Successful,38.503815,13.032744,34.358835,4.553007999999998,False,126472_8,56457
