game_id,period_id,episode_id,time_seconds,team_id,player_id,action_id,type_name,result_name,start_x,start_y,end_x,end_y,is_home,game_episode,phase
126432,2,38,402.433,4639,77845,1718,Throw-In,Successful,41.399925,68.0,48.612585,65.1991208,True,126432_38,44906
126432,2,38,403.2330000000002,4639,491802,1719,Duel,Successful,48.612585,65.1991208,41.71251,65.6158928,True,126432_38,44906
126432,2,38,403.2330000000002,4639,491802,1721,Pass,Successful,48.612585,65.1991208,41.71251,65.6158928,True,126432_38,44906
126432,2,38,404.6669999999999,4639,77845,1723,Pass,Unsuccessful,41.71251,65.6158928,84.73909499999999,26.312940000000005,True,126432_38,44906
126432,2,38,410.0999999999999,2353,500562,1724,Recovery,,19.239045000000004,43.38264,19.239045000000004,43.38264,False,126432_38,44907
126432,2,38,410.1009999999999,2353,500562,1725,Carry,,19.239045000000004,43.38264,20.969760000000008,64.8162944,False,126432_38,44907
126432,2,38,414.2330000000002,2353,500562,1726,Pass,Unsuccessful,20.969760000000008,64.8162944,18.441675000000004,35.965676,False,126432_38,44907
