game_id,period_id,episode_id,time_seconds,team_id,player_id,action_id,type_name,result_name,start_x,start_y,end_x,end_y,is_home,game_episode,phase
126422,2,56,764.5,4643,500121,1925,Throw-In,Successful,88.154535,68.0,85.61521499999999,61.3871836,True,126422_56,42256
126422,2,56,766.0329999999999,4643,500117,1927,Pass,Successful,86.05212,62.7647276,86.29446,67.1901608,True,126422_56,42256
126422,2,56,767.7660000000001,4643,500121,1929,Pass,Successful,83.661165,66.0299108,82.406205,53.166208,True,126422_56,42256
