game_id,period_id,episode_id,time_seconds,team_id,player_id,action_id,type_name,result_name,start_x,start_y,end_x,end_y,is_home,game_episode,phase
126474,1,31,2212.533,316,500124,856,Pass_Corner,Unsuccessful,105.0,68.0,98.92533,37.981196,True,126474_31,57171
126474,1,31,2214.067,4220,215699,857,Interception,,6.522767999999999,30.270948000000004,6.522767999999999,30.270948000000004,False,126474_31,57172
126474,1,31,2214.067,4220,215699,858,Clearance,,6.522767999999999,30.270948000000004,22.630545,33.026104000000004,False,126474_31,57172
126474,1,31,2216.533,4220,500549,859,Error,,22.630545,33.026104000000004,22.630545,33.026104000000004,False,126474_31,57172
126474,1,31,2217.433,316,503173,860,Recovery,,78.785595,39.577496,73.062675,31.996447999999997,True,126474_31,57173
126474,1,31,2217.433,316,503173,861,Pass,Successful,78.785595,39.577496,73.062675,31.996447999999997,True,126474_31,57173
126474,1,31,2218.733,316,344468,863,Pass,Successful,73.062675,31.996447999999997,91.61124,62.1679188,True,126474_31,57173
