game_id,period_id,episode_id,time_seconds,team_id,player_id,action_id,type_name,result_name,start_x,start_y,end_x,end_y,is_home,game_episode,phase
126411,2,86,2872.967000000001,2354,253677,3003,Throw-In,Successful,68.30376,0.0,60.73535999999999,5.283396000000003,True,126411_86,39359
126411,2,86,2874.101000000001,2354,215806,3005,Carry,,60.73535999999999,5.283396000000003,61.731285,8.259552,True,126411_86,39359
126411,2,86,2875.633,2354,215806,3006,Pass,Successful,61.731285,8.259552,64.986705,17.235008,True,126411_86,39359
126411,2,86,2876.867,2354,500154,3008,Carry,,65.031435,18.032852,87.710385,17.236843999999998,True,126411_86,39359
126411,2,86,2881.367,2354,500154,3009,Pass,Unsuccessful,87.710385,17.236843999999998,99.866277,42.46804,True,126411_86,39359
