game_id,period_id,episode_id,time_seconds,team_id,player_id,action_id,type_name,result_name,start_x,start_y,end_x,end_y,is_home,game_episode,phase
126464,2,37,28.300000000000185,316,344468,1566,Throw-In,Successful,63.479535,0.0,59.718225,5.475699999999996,False,126464_37,54105
126464,2,37,29.90000000000009,316,500126,1568,Pass,Successful,59.61459,4.775640000000003,61.399275,0.3561839999999989,False,126464_37,54105
126464,2,37,31.0,316,344468,1570,Pass,Unsuccessful,61.399275,0.3561839999999989,60.879735,1.2791480000000064,False,126464_37,54105
