game_id,period_id,episode_id,time_seconds,team_id,player_id,action_id,type_name,result_name,start_x,start_y,end_x,end_y,is_home,game_episode,phase
126437,2,60,2123.0,4657,250167,2472,Goal Kick,Unsuccessful,5.042057999999997,26.446016,59.500245,7.354132000000007,False,126437_60,46379
126437,2,60,2126.367,4220,354809,2473,Duel,Successful,45.344985,61.8309924,45.344985,61.8309924,True,126437_60,46380
126437,2,60,2128.2,4657,528956,2474,Recovery,,49.63455,12.711784000000002,41.476785,9.440847999999995,False,126437_60,46381
126437,2,60,2128.2,4657,528956,2475,Pass,Successful,49.63455,12.711784000000002,41.476785,9.440847999999995,False,126437_60,46381
126437,2,60,2129.4000000000005,4657,527810,2477,Pass,Unsuccessful,41.476785,9.440847999999995,44.092020000000005,0.0,False,126437_60,46381
