game_id,period_id,episode_id,time_seconds,team_id,player_id,action_id,type_name,result_name,start_x,start_y,end_x,end_y,is_home,game_episode,phase
126471,2,79,2105.633,4644,250060,2274,Pass_Freekick,Successful,26.456850000000003,1.6053440000000023,78.142155,26.934868,False,126471_79,56374
126471,2,79,2108.967000000001,4644,62119,2275,Duel,Successful,78.142155,26.934868,78.142155,26.934868,False,126471_79,56374
126471,2,79,2108.9680000000008,4644,62119,2277,Carry,,78.142155,26.934868,83.973225,28.610864,False,126471_79,56374
126471,2,79,2109.317500000001,4644,62119,2278,Intervention,,83.973225,28.610864,83.973225,28.610864,False,126471_79,56374
126471,2,79,2109.6670000000004,4644,62112,2279,Recovery,,83.973225,28.610864,83.973225,28.610864,False,126471_79,56374
126471,2,79,2110.536,4644,62112,2280,Pass,Successful,83.418195,27.81098,90.134415,28.562788,False,126471_79,56374
