game_id,period_id,episode_id,time_seconds,team_id,player_id,action_id,type_name,result_name,start_x,start_y,end_x,end_y,is_home,game_episode,phase
126416,2,74,3000.433,4643,187259,3077,Throw-In,Successful,80.77776,0.0,90.541815,17.702644,False,126416_74,40769
126416,2,74,3002.1000000000004,4643,529741,3078,Duel,Successful,90.541815,17.702644,92.617245,24.384528000000003,False,126416_74,40769
126416,2,74,3002.1000000000004,4643,529741,3080,Pass,Successful,90.541815,17.702644,92.617245,24.384528000000003,False,126416_74,40769
126416,2,74,3003.9000000000005,4643,500121,3082,Pass,Successful,93.126285,25.718756,88.5318,39.875948,False,126416_74,40769
