game_id,period_id,episode_id,time_seconds,team_id,player_id,action_id,type_name,result_name,start_x,start_y,end_x,end_y,is_home,game_episode,phase
126455,1,15,872.333,4648,250079,433,Pass_Freekick,Successful,11.734065,30.6323,11.416650000000004,17.791247999999996,False,126455_15,51332
126455,1,15,873.901,4648,500138,435,Carry,,11.416650000000004,17.791247999999996,14.99673,16.87352,False,126455_15,51332
126455,1,15,875.367,4648,500138,436,Pass,Successful,14.99673,16.87352,40.47508500000001,12.218511999999995,False,126455_15,51332
