game_id,period_id,episode_id,time_seconds,team_id,player_id,action_id,type_name,result_name,start_x,start_y,end_x,end_y,is_home,game_episode,phase
126400,1,28,2523.096,2354,500146,1190,Pass_Corner,Successful,105.0,0.0,99.92724,14.814819999999996,False,126400_28,36093
126400,1,28,2524.6330000000003,2354,344559,1192,Pass,Successful,99.92724,14.814819999999996,93.912105,8.93316,False,126400_28,36093
126400,1,28,2525.833,2354,500146,1194,Cross,Unsuccessful,93.912105,8.93316,98.502915,31.94606,False,126400_28,36093
126400,1,28,2527.1,4639,345446,1195,Interception,,6.433308,35.95534,6.433308,35.95534,True,126400_28,36094
126400,1,28,2527.1,4639,345446,1196,Clearance,,6.433308,35.95534,32.90007,40.885408,True,126400_28,36094
126400,1,28,2531.567,2354,250037,1197,Duel,Successful,74.375385,21.229328,74.375385,21.229328,False,126400_28,36095
126400,1,28,2533.0,2354,500145,1198,Recovery,,72.09993,27.114592,32.70918,44.033876,False,126400_28,36095
126400,1,28,2533.0,2354,500145,1199,Pass,Successful,72.09993,27.114592,32.70918,44.033876,False,126400_28,36095
126400,1,28,2540.28,2354,215806,1201,Pass,Successful,31.65277499999999,42.913848,38.89809,43.267788,False,126400_28,36095
126400,1,28,2541.396,2354,150850,1203,Carry,,38.89809,43.267788,40.17887999999999,38.38804,False,126400_28,36095
126400,1,28,2545.702,2354,150850,1204,Pass,Successful,40.17887999999999,38.38804,42.13755,22.456048,False,126400_28,36095
126400,1,28,2550.276,2354,215806,1206,Pass,Successful,42.85323,22.611904000000003,44.29803,35.910936,False,126400_28,36095
126400,1,28,2557.074,2354,61981,1208,Pass,Successful,46.947705,35.86184,47.50599,22.124752,False,126400_28,36095
126400,1,28,2559.582,2354,500150,1210,Pass,Successful,48.928425,20.240675999999997,71.82209999999999,2.8094880000000018,False,126400_28,36095
