game_id,period_id,episode_id,time_seconds,team_id,player_id,action_id,type_name,result_name,start_x,start_y,end_x,end_y,is_home,game_episode,phase
126427,2,73,2220.293,4641,250957,2436,Goal Kick,Unsuccessful,5.151320999999999,39.381656,63.886095,41.5888,True,126427_73,43579
126427,2,73,2224.267,2354,61981,2437,Duel,Successful,40.684035,27.14016,40.684035,27.14016,False,126427_73,43580
126427,2,73,2224.267,2354,61981,2438,Intervention,,40.684035,27.14016,40.684035,27.14016,False,126427_73,43580
126427,2,73,2226.233,4641,250965,2439,Recovery,,54.017145000000006,52.405084,54.017145000000006,52.405084,True,126427_73,43581
126427,2,73,2226.2340000000004,4641,250965,2440,Carry,,54.017145000000006,52.405084,57.58221,59.396232,True,126427_73,43581
126427,2,73,2227.8,4641,250965,2441,Pass,Successful,57.58221,59.396232,68.31132000000001,65.7175324,True,126427_73,43581
