game_id,period_id,episode_id,time_seconds,team_id,player_id,action_id,type_name,result_name,start_x,start_y,end_x,end_y,is_home,game_episode,phase
126413,1,19,1097.273,4641,145831,602,Pass_Freekick,Successful,13.59876,55.460596,5.202224999999999,42.138988,False,126413_19,39683
126413,1,19,1099.869,4641,250957,604,Pass,Successful,6.344814,42.519788,10.934910000000002,21.174588,False,126413_19,39683
126413,1,19,1102.187,4641,413677,606,Carry,,10.934910000000002,21.174588,19.367144999999997,18.8734,False,126413_19,39683
126413,1,19,1105.857,4641,413677,607,Pass,Successful,19.367144999999997,18.8734,19.643609999999995,46.298344,False,126413_19,39683
126413,1,19,1108.759,4641,346035,609,Pass,Successful,20.80732500000001,47.15392,26.980695,59.368828,False,126413_19,39683
126413,1,19,1109.876,4641,145831,611,Carry,,26.980695,59.368828,41.74107,49.548812,False,126413_19,39683
126413,1,19,1117.948,4641,145831,612,Pass,Successful,41.74107,49.548812,32.83664999999999,19.55952,False,126413_19,39683
126413,1,19,1120.092,4641,413677,614,Carry,,32.83664999999999,19.55952,50.61714,11.175392000000002,False,126413_19,39683
126413,1,19,1124.003,4641,413677,615,Pass,Successful,50.61714,11.175392000000002,64.280265,22.26354,False,126413_19,39683
126413,1,19,1125.867,4640,527821,617,Tackle,Unsuccessful,41.28537,44.26562,41.28537,44.26562,True,126413_19,39684
126413,1,19,1125.908,4641,73228,618,Pass,Successful,63.565635,23.379624,59.30295,29.278284,False,126413_19,39685
126413,1,19,1127.774,4641,413678,620,Pass,Successful,61.302465000000005,29.702808000000005,80.25171,64.6871556,False,126413_19,39685
