game_id,period_id,episode_id,time_seconds,team_id,player_id,action_id,type_name,result_name,start_x,start_y,end_x,end_y,is_home,game_episode,phase
126443,1,10,806.033,4220,287282,476,Throw-In,Successful,55.880475,0.0,80.97012000000001,7.022496000000004,False,126443_10,47911
126443,1,10,808.667,4220,500534,478,Take-On,Unsuccessful,80.97012000000001,7.022496000000004,80.97012000000001,7.022496000000004,False,126443_10,47911
126443,1,10,809.0,2354,250036,479,Intervention,,22.219365,60.093368,22.219365,60.093368,True,126443_10,47912
126443,1,10,810.357,2354,142111,480,Recovery,,20.826015,48.901452,20.826015,48.901452,True,126443_10,47912
126443,1,10,810.358,2354,142111,481,Carry,,20.826015,48.901452,18.90168,46.533148,True,126443_10,47912
126443,1,10,812.2330000000001,2354,500147,483,Pass,Successful,16.77123,47.488888,6.4292655,52.06012,True,126443_10,47912
126443,1,10,814.467,2354,500146,485,Pass,Successful,6.4292655,52.06012,1.9308555,42.381884,True,126443_10,47912
126443,1,10,815.567,2354,142109,487,Pass,Successful,1.9308555,42.381884,27.65511,51.555492,True,126443_10,47912
126443,1,10,816.867,2354,344558,489,Pass,Successful,27.65511,51.555492,43.39251,53.926312,True,126443_10,47912
