game_id,period_id,episode_id,time_seconds,team_id,player_id,action_id,type_name,result_name,start_x,start_y,end_x,end_y,is_home,game_episode,phase
126474,2,62,697.3000000000002,4220,354809,1656,Throw-In,Successful,64.59873,68.0,41.533695,63.164656,False,126474_62,57284
126474,2,62,700.0470000000003,4220,215699,1658,Carry,,41.533695,63.164656,40.0911,59.894808,False,126474_62,57284
126474,2,62,701.3719999999998,4220,215699,1659,Pass,Successful,40.0911,59.894808,32.60197500000001,44.915836,False,126474_62,57284
126474,2,62,702.858,4220,143588,1661,Carry,,32.60197500000001,44.915836,33.792675,39.604356,False,126474_62,57284
126474,2,62,704.5909999999999,4220,143588,1662,Pass,Successful,33.792675,39.604356,41.037465,13.556207999999998,False,126474_62,57284
126474,2,62,706.2090000000001,4220,500547,1664,Carry,,41.037465,13.556207999999998,45.112935,21.452572,False,126474_62,57284
126474,2,62,708.5970000000002,4220,500547,1665,Pass,Successful,45.112935,21.452572,34.36387500000001,42.097576,False,126474_62,57284
126474,2,62,709.7860000000001,4220,143588,1667,Pass,Successful,34.36387500000001,42.097576,49.519995,42.401672000000005,False,126474_62,57284
126474,2,62,711.652,4220,529744,1669,Pass,Unsuccessful,50.148315,41.050036000000006,73.814895,32.26804,False,126474_62,57284
126474,2,62,711.7000000000003,316,62038,1670,Tackle,Unsuccessful,55.239135,25.147828,55.239135,25.147828,True,126474_62,57285
126474,2,62,714.6669999999999,316,77579,1671,Recovery,,31.749375,36.499408,31.543575,24.842916,True,126474_62,57285
126474,2,62,714.6669999999999,316,77579,1672,Pass,Successful,31.749375,36.499408,31.543575,24.842916,True,126474_62,57285
126474,2,62,716.5999999999999,316,530218,1674,Pass,Unsuccessful,31.543575,24.842916,38.52744,0.0,True,126474_62,57285
