game_id,period_id,episode_id,time_seconds,team_id,player_id,action_id,type_name,result_name,start_x,start_y,end_x,end_y,is_home,game_episode,phase
126436,1,21,1332.233,4641,250957,619,Goal Kick,Successful,5.337013499999999,30.616864,53.56679999999999,66.7858124,True,126436_21,45888
126436,1,21,1335.333,4641,346037,620,Duel,Successful,53.56679999999999,66.7858124,53.56679999999999,66.7858124,True,126436_21,45888
126436,1,21,1335.334,4641,346037,622,Carry,,53.56679999999999,66.7858124,52.269000000000005,40.127888,True,126436_21,45888
126436,1,21,1336.8670000000002,4641,346037,623,Intervention,,52.269000000000005,40.127888,52.269000000000005,40.127888,True,126436_21,45888
126436,1,21,1338.4,4641,73228,624,Recovery,,52.269000000000005,40.127888,63.061845000000005,48.369828,True,126436_21,45888
126436,1,21,1338.4,4641,73228,625,Pass,Successful,52.269000000000005,40.127888,63.061845000000005,48.369828,True,126436_21,45888
