game_id,period_id,episode_id,time_seconds,team_id,player_id,action_id,type_name,result_name,start_x,start_y,end_x,end_y,is_home,game_episode,phase
126403,2,69,1254.4320000000002,2353,500558,2100,Goal Kick,Unsuccessful,5.192218499999996,35.303356,73.634295,50.376916,False,126403_69,36949
126403,2,69,1259.2000000000005,4646,250148,2101,Interception,,31.23939,17.572084000000004,39.57954,14.68562,True,126403_69,36950
126403,2,69,1259.2000000000005,4646,250148,2102,Pass,Successful,31.23939,17.572084000000004,39.57954,14.68562,True,126403_69,36950
126403,2,69,1260.495,4646,356596,2104,Pass,Successful,39.57954,14.68562,43.031415,18.553936,True,126403_69,36950
126403,2,69,1261.7279999999998,4646,146185,2106,Carry,,43.031415,18.553936,46.133745,13.521392,True,126403_69,36950
126403,2,69,1263.056,2353,500565,2107,Intervention,,58.866255,54.478608,58.866255,54.478608,False,126403_69,36951
126403,2,69,1264.3720000000003,4646,356596,2108,Recovery,,39.453855,9.589632000000002,39.453855,9.589632000000002,True,126403_69,36952
126403,2,69,1266.73,4646,356596,2109,Pass,Successful,41.986455,11.094403999999995,52.936065,8.834423999999999,True,126403_69,36952
126403,2,69,1268.457,2353,526919,2111,Tackle,Successful,53.75349,58.627628,53.75349,58.627628,False,126403_69,36953
126403,2,69,1268.457,2353,526919,2112,Interception,,53.75349,58.627628,53.75349,58.627628,False,126403_69,36953
126403,2,69,1268.458,2353,526919,2113,Carry,,53.75349,58.627628,53.9679,65.892544,False,126403_69,36953
126403,2,69,1271.641,2353,526919,2114,Pass,Unsuccessful,53.9679,65.892544,71.569575,63.9761068,False,126403_69,36953
