game_id,period_id,episode_id,time_seconds,team_id,player_id,action_id,type_name,result_name,start_x,start_y,end_x,end_y,is_home,game_episode,phase
126434,2,53,779.8000000000002,4643,187259,1780,Throw-In,Successful,66.1731,0.0,66.75774,5.727775999999999,False,126434_53,45410
126434,2,53,780.7670000000003,4643,500502,1782,Pass,Successful,66.75774,5.727775999999999,62.461035,2.3530719999999974,False,126434_53,45410
126434,2,53,781.8680000000002,4643,187259,1784,Carry,,62.461035,2.3530719999999974,57.204525,1.6977559999999985,False,126434_53,45410
126434,2,53,783.7000000000003,4643,187259,1785,Pass,Successful,57.204525,1.6977559999999985,55.753845000000005,22.330452,False,126434_53,45410
126434,2,53,785.001,4643,187253,1787,Carry,,55.753845000000005,22.330452,60.1251,25.782812,False,126434_53,45410
126434,2,53,786.5329999999999,4643,187253,1788,Pass,Successful,60.1251,25.782812,68.66622,63.5042752,False,126434_53,45410
126434,2,53,788.7680000000003,4643,528612,1790,Carry,,68.66622,63.5042752,73.83411,52.889652,False,126434_53,45410
126434,2,53,793.0329999999999,4643,528612,1791,Pass,Unsuccessful,73.83411,52.889652,77.904435,51.37196,False,126434_53,45410
