game_id,period_id,episode_id,time_seconds,team_id,player_id,action_id,type_name,result_name,start_x,start_y,end_x,end_y,is_home,game_episode,phase
126440,2,84,2574.0330000000004,316,503173,2533,Throw-In,Successful,52.282335,68.0,73.232775,58.529572,True,126440_84,47280
126440,2,84,2578.467000000001,316,286696,2535,Pass,Unsuccessful,73.792635,57.779668,86.68275,61.031292,True,126440_84,47280
