game_id,period_id,episode_id,time_seconds,team_id,player_id,action_id,type_name,result_name,start_x,start_y,end_x,end_y,is_home,game_episode,phase
126409,2,52,484.5,4646,356599,1801,Throw-In,Successful,81.80193,68.0,87.11724,65.9499156,False,126409_52,38639
126409,2,52,485.2000000000003,4646,356596,1802,Duel,Successful,87.11724,65.9499156,83.15496,63.8122268,False,126409_52,38639
126409,2,52,485.2000000000003,4646,356596,1804,Pass,Successful,87.11724,65.9499156,83.15496,63.8122268,False,126409_52,38639
126409,2,52,486.0,4646,356599,1806,Pass,Unsuccessful,83.15496,63.8122268,83.92471499999999,62.870284,False,126409_52,38639
126409,2,52,486.0,4644,250055,1807,Recovery,,21.075285,5.129716000000002,16.127475,9.747936000000005,True,126409_52,38640
126409,2,52,486.0,4644,250055,1808,Pass,Successful,21.075285,5.129716000000002,16.127475,9.747936000000005,True,126409_52,38640
126409,2,52,487.13300000000027,4644,62086,1810,Pass,Successful,16.127475,9.747936000000005,44.209095,24.679784,True,126409_52,38640
126409,2,52,488.9000000000001,4644,62114,1812,Pass,Successful,44.209095,24.679784,39.0264,24.887252000000004,True,126409_52,38640
