game_id,period_id,episode_id,time_seconds,team_id,player_id,action_id,type_name,result_name,start_x,start_y,end_x,end_y,is_home,game_episode,phase
126480,1,4,133.0,4639,250896,73,Goal Kick,Successful,5.1282735,39.118768,5.9759385,53.501992,True,126480_4,59106
126480,1,4,134.30100000000002,4639,250904,75,Carry,,5.9759385,53.501992,10.4862135,54.349952,True,126480_4,59106
126480,1,4,137.067,4639,250904,76,Pass,Successful,10.4862135,54.349952,45.15798,59.604312,True,126480_4,59106
126480,1,4,139.001,4639,491802,78,Carry,,45.15798,59.604312,57.109395,67.2949216,True,126480_4,59106
126480,1,4,142.967,4639,491802,79,Pass,Unsuccessful,57.109395,67.2949216,56.7882,67.54728728,True,126480_4,59106
