game_id,period_id,episode_id,time_seconds,team_id,player_id,action_id,type_name,result_name,start_x,start_y,end_x,end_y,is_home,game_episode,phase
126416,1,13,937.754,4657,360391,528,Throw-In,Unsuccessful,18.69,68.0,43.1592,64.2273464,True,126416_13,40540
126416,1,13,939.867,4643,187259,529,Recovery,,61.686135,3.613996,61.686135,3.613996,False,126416_13,40541
126416,1,13,939.868,4643,187259,530,Carry,,61.686135,3.613996,66.08154,3.665676000000005,False,126416_13,40541
126416,1,13,941.8,4643,187259,531,Pass,Unsuccessful,66.08154,3.665676000000005,65.76055500000001,9.718832000000006,False,126416_13,40541
126416,1,13,942.726,4657,500478,532,Interception,,38.95626,57.589744,40.489365,61.021092,True,126416_13,40542
126416,1,13,942.726,4657,500478,533,Pass,Successful,38.95626,57.589744,40.489365,61.021092,True,126416_13,40542
126416,1,13,943.607,4657,528271,535,Pass,Successful,40.972155,60.744468,44.728635,47.266936,True,126416_13,40542
