game_id,period_id,episode_id,time_seconds,team_id,player_id,action_id,type_name,result_name,start_x,start_y,end_x,end_y,is_home,game_episode,phase
126480,2,47,586.3330000000001,4639,77845,1893,Throw-In,Successful,5.093025,68.0,12.287835,66.0501,True,126480_47,59274
126480,2,47,587.501,4639,491802,1895,Carry,,12.287835,66.0501,7.766755499999999,65.8682748,True,126480_47,59274
126480,2,47,589.0,4639,491802,1896,Pass,Successful,7.766755499999999,65.8682748,3.3710355,65.7655948,True,126480_47,59274
126480,2,47,589.6669999999999,4639,77845,1898,Pass,Unsuccessful,3.3710355,65.7655948,46.97784,56.508136,True,126480_47,59274
126480,2,47,592.7670000000003,4220,143588,1899,Recovery,,58.065315000000005,12.034095999999998,63.608685,4.325140000000005,False,126480_47,59275
126480,2,47,592.7670000000003,4220,143588,1900,Pass,Successful,58.065315000000005,12.034095999999998,63.608685,4.325140000000005,False,126480_47,59275
