game_id,period_id,episode_id,time_seconds,team_id,player_id,action_id,type_name,result_name,start_x,start_y,end_x,end_y,is_home,game_episode,phase
126458,2,97,2851.133,4648,360166,2613,Throw-In,Successful,35.8995,0.0,46.71429,11.860219999999998,True,126458_97,52400
126458,2,97,2852.8340000000007,4648,500139,2615,Carry,,46.71429,11.860219999999998,47.00934,15.326791999999998,True,126458_97,52400
126458,2,97,2853.367,4648,500139,2616,Pass,Unsuccessful,47.00934,15.326791999999998,49.964355000000005,22.836644000000007,True,126458_97,52400
126458,2,97,2854.433,4639,354806,2617,Recovery,,55.022625,44.677156,55.022625,44.677156,False,126458_97,52401
126458,2,97,2854.434,4639,354806,2618,Carry,,55.022625,44.677156,55.603695,41.517536,False,126458_97,52401
126458,2,97,2855.6670000000004,4639,354806,2619,Pass,Successful,55.603695,41.517536,62.97165,29.115492000000003,False,126458_97,52401
