game_id,period_id,episode_id,time_seconds,team_id,player_id,action_id,type_name,result_name,start_x,start_y,end_x,end_y,is_home,game_episode,phase
126479,1,48,2421.081,4657,360391,1029,Pass_Freekick,Successful,45.37869,40.368336,52.082835,29.600944,False,126479_48,58894
126479,1,48,2422.202,4657,532191,1031,Pass,Successful,52.082835,29.600944,41.849745,40.867728,False,126479_48,58894
126479,1,48,2423.3920000000003,4657,360391,1033,Carry,,41.849745,40.867728,39.84434999999999,47.715736,False,126479_48,58894
126479,1,48,2424.966,4657,360391,1034,Pass,Successful,39.84434999999999,47.715736,39.95271,61.2278596,False,126479_48,58894
126479,1,48,2427.401,4657,528956,1036,Pass,Unsuccessful,39.285015,62.1280232,100.132767,42.3487,False,126479_48,58894
