game_id,period_id,episode_id,time_seconds,team_id,player_id,action_id,type_name,result_name,start_x,start_y,end_x,end_y,is_home,game_episode,phase
126450,1,32,2331.7000000000003,2353,526919,1096,Throw-In,Unsuccessful,24.60192,68.0,47.81259,58.374532,True,126450_32,49950
126450,1,32,2333.933,4657,250168,1097,Duel,Successful,57.554385,5.845075999999999,57.554385,5.845075999999999,False,126450_32,49951
126450,1,32,2333.933,4657,250168,1098,Intervention,,57.554385,5.845075999999999,57.554385,5.845075999999999,False,126450_32,49951
126450,1,32,2334.8,2353,526925,1099,Recovery,,47.57445,54.957396,78.336405,62.636772,True,126450_32,49952
126450,1,32,2334.8,2353,526925,1100,Pass,Successful,47.57445,54.957396,78.336405,62.636772,True,126450_32,49952
126450,1,32,2338.068,2353,500580,1102,Carry,,78.336405,62.636772,80.577525,59.839456,True,126450_32,49952
126450,1,32,2338.867,2353,500580,1103,Pass,Unsuccessful,80.577525,59.839456,94.07706,54.3116,True,126450_32,49952
