game_id,period_id,episode_id,time_seconds,team_id,player_id,action_id,type_name,result_name,start_x,start_y,end_x,end_y,is_home,game_episode,phase
126405,2,83,2431.267,4641,500586,2650,Throw-In,Successful,77.717115,0.0,78.61791,9.341228,True,126405_83,37573
126405,2,83,2432.568,4641,500602,2652,Carry,,78.61791,9.341228,87.38477999999999,7.149723999999999,True,126405_83,37573
126405,2,83,2435.767,4641,500602,2653,Cross,Unsuccessful,87.38477999999999,7.149723999999999,99.7268475,62.668596,True,126405_83,37573
126405,2,83,2441.9000000000005,316,500126,2654,Recovery,,5.273152499999995,5.331403999999999,5.273152499999995,5.331403999999999,False,126405_83,37574
126405,2,83,2441.9010000000007,316,500126,2655,Carry,,5.273152499999995,5.331403999999999,8.357422499999998,3.822688,False,126405_83,37574
126405,2,83,2442.9400000000005,316,500126,2656,Pass,Successful,8.357422499999998,3.822688,23.72538,6.589948,False,126405_83,37574
126405,2,83,2444.103,316,143410,2658,Pass,Successful,23.72538,6.589948,24.74136,13.636787999999996,False,126405_83,37574
126405,2,83,2445.4010000000007,316,187326,2660,Carry,,24.74136,13.636787999999996,19.31622,6.516032000000003,False,126405_83,37574
126405,2,83,2448.9400000000005,316,187326,2661,Pass,Successful,19.31622,6.516032000000003,9.690208499999995,5.297947999999998,False,126405_83,37574
126405,2,83,2449.0,4641,61968,2662,Tackle,Unsuccessful,85.50864,61.5790388,85.50864,61.5790388,True,126405_83,37575
126405,2,83,2450.0570000000007,316,344467,2664,Carry,,9.690208499999995,5.297947999999998,4.941573000000005,2.3869359999999915,False,126405_83,37576
126405,2,83,2452.0330000000004,316,344467,2665,Pass,Unsuccessful,4.941573000000005,2.3869359999999915,33.26316,4.818888000000001,False,126405_83,37576
