game_id,period_id,episode_id,time_seconds,team_id,player_id,action_id,type_name,result_name,start_x,start_y,end_x,end_y,is_home,game_episode,phase
126419,1,30,2742.933,4220,500552,1393,Goal Kick,Successful,5.121228,33.979328,16.66707,48.72948,True,126419_30,41399
126419,1,30,2744.6340000000005,4220,500527,1395,Carry,,16.66707,48.72948,29.511195,45.967796,True,126419_30,41399
126419,1,30,2752.1,4220,500527,1396,Pass,Successful,29.511195,45.967796,35.3367,38.983312,True,126419_30,41399
126419,1,30,2753.233,4220,354812,1398,Pass,Successful,35.3367,38.983312,6.409347,33.251796,True,126419_30,41399
126419,1,30,2757.233,4220,500552,1400,Pass,Successful,5.055246,31.569204,43.429785,16.348015999999994,True,126419_30,41399
126419,1,30,2759.033,4220,500533,1402,Pass,Unsuccessful,43.429785,16.348015999999994,58.59378,19.339812,True,126419_30,41399
