game_id,period_id,episode_id,time_seconds,team_id,player_id,action_id,type_name,result_name,start_x,start_y,end_x,end_y,is_home,game_episode,phase
126420,1,19,1149.133,2353,500562,656,Throw-In,Successful,70.058835,0.0,78.52824,12.800728,True,126420_19,41649
126420,1,19,1150.668,2353,500583,658,Carry,,78.52824,12.800728,78.037995,17.780707999999997,True,126420_19,41649
126420,1,19,1152.833,2353,500583,659,Pass,Successful,78.037995,17.780707999999997,74.88474000000001,25.208892,True,126420_19,41649
126420,1,19,1153.7,2353,526908,661,Pass,Successful,74.88474000000001,25.208892,69.93105,23.019224,True,126420_19,41649
126420,1,19,1154.634,2353,500565,663,Carry,,69.93105,23.019224,70.491015,36.214148,True,126420_19,41649
126420,1,19,1157.467,2353,500565,664,Pass,Successful,70.491015,36.214148,77.29176,61.3582836,True,126420_19,41649
