game_id,period_id,episode_id,time_seconds,team_id,player_id,action_id,type_name,result_name,start_x,start_y,end_x,end_y,is_home,game_episode,phase
126473,2,85,2593.7,4648,500140,2772,Throw-In,Successful,73.62274500000001,0.0,54.3228,9.283088,False,126473_85,57040
126473,2,85,2596.967000000001,4648,62365,2774,Pass,Successful,55.53177,10.549452000000002,49.15029,36.983908,False,126473_85,57040
126473,2,85,2598.768,4648,360165,2776,Carry,,49.15029,36.983908,47.929245,27.684432,False,126473_85,57040
126473,2,85,2600.633,4648,360165,2777,Pass,Successful,47.929245,27.684432,53.270385000000005,4.456583999999999,False,126473_85,57040
126473,2,85,2602.8330000000005,4648,500140,2779,Pass,Successful,51.129225000000005,4.636783999999999,43.925595,7.904116000000002,False,126473_85,57040
126473,2,85,2603.567,4648,62365,2781,Pass,Unsuccessful,43.925595,7.904116000000002,65.298975,6.481012,False,126473_85,57040
