game_id,period_id,episode_id,time_seconds,team_id,player_id,action_id,type_name,result_name,start_x,start_y,end_x,end_y,is_home,game_episode,phase
126460,1,8,607.8000000000001,4641,528608,339,Pass_Freekick,Unsuccessful,67.644675,9.591263999999995,88.653705,38.864584,True,126460_8,52740
126460,1,8,609.333,4644,529335,340,Interception,,17.374349999999993,31.563152,17.374349999999993,31.563152,False,126460_8,52741
126460,1,8,609.333,4644,529335,341,Clearance,,17.374349999999993,31.563152,41.08713,30.932996000000003,False,126460_8,52741
126460,1,8,611.133,4641,346041,342,Recovery,,63.91287,37.067004,105.0,59.82266,True,126460_8,52742
126460,1,8,611.133,4641,346041,343,Pass,Unsuccessful,63.91287,37.067004,102.805164,41.022156,True,126460_8,52742
