game_id,period_id,episode_id,time_seconds,team_id,player_id,action_id,type_name,result_name,start_x,start_y,end_x,end_y,is_home,game_episode,phase
126477,1,33,2305.6330000000003,4640,411440,1351,Throw-In,Successful,88.26069000000001,0.0,71.472555,2.400807999999998,False,126477_33,58297
126477,1,33,2306.9680000000003,4640,413675,1353,Carry,,71.472555,2.400807999999998,68.61603,6.237164,False,126477_33,58297
126477,1,33,2308.233,4640,413675,1354,Pass,Successful,68.61603,6.237164,60.649995,10.911484000000002,False,126477_33,58297
126477,1,33,2310.667,4640,246402,1356,Pass,Successful,60.917325000000005,10.921071999999995,68.01165,5.680312000000001,False,126477_33,58297
126477,1,33,2312.3,4640,413675,1358,Pass,Successful,68.83737,5.126180000000005,77.93614500000001,1.3393959999999936,False,126477_33,58297
126477,1,33,2313.8,4640,411440,1360,Pass,Successful,78.87789000000001,1.068076000000005,90.255375,2.509063999999995,False,126477_33,58297
