game_id,period_id,episode_id,time_seconds,team_id,player_id,action_id,type_name,result_name,start_x,start_y,end_x,end_y,is_home,game_episode,phase
126453,2,94,2463.0330000000004,4641,250957,2344,Goal Kick,Successful,4.894575,27.050332,70.15281,20.996428,True,126453_94,50964
126453,2,94,2467.267,4641,346036,2345,Duel,Successful,70.15281,20.996428,62.16735,24.522364000000003,True,126453_94,50964
126453,2,94,2467.267,4641,346036,2347,Pass,Successful,70.15281,20.996428,62.16735,24.522364000000003,True,126453_94,50964
126453,2,94,2468.8,4641,500602,2348,Duel,Successful,62.16735,24.522364000000003,64.5771,23.415392,True,126453_94,50964
126453,2,94,2468.8,4641,500602,2350,Pass,Successful,62.16735,24.522364000000003,64.5771,23.415392,True,126453_94,50964
126453,2,94,2470.267,4641,346036,2352,Pass,Successful,64.5771,23.415392,63.563955,18.498924,True,126453_94,50964
126453,2,94,2470.733,4641,413677,2354,Pass,Unsuccessful,63.563955,18.498924,69.825735,13.975427999999994,True,126453_94,50964
