game_id,period_id,episode_id,time_seconds,team_id,player_id,action_id,type_name,result_name,start_x,start_y,end_x,end_y,is_home,game_episode,phase
126413,2,76,2767.955,4641,500604,2934,Throw-In,Successful,79.524375,0.0,79.747815,11.239787999999995,False,126413_76,39911
126413,2,76,2769.767,4641,413677,2936,Pass,Successful,79.15383,9.304099999999998,79.236045,2.028031999999996,False,126413_76,39911
