game_id,period_id,episode_id,time_seconds,team_id,player_id,action_id,type_name,result_name,start_x,start_y,end_x,end_y,is_home,game_episode,phase
126404,1,10,629.21,2354,500143,404,Throw-In,Successful,86.270415,68.0,96.596115,64.9539604,False,126404_10,37071
126404,1,10,630.275,2354,344559,406,Carry,,96.596115,64.9539604,86.502675,64.781696,False,126404_10,37071
126404,1,10,632.641,4220,287282,407,Tackle,Successful,18.497325,3.2183040000000034,25.57296,3.974328,True,126404_10,37072
126404,1,10,632.641,4220,287282,408,Interception,,18.497325,3.2183040000000034,18.497325,3.2183040000000034,True,126404_10,37072
126404,1,10,632.641,4220,287282,409,Pass,Successful,18.497325,3.2183040000000034,25.57296,3.974328,True,126404_10,37072
126404,1,10,634.203,4220,500534,411,Pass,Successful,28.109235,2.644995999999992,34.709430000000005,13.255648,True,126404_10,37072
