game_id,period_id,episode_id,time_seconds,team_id,player_id,action_id,type_name,result_name,start_x,start_y,end_x,end_y,is_home,game_episode,phase
126402,1,12,1088.612,4643,187259,515,Throw-In,Successful,35.92385999999999,0.0,20.53989,10.208432000000002,False,126402_12,36577
126402,1,12,1091.917,4643,408792,517,Pass,Successful,22.47063,12.494932000000006,31.96242000000001,40.297548,False,126402_12,36577
126402,1,12,1094.101,4643,145673,519,Carry,,31.96242000000001,40.297548,45.82662,46.5052,False,126402_12,36577
126402,1,12,1096.933,4643,145673,520,Pass,Successful,45.82662,46.5052,55.271895,64.0618004,False,126402_12,36577
126402,1,12,1100.466,4643,187794,522,Pass,Successful,57.852900000000005,63.5843316,75.77535,64.7829676,False,126402_12,36577
