game_id,period_id,episode_id,time_seconds,team_id,player_id,action_id,type_name,result_name,start_x,start_y,end_x,end_y,is_home,game_episode,phase
126466,2,65,1074.533,4641,73228,1820,Throw-In,Successful,81.539745,0.0,79.460325,8.271519999999995,False,126466_65,54752
126466,2,65,1075.568,4641,500602,1822,Carry,,79.460325,8.271519999999995,80.79949500000001,12.06082,False,126466_65,54752
126466,2,65,1076.667,4648,250101,1823,Intervention,,24.200505,55.93918,24.200505,55.93918,True,126466_65,54753
126466,2,65,1077.5,4648,408383,1824,Recovery,,23.439255000000003,50.682984000000005,23.439255000000003,50.682984000000005,True,126466_65,54753
126466,2,65,1077.501,4648,408383,1825,Carry,,23.439255000000003,50.682984000000005,25.566765,39.785576,True,126466_65,54753
126466,2,65,1079.623,4648,408383,1826,Pass,Successful,25.566765,39.785576,18.099375,20.914692,True,126466_65,54753
126466,2,65,1081.5680000000002,4648,500140,1828,Pass,Successful,18.099375,20.914692,31.50483,4.489632,True,126466_65,54753
126466,2,65,1084.904,4648,359624,1830,Pass,Successful,30.58587,6.111432000000001,31.209045000000003,18.986144000000003,True,126466_65,54753
126466,2,65,1086.192,4648,77414,1832,Pass,Successful,31.209045000000003,18.986144000000003,14.653275,12.592512,True,126466_65,54753
126466,2,65,1088.271,4648,500140,1834,Carry,,14.653275,12.592512,16.322355,15.711672,True,126466_65,54753
126466,2,65,1090.5500000000002,4648,500140,1835,Pass,Successful,16.322355,15.711672,21.26334,62.048572,True,126466_65,54753
126466,2,65,1093.2900000000002,4648,145701,1837,Carry,,21.26334,62.048572,19.140765,66.288236,True,126466_65,54753
126466,2,65,1094.9030000000002,4648,145701,1838,Pass,Successful,19.140765,66.288236,10.229184,59.677956,True,126466_65,54753
126466,2,65,1096.0570000000002,4648,500138,1840,Pass,Unsuccessful,10.229184,59.677956,32.248965,66.2360936,True,126466_65,54753
126466,2,65,1097.6330000000005,4641,250965,1841,Interception,,72.884385,1.6017400000000066,72.72720000000001,7.527940000000001,False,126466_65,54754
126466,2,65,1097.6330000000005,4641,250965,1842,Pass,Successful,72.884385,1.6017400000000066,72.72720000000001,7.527940000000001,False,126466_65,54754
126466,2,65,1098.167,4641,500602,1844,Pass,Successful,72.72720000000001,7.527940000000001,81.32901,15.971432,False,126466_65,54754
126466,2,65,1099.333,4641,528608,1846,Pass,Unsuccessful,81.32901,15.971432,88.67481,24.905680000000004,False,126466_65,54754
