game_id,period_id,episode_id,time_seconds,team_id,player_id,action_id,type_name,result_name,start_x,start_y,end_x,end_y,is_home,game_episode,phase
126448,2,63,1215.823,4648,359624,1806,Pass_Freekick,Unsuccessful,68.435325,44.390808,102.88677,27.173548000000004,True,126448_63,49476
126448,2,63,1217.967,2354,142109,1807,Aerial Clearance,Successful,2.770855499999996,40.552344000000005,2.770855499999996,40.552344000000005,False,126448_63,49477
126448,2,63,1217.967,2354,142109,1808,Parry,,2.770855499999996,40.552344000000005,2.770855499999996,40.552344000000005,False,126448_63,49477
126448,2,63,1217.967,2354,142109,1809,Recovery,,2.770855499999996,40.552344000000005,2.770855499999996,40.552344000000005,False,126448_63,49477
126448,2,63,1217.968,2354,142109,1810,Carry,,2.770855499999996,40.552344000000005,16.318470000000005,34.514216,False,126448_63,49477
126448,2,63,1225.3000000000002,2354,142109,1811,Pass,Unsuccessful,16.318470000000005,34.514216,96.823545,5.518471999999996,False,126448_63,49477
