game_id,period_id,episode_id,time_seconds,team_id,player_id,action_id,type_name,result_name,start_x,start_y,end_x,end_y,is_home,game_episode,phase
126480,2,66,1727.5,4639,250896,2382,Goal Kick,Successful,4.6528755,39.974208,51.198315,60.637776,True,126480_66,59324
126480,2,66,1730.7330000000002,4639,77845,2384,Pass,Successful,51.198315,60.637776,61.01193,50.076764,True,126480_66,59324
126480,2,66,1732.1680000000003,4639,345445,2386,Carry,,61.01193,50.076764,61.39287,56.66508,True,126480_66,59324
126480,2,66,1733.4000000000003,4639,345445,2387,Pass,Successful,61.39287,56.66508,65.13528,63.052014,True,126480_66,59324
