game_id,period_id,episode_id,time_seconds,team_id,player_id,action_id,type_name,result_name,start_x,start_y,end_x,end_y,is_home,game_episode,phase
126427,2,81,2733.3330000000005,4641,250965,2673,Throw-In,Successful,27.231960000000004,68.0,36.25377,65.9035124,True,126427_81,43617
126427,2,81,2734.567,4641,346036,2675,Pass,Successful,36.25377,65.9035124,48.625605,58.593356,True,126427_81,43617
126427,2,81,2736.9680000000008,4641,529743,2677,Carry,,48.625605,58.593356,90.785415,67.2792884,True,126427_81,43617
126427,2,81,2746.367,4641,529743,2678,Pass,Successful,90.785415,67.2792884,70.99449,65.5487224,True,126427_81,43617
