game_id,period_id,episode_id,time_seconds,team_id,player_id,action_id,type_name,result_name,start_x,start_y,end_x,end_y,is_home,game_episode,phase
126467,2,59,1428.4669999999996,4646,500460,2179,Goal Kick,Successful,0.68281185,28.289359999999995,14.848995,23.546904,True,126467_59,55112
126467,2,59,1430.2009999999998,4646,500452,2181,Carry,,14.848995,23.546904,18.24984,21.092784,True,126467_59,55112
126467,2,59,1432.1999999999998,4646,500452,2182,Pass,Unsuccessful,18.24984,21.092784,66.003945,12.765164,True,126467_59,55112
126467,2,59,1434.3000000000002,2354,61979,2183,Interception,,38.63643,55.742796,38.63643,55.742796,False,126467_59,55113
126467,2,59,1434.3010000000002,2354,61979,2184,Carry,,38.63643,55.742796,45.06327,56.214988,False,126467_59,55113
126467,2,59,1436.8999999999996,2354,61979,2185,Pass,Successful,45.06327,56.214988,51.415665,63.830478,False,126467_59,55113
