game_id,period_id,episode_id,time_seconds,team_id,player_id,action_id,type_name,result_name,start_x,start_y,end_x,end_y,is_home,game_episode,phase
126468,1,19,1591.267,4657,527810,879,Throw-In,Successful,32.68482,0.0,15.70044,12.439172,True,126468_19,55326
126468,1,19,1593.701,4657,357146,881,Carry,,15.70044,12.439172,17.22756,20.553816000000005,True,126468_19,55326
126468,1,19,1595.6,4657,357146,882,Pass,Successful,17.22756,20.553816000000005,18.361875,40.879968,True,126468_19,55326
126468,1,19,1598.063,4657,360391,884,Pass,Successful,19.395705,39.976792,15.933435,18.742363999999995,True,126468_19,55326
126468,1,19,1600.106,4657,357146,886,Carry,,15.933435,18.742363999999995,12.186615,22.955576,True,126468_19,55326
126468,1,19,1602.263,4657,357146,887,Pass,Successful,12.186615,22.955576,4.5404625,30.781288000000004,True,126468_19,55326
126468,1,19,1603.433,4657,250167,889,Pass,Unsuccessful,4.5404625,30.781288000000004,46.53411,0.0,True,126468_19,55326
