game_id,period_id,episode_id,time_seconds,team_id,player_id,action_id,type_name,result_name,start_x,start_y,end_x,end_y,is_home,game_episode,phase
126431,1,8,441.7,4646,146188,207,Throw-In,Successful,72.4899,0.0,70.97832,2.521507999999997,True,126431_8,44446
126431,1,8,442.333,4646,356603,208,Duel,Successful,70.97832,2.521507999999997,70.308315,0.0,True,126431_8,44446
126431,1,8,442.267,316,407441,209,Tackle,Unsuccessful,34.20375,63.8589632,34.20375,63.8589632,False,126431_8,44447
126431,1,8,442.333,4646,356603,211,Pass,Successful,70.97832,2.521507999999997,70.308315,0.0,True,126431_8,44448
126431,1,8,443.667,4646,146188,213,Pass,Unsuccessful,69.337065,0.0,69.174735,0.0,True,126431_8,44448
