game_id,period_id,episode_id,time_seconds,team_id,player_id,action_id,type_name,result_name,start_x,start_y,end_x,end_y,is_home,game_episode,phase
126418,2,42,48.30000000000018,4648,250100,1504,Throw-In,Successful,50.372595,68.0,30.057615,62.3550684,True,126418_42,41134
126418,2,42,50.43399999999999,4648,145703,1506,Carry,,30.057615,62.3550684,34.04919,53.455548,True,126418_42,41134
126418,2,42,53.43299999999999,4648,145703,1507,Pass,Successful,34.04919,53.455548,43.041075,46.479768,True,126418_42,41134
126418,2,42,55.06700000000001,4648,250101,1509,Pass,Successful,43.937355,47.671944,47.1261,63.6232548,True,126418_42,41134
126418,2,42,58.0329999999999,4648,250100,1511,Pass,Successful,48.302835,64.3712344,32.18901,52.396652,True,126418_42,41134
126418,2,42,59.63400000000026,4648,145703,1513,Carry,,32.18901,52.396652,34.809915000000004,49.137888,True,126418_42,41134
126418,2,42,61.06700000000001,4648,145703,1514,Pass,Successful,34.809915000000004,49.137888,41.61423,18.787652,True,126418_42,41134
126418,2,42,63.83400000000008,4648,62365,1516,Carry,,41.61423,18.787652,51.38406,18.281188,True,126418_42,41134
126418,2,42,66.16699999999992,4648,62365,1517,Pass,Successful,51.38406,18.281188,50.505735,5.704927999999995,True,126418_42,41134
126418,2,42,67.56800000000001,4648,500140,1519,Carry,,50.505735,5.704927999999995,44.13066,19.434196,True,126418_42,41134
126418,2,42,71.33300000000008,4648,500140,1520,Pass,Successful,44.13066,19.434196,34.989255,40.771644,True,126418_42,41134
126418,2,42,72.80100000000019,4648,145703,1522,Carry,,34.989255,40.771644,38.464755,43.78112,True,126418_42,41134
126418,2,42,74.5,4648,145703,1523,Pass,Successful,38.464755,43.78112,55.212045,60.868976,True,126418_42,41134
126418,2,42,76.13300000000027,4648,250100,1525,Pass,Successful,55.212045,60.868976,69.96496499999999,65.7259304,True,126418_42,41134
