game_id,period_id,episode_id,time_seconds,team_id,player_id,action_id,type_name,result_name,start_x,start_y,end_x,end_y,is_home,game_episode,phase
126464,2,43,271.13300000000027,316,62013,1670,Throw-In,Unsuccessful,25.60603499999999,0.0,46.27707,3.623447999999996,False,126464_43,54113
126464,2,43,272.8330000000001,4644,500520,1671,Interception,,58.371915,65.411444,58.371915,65.411444,True,126464_43,54114
126464,2,43,272.8330000000001,4644,500520,1672,Clearance,,58.371915,65.411444,67.41420000000001,63.8226172,True,126464_43,54114
126464,2,43,273.567,4644,500505,1673,Recovery,,67.41420000000001,63.8226172,67.41420000000001,63.8226172,True,126464_43,54114
126464,2,43,275.4000000000001,4644,500505,1674,Pass,Unsuccessful,67.77298499999999,66.14496,66.58764,65.7379052,True,126464_43,54114
