game_id,period_id,episode_id,time_seconds,team_id,player_id,action_id,type_name,result_name,start_x,start_y,end_x,end_y,is_home,game_episode,phase
126480,1,7,578.3000000000001,4639,412018,360,Throw-In,Successful,101.718855,68.0,84.733425,64.6084116,True,126480_7,59124
126480,1,7,582.5,4639,77845,362,Pass,Successful,83.699595,64.101934,90.696375,66.6334992,True,126480_7,59124
126480,1,7,583.534,4639,412018,364,Carry,,90.696375,66.6334992,86.85516,67.3066584,True,126480_7,59124
126480,1,7,586.5,4639,412018,365,Pass,Successful,86.85516,67.3066584,86.496585,64.9996088,True,126480_7,59124
126480,1,7,586.9,4639,77845,367,Pass,Successful,86.496585,64.9996088,101.300535,58.794704,True,126480_7,59124
