game_id,period_id,episode_id,time_seconds,team_id,player_id,action_id,type_name,result_name,start_x,start_y,end_x,end_y,is_home,game_episode,phase
126447,2,64,1942.4000000000003,4643,187259,2369,Throw-In,Successful,90.01272,0.0,85.12602,7.088727999999996,False,126447_64,49201
126447,2,64,1945.3,4643,500118,2371,Pass,Successful,83.895315,7.029227999999996,83.25240000000001,18.841372,False,126447_64,49201
126447,2,64,1946.567,4643,500502,2373,Pass,Successful,83.25240000000001,18.841372,87.79953,24.726772,False,126447_64,49201
126447,2,64,1947.433,4643,530658,2375,Pass,Unsuccessful,87.79953,24.726772,92.94348,19.957456,False,126447_64,49201
