game_id,period_id,episode_id,time_seconds,team_id,player_id,action_id,type_name,result_name,start_x,start_y,end_x,end_y,is_home,game_episode,phase
126469,1,9,455.0,4639,187316,216,Throw-In,Successful,59.65239,0.0,38.868585,6.221116000000002,True,126469_9,55558
126469,1,9,457.234,4639,77828,218,Carry,,38.868585,6.221116000000002,36.648675,8.408608000000001,True,126469_9,55558
126469,1,9,458.467,4639,77828,219,Pass,Successful,36.648675,8.408608000000001,30.747465,32.829788,True,126469_9,55558
126469,1,9,463.667,4639,250896,221,Pass,Successful,31.14447,33.625184000000004,32.059965000000005,27.622076,True,126469_9,55558
126469,1,9,465.767,4639,77828,223,Pass,Successful,32.059965000000005,27.622076,31.099425,48.52038,True,126469_9,55558
126469,1,9,467.334,4639,250904,225,Carry,,31.099425,48.52038,37.098600000000005,47.654264,True,126469_9,55558
126469,1,9,470.567,4639,250904,226,Pass,Successful,37.098600000000005,47.654264,33.6672,35.758752,True,126469_9,55558
126469,1,9,472.134,4639,77828,228,Carry,,33.6672,35.758752,33.032475,32.329988,True,126469_9,55558
126469,1,9,474.3,4639,77828,229,Pass,Successful,33.032475,32.329988,35.472675,49.192492,True,126469_9,55558
126469,1,9,475.701,4639,250904,231,Carry,,35.472675,49.192492,39.433275,47.747288,True,126469_9,55558
126469,1,9,478.1,4639,250904,232,Pass,Successful,39.433275,47.747288,48.56901,65.5609216,True,126469_9,55558
126469,1,9,480.867,4639,412018,234,Pass,Successful,46.099095,65.0929048,26.51985,41.826596,True,126469_9,55558
126469,1,9,484.467,4639,250904,236,Pass,Successful,26.51985,41.826596,47.743185,16.984564,True,126469_9,55558
126469,1,9,486.468,4639,345445,238,Carry,,47.743185,16.984564,53.441745,13.87744,True,126469_9,55558
126469,1,9,488.133,4639,345445,239,Pass,Successful,53.441745,13.87744,68.681235,1.590044000000006,True,126469_9,55558
