game_id,period_id,episode_id,time_seconds,team_id,player_id,action_id,type_name,result_name,start_x,start_y,end_x,end_y,is_home,game_episode,phase
126426,1,9,367.1,4639,491810,185,Goal Kick,Successful,4.847933999999995,39.592456,4.0960290000000015,31.629384,False,126426_9,43121
126426,1,9,368.268,4639,142258,187,Carry,,4.0960290000000015,31.629384,7.500045,29.429720000000003,False,126426_9,43121
126426,1,9,371.533,4639,142258,188,Pass,Successful,7.500045,29.429720000000003,7.356877499999996,40.792996,False,126426_9,43121
126426,1,9,373.301,4639,491810,190,Carry,,7.356877499999996,40.792996,13.487355000000008,40.21588,False,126426_9,43121
126426,1,9,378.333,4639,491810,191,Pass,Successful,13.487355000000008,40.21588,6.207306000000003,24.361816,False,126426_9,43121
126426,1,9,379.901,4639,142258,193,Carry,,6.207306000000003,24.361816,8.642213999999996,19.249644,False,126426_9,43121
126426,1,9,381.333,4639,142258,194,Pass,Unsuccessful,8.642213999999996,19.249644,54.575745,0.0,False,126426_9,43121
