game_id,period_id,episode_id,time_seconds,team_id,player_id,action_id,type_name,result_name,start_x,start_y,end_x,end_y,is_home,game_episode,phase
126446,1,6,399.51,4640,61922,209,Pass_Freekick,Successful,33.741330000000005,65.576208,36.836415,66.4593036,False,126446_6,48650
126446,1,6,400.167,4640,533476,211,Pass,Successful,36.836415,66.4593036,33.190394999999995,63.2980516,False,126446_6,48650
126446,1,6,401.168,4640,61922,213,Carry,,33.190394999999995,63.2980516,32.119395,56.315696,False,126446_6,48650
126446,1,6,403.267,4640,61922,214,Pass,Successful,32.119395,56.315696,31.112025000000003,28.970516000000003,False,126446_6,48650
126446,1,6,406.567,4640,246402,216,Pass,Successful,33.38475,28.214968,36.51501,43.811584,False,126446_6,48650
126446,1,6,408.401,4640,61922,218,Carry,,36.51501,43.811584,40.41387,42.412212,False,126446_6,48650
126446,1,6,412.187,4640,61922,219,Pass,Successful,40.41387,42.412212,37.168425,24.27668000000001,False,126446_6,48650
126446,1,6,413.868,4640,246402,221,Carry,,37.168425,24.27668000000001,40.27673999999999,21.429996,False,126446_6,48650
126446,1,6,416.101,4640,246402,222,Pass,Unsuccessful,40.27673999999999,21.429996,78.44844,16.385348,False,126446_6,48650
