game_id,period_id,episode_id,time_seconds,team_id,player_id,action_id,type_name,result_name,start_x,start_y,end_x,end_y,is_home,game_episode,phase
126416,1,18,1317.808,4657,360391,769,Pass_Freekick,Successful,43.20981,53.708304,35.79975,46.31412,True,126416_18,40558
126416,1,18,1319.791,4657,357146,771,Pass,Successful,35.764889999999994,44.701364,38.710245,19.849064,True,126416_18,40558
126416,1,18,1323.31,4657,500484,773,Pass,Successful,39.874275,18.393864,57.76995,4.00112,True,126416_18,40558
126416,1,18,1328.627,4657,527810,775,Pass,Successful,59.01756,4.11468,61.402215000000005,12.464807999999998,True,126416_18,40558
126416,1,18,1329.708,4657,500478,777,Pass,Successful,61.402215000000005,12.464807999999998,47.707065,13.253336000000004,True,126416_18,40558
126416,1,18,1332.566,4657,500484,779,Pass,Successful,47.32119,12.085776000000005,51.77781,6.208128000000002,True,126416_18,40558
126416,1,18,1338.964,4657,500478,781,Pass,Successful,52.730685,6.814756000000003,59.147865,1.670963999999998,True,126416_18,40558
126416,1,18,1340.881,4657,527810,783,Pass,Successful,58.834755,3.695256000000001,58.22334,7.351140000000001,True,126416_18,40558
