game_id,period_id,episode_id,time_seconds,team_id,player_id,action_id,type_name,result_name,start_x,start_y,end_x,end_y,is_home,game_episode,phase
126401,1,10,1095.2,4641,145831,567,Throw-In,Successful,35.464065000000005,68.0,31.794735000000003,52.097724,False,126401_10,36314
126401,1,10,1097.068,4641,355790,569,Carry,,31.794735000000003,52.097724,33.83960999999999,48.647472,False,126401_10,36314
126401,1,10,1099.067,4641,355790,570,Pass,Successful,33.83960999999999,48.647472,41.10813,43.129272,False,126401_10,36314
126401,1,10,1100.133,4641,413678,572,Pass,Successful,41.10813,43.129272,45.23064,51.16388,False,126401_10,36314
