game_id,period_id,episode_id,time_seconds,team_id,player_id,action_id,type_name,result_name,start_x,start_y,end_x,end_y,is_home,game_episode,phase
126419,2,60,2163.8330000000005,4644,62082,2693,Pass_Freekick,Unsuccessful,29.541960000000003,29.573064,73.82844,12.582788,False,126419_60,41532
126419,2,60,2165.967000000001,4220,500540,2694,Recovery,,30.819705,54.66384,40.987275,55.635152,True,126419_60,41533
126419,2,60,2165.967000000001,4220,500540,2695,Pass,Successful,30.819705,54.66384,40.987275,55.635152,True,126419_60,41533
126419,2,60,2167.8,4220,354812,2697,Pass,Successful,40.987275,55.635152,33.50613,57.049416,True,126419_60,41533
126419,2,60,2169.4000000000005,4220,500540,2699,Pass,Successful,32.426415,56.943472,18.780195,57.21384,True,126419_60,41533
