game_id,period_id,episode_id,time_seconds,team_id,player_id,action_id,type_name,result_name,start_x,start_y,end_x,end_y,is_home,game_episode,phase
126464,2,46,369.433,316,530218,1709,Pass_Freekick,Successful,18.609570000000005,19.922028,42.931455,5.4451680000000025,False,126464_46,54119
126464,2,46,372.1009999999999,316,500124,1711,Carry,,42.931455,5.4451680000000025,48.813555,6.702691999999999,False,126464_46,54119
126464,2,46,376.7330000000002,316,500124,1712,Pass,Successful,48.813555,6.702691999999999,43.919925,13.538663999999995,False,126464_46,54119
126464,2,46,378.4000000000001,316,500126,1714,Pass,Successful,44.95386,14.600416000000005,46.177635,16.266959999999997,False,126464_46,54119
126464,2,46,379.36800000000017,316,500124,1716,Carry,,46.177635,16.266959999999997,55.012755000000006,26.157832,False,126464_46,54119
126464,2,46,383.1669999999999,316,500124,1717,Pass,Unsuccessful,55.012755000000006,26.157832,101.42391,29.637324,False,126464_46,54119
126464,2,46,386.8670000000002,4644,62082,1718,Recovery,,3.539004,37.4986,3.539004,37.4986,True,126464_46,54120
126464,2,46,386.86800000000017,4644,62082,1719,Carry,,3.539004,37.4986,6.3227745,32.500192000000006,True,126464_46,54120
126464,2,46,388.8000000000002,4644,62082,1720,Pass,Successful,6.3227745,32.500192000000006,19.969635,19.613376,True,126464_46,54120
126464,2,46,394.4670000000001,4644,62086,1722,Pass,Successful,20.521515,19.745092,20.324745,49.765664,True,126464_46,54120
126464,2,46,396.5339999999999,4644,500520,1724,Carry,,20.324745,49.765664,23.59161,59.692916,True,126464_46,54120
126464,2,46,399.2670000000003,4644,500520,1725,Pass,Successful,23.59161,59.692916,32.214945,65.2976664,True,126464_46,54120
126464,2,46,400.5999999999999,4644,250075,1727,Pass,Successful,32.214945,65.2976664,33.63129,55.601356,True,126464_46,54120
126464,2,46,402.3330000000001,4644,500505,1729,Pass,Unsuccessful,35.22393,55.997932,45.34068,61.8369764,True,126464_46,54120
126464,2,46,403.3000000000002,316,62013,1730,Interception,,58.997085,5.328344000000001,70.982625,20.878379999999996,False,126464_46,54121
126464,2,46,403.3000000000002,316,62013,1731,Pass,Successful,58.997085,5.328344000000001,70.982625,20.878379999999996,False,126464_46,54121
126464,2,46,405.5,316,407441,1733,Pass,Successful,70.982625,20.878379999999996,91.826385,7.398195999999999,False,126464_46,54121
126464,2,46,408.5999999999999,316,62038,1735,Pass,Successful,91.826385,7.398195999999999,96.16656,17.258604,False,126464_46,54121
