game_id,period_id,episode_id,time_seconds,team_id,player_id,action_id,type_name,result_name,start_x,start_y,end_x,end_y,is_home,game_episode,phase
126413,1,11,589.567,4640,491837,310,Throw-In,Successful,63.63168,0.0,76.26969,6.635235999999999,True,126413_11,39656
126413,1,11,590.9,4640,77520,312,Pass,Unsuccessful,76.26969,6.635235999999999,76.574925,15.584035999999998,True,126413_11,39656
126413,1,11,591.767,4641,413678,313,Recovery,,28.789739999999995,52.407804,23.640645000000006,39.95918,False,126413_11,39657
126413,1,11,591.767,4641,413678,314,Pass,Successful,28.789739999999995,52.407804,23.640645000000006,39.95918,False,126413_11,39657
126413,1,11,593.533,4641,413677,316,Clearance,,23.640645000000006,39.95918,49.313145,22.919332,False,126413_11,39657
126413,1,11,596.267,4640,246410,317,Recovery,,55.686855,45.080668,55.686855,45.080668,True,126413_11,39658
126413,1,11,596.268,4640,246410,318,Carry,,55.686855,45.080668,71.36556,43.981176000000005,True,126413_11,39658
126413,1,11,599.567,4640,246410,319,Pass,Successful,71.36556,43.981176000000005,71.74041,36.647308,True,126413_11,39658
126413,1,11,601.0,4640,215818,321,Pass,Successful,72.31917,37.133168,77.643615,33.087712,True,126413_11,39658
126413,1,11,601.7330000000001,4640,491833,323,Pass,Unsuccessful,77.643615,33.087712,70.056945,25.34904,True,126413_11,39658
126413,1,11,603.5,4641,346037,324,Recovery,,35.464695000000006,42.828372,35.464695000000006,42.828372,False,126413_11,39659
126413,1,11,603.501,4641,346037,325,Carry,,35.464695000000006,42.828372,40.04091,46.45012,False,126413_11,39659
126413,1,11,604.551,4641,346037,326,Pass,Successful,40.04091,46.45012,49.86513,34.273768,False,126413_11,39659
126413,1,11,606.49,4641,73228,328,Pass,Unsuccessful,48.79308,34.33286,89.239605,56.537512,False,126413_11,39659
