game_id,period_id,episode_id,time_seconds,team_id,player_id,action_id,type_name,result_name,start_x,start_y,end_x,end_y,is_home,game_episode,phase
126421,1,23,1935.367,2354,150850,1028,Pass_Freekick,Successful,37.636935,6.482100000000003,33.88749,14.293804000000002,False,126421_23,41931
126421,1,23,1937.767,2354,344558,1030,Pass,Successful,33.929805,16.47368,33.989655,44.07828,False,126421_23,41931
126421,1,23,1940.001,2354,61981,1032,Carry,,33.989655,44.07828,37.41969,47.17466,False,126421_23,41931
126421,1,23,1940.967,2354,61981,1033,Pass,Successful,37.41969,47.17466,57.76365,65.454114,False,126421_23,41931
126421,1,23,1944.133,2354,61979,1035,Pass,Successful,58.84871999999999,65.8618148,48.231855,58.929072000000005,False,126421_23,41931
126421,1,23,1946.001,2354,61981,1037,Carry,,48.231855,58.929072000000005,47.838315,54.841184,False,126421_23,41931
126421,1,23,1947.567,2354,61981,1038,Pass,Successful,47.838315,54.841184,42.763665,39.19792,False,126421_23,41931
126421,1,23,1948.834,2354,344558,1040,Carry,,42.763665,39.19792,43.71549,35.938136,False,126421_23,41931
126421,1,23,1950.267,2354,344558,1041,Pass,Unsuccessful,43.71549,35.938136,77.349405,5.459584,False,126421_23,41931
