game_id,period_id,episode_id,time_seconds,team_id,player_id,action_id,type_name,result_name,start_x,start_y,end_x,end_y,is_home,game_episode,phase
126422,1,8,496.167,4641,500595,267,Goal Kick,Unsuccessful,4.701784500000002,39.239604,64.37896500000001,48.03282,False,126422_8,42129
126422,1,8,499.667,4643,500115,268,Duel,Successful,39.284490000000005,23.861948,39.284490000000005,23.861948,True,126422_8,42130
126422,1,8,501.5,4643,500117,269,Recovery,,51.90024,22.846912,57.366435,14.76518,True,126422_8,42130
126422,1,8,501.5,4643,500117,270,Pass,Successful,51.90024,22.846912,57.366435,14.76518,True,126422_8,42130
126422,1,8,502.667,4643,500121,272,Pass,Unsuccessful,57.366435,14.76518,63.728595,17.480148,True,126422_8,42130
126422,1,8,503.9,4641,250963,273,Duel,Successful,41.090595,50.12892,41.090595,50.12892,False,126422_8,42131
126422,1,8,503.9,4641,250963,274,Intervention,,41.090595,50.12892,41.090595,50.12892,False,126422_8,42131
126422,1,8,505.133,4641,145831,275,Recovery,,38.415195,57.58342,40.274640000000005,52.203328,False,126422_8,42131
126422,1,8,505.133,4641,145831,276,Pass,Successful,38.415195,57.58342,40.274640000000005,52.203328,False,126422_8,42131
