game_id,period_id,episode_id,time_seconds,team_id,player_id,action_id,type_name,result_name,start_x,start_y,end_x,end_y,is_home,game_episode,phase
126422,2,47,393.2000000000003,4643,85175,1721,Goal Kick,Successful,4.646691,33.524272,5.4739545000000005,24.225068,True,126422_47,42240
126422,2,47,394.80100000000016,4643,408792,1723,Carry,,5.4739545000000005,24.225068,5.124819,21.036616,True,126422_47,42240
126422,2,47,395.63300000000027,4643,408792,1724,Pass,Successful,5.124819,21.036616,12.5916,3.0154600000000045,True,126422_47,42240
126422,2,47,398.933,4643,187259,1726,Pass,Unsuccessful,9.9981735,3.615288000000007,10.81122,3.8105840000000057,True,126422_47,42240
