game_id,period_id,episode_id,time_seconds,team_id,player_id,action_id,type_name,result_name,start_x,start_y,end_x,end_y,is_home,game_episode,phase
126444,1,31,2153.6330000000003,4643,500115,915,Pass_Corner,Unsuccessful,104.074635,68.0,101.477145,37.425432,True,126444_31,48225
126444,1,31,2155.0,4648,145703,916,Interception,,2.166496499999994,28.599984,2.166496499999994,28.599984,False,126444_31,48226
126444,1,31,2155.0,4648,145703,917,Clearance,,2.166496499999994,28.599984,20.516054999999994,38.225248,False,126444_31,48226
126444,1,31,2157.067,4643,500121,918,Recovery,,84.483945,29.774752,94.14405,33.646876,True,126444_31,48227
126444,1,31,2157.067,4643,500121,919,Pass,Unsuccessful,84.483945,29.774752,94.14405,33.646876,True,126444_31,48227
