game_id,period_id,episode_id,time_seconds,team_id,player_id,action_id,type_name,result_name,start_x,start_y,end_x,end_y,is_home,game_episode,phase
126431,2,54,269.3670000000002,4646,188514,1531,Throw-In,Successful,55.221915,68.0,60.301605,60.96642,True,126431_54,44574
126431,2,54,273.9000000000001,4646,61623,1533,Pass,Successful,57.711045000000006,60.561072,59.78322,55.460188,True,126431_54,44574
126431,2,54,274.63300000000027,4646,250141,1535,Pass,Successful,59.78322,55.460188,50.767605,63.96165,True,126431_54,44574
126431,2,54,276.0329999999999,4646,188514,1537,Pass,Successful,50.767605,63.96165,44.650935,44.75488,True,126431_54,44574
126431,2,54,279.30100000000016,4646,500452,1539,Carry,,44.650935,44.75488,45.915975,39.587424,True,126431_54,44574
126431,2,54,281.067,4646,500452,1540,Pass,Successful,45.915975,39.587424,53.27952,35.489676,True,126431_54,44574
126431,2,54,282.3330000000001,4646,356603,1542,Pass,Successful,53.27952,35.489676,45.641925,54.841184,True,126431_54,44574
126431,2,54,284.26800000000026,4646,188514,1544,Carry,,45.641925,54.841184,45.086895,50.565412,True,126431_54,44574
126431,2,54,288.067,4646,188514,1545,Pass,Successful,45.086895,50.565412,44.055375,15.426751999999992,True,126431_54,44574
126431,2,54,290.80100000000016,4646,356604,1547,Carry,,44.055375,15.426751999999992,45.326505,12.091352,True,126431_54,44574
126431,2,54,291.6669999999999,4646,356604,1548,Pass,Successful,45.326505,12.091352,51.196635,1.575016000000005,True,126431_54,44574
126431,2,54,293.6669999999999,4646,146188,1550,Pass,Unsuccessful,50.85507,1.750320000000002,51.469635,2.080460000000002,True,126431_54,44574
