game_id,period_id,episode_id,time_seconds,team_id,player_id,action_id,type_name,result_name,start_x,start_y,end_x,end_y,is_home,game_episode,phase
126449,2,76,1836.0,4641,413677,2469,Throw-In,Successful,76.62375,0.0271999999999934,71.771805,18.700816000000003,False,126449_76,49787
126449,2,76,1837.6010000000003,4641,528608,2471,Carry,,71.771805,18.700816000000003,70.70794500000001,24.967356,False,126449_76,49787
126449,2,76,1839.3330000000003,4641,528608,2472,Pass,Successful,70.70794500000001,24.967356,54.60178499999999,29.853972,False,126449_76,49787
126449,2,76,1841.733,4641,215816,2474,Pass,Successful,53.494035,29.487316000000007,56.937825,11.922440000000002,False,126449_76,49787
126449,2,76,1843.001,4641,73228,2476,Carry,,56.937825,11.922440000000002,66.87597,8.929012,False,126449_76,49787
126449,2,76,1846.133,4641,73228,2477,Pass,Successful,66.87597,8.929012,67.876305,2.096984000000006,False,126449_76,49787
126449,2,76,1848.6670000000004,4641,413677,2479,Pass,Successful,66.153465,3.5028840000000088,51.00291,21.277199999999997,False,126449_76,49787
126449,2,76,1851.8,4641,250963,2481,Pass,Successful,51.00291,21.277199999999997,49.28364,35.78738,False,126449_76,49787
126449,2,76,1854.867,4641,215816,2483,Pass,Unsuccessful,48.449835,32.954092,75.520725,6.065804,False,126449_76,49787
