game_id,period_id,episode_id,time_seconds,team_id,player_id,action_id,type_name,result_name,start_x,start_y,end_x,end_y,is_home,game_episode,phase
126461,1,20,796.3000000000001,4220,500540,407,Throw-In,Successful,45.20733,0.0,25.264995,7.072747999999997,True,126461_20,53047
126461,1,20,798.068,4220,143588,409,Carry,,25.264995,7.072747999999997,25.20819,3.543412000000004,True,126461_20,53047
126461,1,20,799.667,4220,143588,410,Pass,Successful,25.20819,3.543412000000004,89.94846,19.90353200000001,True,126461_20,53047
126461,1,20,804.501,4220,500534,412,Carry,,89.94846,19.90353200000001,92.8473,22.586471999999997,True,126461_20,53047
126461,1,20,805.967,4220,500534,413,Shot,Blocked,92.8473,22.586471999999997,94.5469665,23.748048,True,126461_20,53047
126461,1,20,806.2,4640,533476,414,Block,,10.453033500000004,44.251952,10.453033500000004,44.251952,False,126461_20,53048
126461,1,20,809.467,4640,411440,415,Recovery,,26.435955000000007,58.147548,26.435955000000007,58.147548,False,126461_20,53048
126461,1,20,811.509,4640,411440,416,Pass,Successful,25.30416,58.856924,15.223529999999997,57.561116,False,126461_20,53048
