game_id,period_id,episode_id,time_seconds,team_id,player_id,action_id,type_name,result_name,start_x,start_y,end_x,end_y,is_home,game_episode,phase
126456,2,62,894.5,4643,187259,1767,Throw-In,Successful,48.37392,0.0,61.83807,10.981116,True,126456_62,51750
126456,2,62,896.7000000000003,4220,527822,1768,Tackle,Unsuccessful,44.222535,55.175336,44.222535,55.175336,False,126456_62,51751
126456,2,62,896.7670000000003,4643,500121,1770,Pass,Successful,61.83807,10.981116,67.12587,13.752523999999994,True,126456_62,51752
