game_id,period_id,episode_id,time_seconds,team_id,player_id,action_id,type_name,result_name,start_x,start_y,end_x,end_y,is_home,game_episode,phase
126423,2,55,686.7950000000001,4646,356596,1808,Throw-In,Successful,39.30297,68.0,22.623195000000003,63.8857824,True,126423_55,42497
126423,2,55,688.8680000000002,4646,356604,1810,Carry,,22.623195000000003,63.8857824,56.618205,39.648216000000005,True,126423_55,42497
126423,2,55,697.6330000000003,4646,356604,1811,Pass,Successful,56.618205,39.648216000000005,70.434315,8.655107999999998,True,126423_55,42497
126423,2,55,701.7000000000003,4646,146188,1813,Pass,Successful,71.24733,8.575480000000006,77.98749,15.542147999999996,True,126423_55,42497
126423,2,55,702.8519999999999,4646,250141,1815,Pass,Successful,77.98749,15.542147999999996,95.86752,6.045608000000001,True,126423_55,42497
