game_id,period_id,episode_id,time_seconds,team_id,player_id,action_id,type_name,result_name,start_x,start_y,end_x,end_y,is_home,game_episode,phase
126435,1,34,2246.1,2354,61979,1124,Pass_Corner,Unsuccessful,104.86119,0.8980080000000044,100.089675,30.106048,True,126435_34,45633
126435,1,34,2247.333,4644,500505,1125,Interception,,4.909589999999994,38.10618,4.909589999999994,38.10618,False,126435_34,45634
126435,1,34,2247.333,4644,500505,1126,Clearance,,4.909589999999994,38.10618,23.596544999999992,17.728483999999995,False,126435_34,45634
126435,1,34,2249.5,4644,325355,1127,Duel,Successful,17.804640000000006,33.222896,17.804640000000006,33.222896,False,126435_34,45634
126435,1,34,2251.367,2354,529466,1128,Recovery,,81.40345500000001,50.271516000000005,81.40345500000001,50.271516000000005,True,126435_34,45635
126435,1,34,2251.3680000000004,2354,529466,1129,Carry,,81.40345500000001,50.271516000000005,84.485625,60.825388,True,126435_34,45635
126435,1,34,2253.967,2354,529466,1130,Pass,Successful,84.485625,60.825388,93.57348,66.4491988,True,126435_34,45635
126435,1,34,2255.601,2354,150850,1132,Carry,,93.57348,66.4491988,97.874175,66.8507388,True,126435_34,45635
126435,1,34,2257.867,2354,150850,1133,Pass,Unsuccessful,97.874175,66.8507388,96.908595,66.5010352,True,126435_34,45635
