game_id,period_id,episode_id,time_seconds,team_id,player_id,action_id,type_name,result_name,start_x,start_y,end_x,end_y,is_home,game_episode,phase
126447,2,54,1170.3670000000002,316,533480,2027,Goal Kick,Unsuccessful,5.49948,42.492316,62.539155,47.131412,True,126447_54,49164
126447,2,54,1174.067,4643,145673,2028,Duel,Successful,42.49329,20.913128,42.49329,20.913128,False,126447_54,49165
126447,2,54,1176.167,4643,500115,2029,Error,,41.55039,36.60222400000001,41.55039,36.60222400000001,False,126447_54,49165
126447,2,54,1177.433,316,500126,2030,Recovery,,55.277565,36.857904000000005,71.60380500000001,43.126756,True,126447_54,49166
126447,2,54,1177.433,316,500126,2031,Pass,Successful,55.277565,36.857904000000005,71.60380500000001,43.126756,True,126447_54,49166
126447,2,54,1179.8000000000002,316,286696,2032,Duel,Successful,71.60380500000001,43.126756,71.60380500000001,43.126756,True,126447_54,49166
126447,2,54,1179.8010000000002,316,286696,2034,Carry,,71.60380500000001,43.126756,68.37243000000001,52.845656,True,126447_54,49166
126447,2,54,1181.1840000000002,316,286696,2035,Intervention,,68.37243000000001,52.845656,68.37243000000001,52.845656,True,126447_54,49166
126447,2,54,1182.567,4643,187259,2036,Recovery,,36.62756999999999,15.154344000000002,47.485305,8.623080000000002,False,126447_54,49167
126447,2,54,1182.567,4643,187259,2037,Pass,Successful,36.62756999999999,15.154344000000002,47.485305,8.623080000000002,False,126447_54,49167
126447,2,54,1184.2670000000005,4643,500121,2039,Pass,Successful,47.4012,7.075331999999996,50.736105,9.303488000000002,False,126447_54,49167
126447,2,54,1185.0,4643,187253,2041,Pass,Successful,50.736105,9.303488000000002,59.58141,9.934188,False,126447_54,49167
126447,2,54,1185.968,4643,529741,2043,Carry,,59.58141,9.934188,54.87468,15.903908,False,126447_54,49167
126447,2,54,1189.2000000000005,4643,529741,2044,Pass,Unsuccessful,54.87468,15.903908,57.066135,3.3046640000000025,False,126447_54,49167
