game_id,period_id,episode_id,time_seconds,team_id,player_id,action_id,type_name,result_name,start_x,start_y,end_x,end_y,is_home,game_episode,phase
126467,2,70,2306.1000000000004,2354,61979,2656,Throw-In,Successful,77.44863,67.8547486,74.918865,60.61792,False,126467_70,55171
126467,2,70,2307.233,2354,344558,2658,Pass,Successful,74.918865,60.61792,77.30793,66.1272868,False,126467_70,55171
126467,2,70,2309.3330000000005,2354,61979,2660,Cross,Unsuccessful,78.95307,67.2483824,86.626575,61.2682652,False,126467_70,55171
126467,2,70,2309.9000000000005,4646,61626,2661,Block,,16.934925,7.908671999999996,16.934925,7.908671999999996,True,126467_70,55172
126467,2,70,2310.933,2354,150851,2662,Recovery,,86.61156000000001,63.81749,90.056085,59.181556,False,126467_70,55173
126467,2,70,2310.933,2354,150851,2663,Pass,Successful,86.61156000000001,63.81749,90.056085,59.181556,False,126467_70,55173
126467,2,70,2312.1670000000004,2354,500145,2665,Pass,Successful,90.01986,58.426008,97.1355,51.436764,False,126467_70,55173
