game_id,period_id,episode_id,time_seconds,team_id,player_id,action_id,type_name,result_name,start_x,start_y,end_x,end_y,is_home,game_episode,phase
126453,2,55,216.21000000000004,4641,215816,1456,Pass_Freekick,Unsuccessful,51.240945,49.80626,82.401585,52.038224,True,126453_55,50862
126453,2,55,217.9000000000001,2353,526911,1457,Interception,,22.389045,17.739568,22.389045,17.739568,False,126453_55,50863
126453,2,55,217.9000000000001,2353,526911,1458,Clearance,,22.389045,17.739568,31.96021499999999,26.949352000000005,False,126453_55,50863
126453,2,55,219.29399999999987,4641,346036,1459,Recovery,,73.03978500000001,41.050648,73.03978500000001,41.050648,True,126453_55,50864
126453,2,55,219.29499999999987,4641,346036,1460,Carry,,73.03978500000001,41.050648,78.934905,42.497416,True,126453_55,50864
126453,2,55,220.6330000000003,4641,346036,1461,Pass,Successful,78.934905,42.497416,81.342765,31.80768,True,126453_55,50864
126453,2,55,222.35199999999983,4641,250961,1463,Pass,Successful,79.73763,30.766668000000003,83.935005,12.718584,True,126453_55,50864
126453,2,55,225.2510000000002,4641,500586,1465,Cross,Successful,83.12388,14.435175999999998,93.983295,40.304688,True,126453_55,50864
126453,2,55,226.8800000000001,4641,346036,1467,Pass,Successful,93.983295,40.304688,100.269225,24.808984,True,126453_55,50864
