game_id,period_id,episode_id,time_seconds,team_id,player_id,action_id,type_name,result_name,start_x,start_y,end_x,end_y,is_home,game_episode,phase
126408,2,63,1770.4669999999996,4643,85175,2333,Goal Kick,Successful,5.192334000000001,28.622424,14.262255,57.030444,True,126408_63,38374
126408,2,63,1773.6670000000004,4643,500115,2335,Pass,Successful,14.46585,58.21208,36.83295,66.575638,True,126408_63,38374
