game_id,period_id,episode_id,time_seconds,team_id,player_id,action_id,type_name,result_name,start_x,start_y,end_x,end_y,is_home,game_episode,phase
126422,1,21,1262.833,4643,85175,636,Goal Kick,Successful,4.739133,35.270308,2.9935605,22.534044,True,126422_21,42168
126422,1,21,1264.131,4643,408792,638,Carry,,2.9935605,22.534044,3.1098795,19.516272,True,126422_21,42168
126422,1,21,1265.0,4643,408792,639,Pass,Successful,3.1098795,19.516272,7.1072505,3.131876000000005,True,126422_21,42168
126422,1,21,1267.266,4643,187259,641,Pass,Unsuccessful,6.903834,1.6985039999999998,51.186555,8.583503999999998,True,126422_21,42168
126422,1,21,1270.1,4641,346035,642,Recovery,,53.57541,60.931808,73.64805,58.435868,False,126422_21,42169
126422,1,21,1270.1,4641,346035,643,Pass,Unsuccessful,53.57541,60.931808,77.732865,68.0,False,126422_21,42169
