game_id,period_id,episode_id,time_seconds,team_id,player_id,action_id,type_name,result_name,start_x,start_y,end_x,end_y,is_home,game_episode,phase
126456,1,10,410.1,4220,527822,173,Pass_Freekick,Successful,54.39966,46.66874,77.54544,67.71542204,False,126456_10,51603
126456,1,10,413.2,4220,500540,175,Pass,Unsuccessful,76.587105,67.0848764,71.421,61.229852,False,126456_10,51603
126456,1,10,414.067,4643,500502,176,Block,,33.2682,7.185492000000004,33.2682,7.185492000000004,True,126456_10,51604
126456,1,10,414.967,4220,500540,177,Recovery,,73.22679,65.69463,72.04932000000001,60.341364,False,126456_10,51605
126456,1,10,414.967,4220,500540,178,Pass,Successful,73.22679,65.69463,72.04932000000001,60.341364,False,126456_10,51605
126456,1,10,416.2,4643,500502,180,Intervention,,32.66172,6.346575999999999,32.66172,6.346575999999999,True,126456_10,51606
126456,1,10,418.633,4643,187259,181,Recovery,,17.770515,3.190287999999996,17.770515,3.190287999999996,True,126456_10,51606
126456,1,10,418.634,4643,187259,182,Carry,,17.770515,3.190287999999996,15.064559999999998,1.4347319999999968,True,126456_10,51606
126456,1,10,421.367,4643,187259,183,Pass,Unsuccessful,15.064559999999998,1.4347319999999968,49.08645,2.514027999999996,True,126456_10,51606
126456,1,10,423.8,4220,215699,184,Recovery,,56.12943,65.7587268,71.98022999999999,68.0,False,126456_10,51607
126456,1,10,423.8,4220,215699,185,Pass,Successful,56.12943,65.7587268,71.98022999999999,68.0,False,126456_10,51607
126456,1,10,425.367,4220,500540,187,Pass,Successful,71.98022999999999,68.0,62.20084500000001,59.613968,False,126456_10,51607
126456,1,10,426.9,4220,527822,189,Pass,Successful,62.20084500000001,59.613968,73.56804000000001,58.70814,False,126456_10,51607
126456,1,10,428.033,4643,187259,191,Intervention,,30.71817,9.139812,30.71817,9.139812,True,126456_10,51608
126456,1,10,429.633,4643,187259,192,Recovery,,27.345465000000004,7.746151999999995,27.345465000000004,7.746151999999995,True,126456_10,51608
126456,1,10,429.634,4643,187259,193,Carry,,27.345465000000004,7.746151999999995,26.335995,2.970240000000004,True,126456_10,51608
126456,1,10,433.3,4643,187259,194,Pass,Successful,26.335995,2.970240000000004,33.77094,0.5772520000000014,True,126456_10,51608
126456,1,10,434.767,4643,187253,196,Pass,Unsuccessful,33.77094,0.5772520000000014,36.43479,0.637432000000004,True,126456_10,51608
