game_id,period_id,episode_id,time_seconds,team_id,player_id,action_id,type_name,result_name,start_x,start_y,end_x,end_y,is_home,game_episode,phase
126412,1,11,631.833,4643,85175,287,Goal Kick,Successful,5.132452499999999,38.359072,4.262139000000005,24.466128,False,126412_11,39394
126412,1,11,633.034,4643,408792,289,Carry,,4.262139000000005,24.466128,2.301001499999998,20.249855999999998,False,126412_11,39394
126412,1,11,634.0,4643,408792,290,Pass,Successful,2.301001499999998,20.249855999999998,10.173460500000004,2.3759199999999936,False,126412_11,39394
126412,1,11,636.133,4643,187259,292,Pass,Successful,10.173460500000004,2.3759199999999936,22.77135,3.963787999999994,False,126412_11,39394
