game_id,period_id,episode_id,time_seconds,team_id,player_id,action_id,type_name,result_name,start_x,start_y,end_x,end_y,is_home,game_episode,phase
126402,1,28,1893.667,4643,187259,828,Throw-In,Successful,60.320505,0.0,61.726245,5.6444760000000045,False,126402_28,36597
126402,1,28,1894.398,4643,500118,830,Pass,Successful,61.726245,5.6444760000000045,57.745065,0.8833879999999965,False,126402_28,36597
126402,1,28,1896.1,4643,187259,832,Pass,Successful,56.574525,1.3519759999999934,60.417840000000005,1.1233600000000052,False,126402_28,36597
126402,1,28,1896.667,4643,500118,834,Pass,Unsuccessful,60.417840000000005,1.1233600000000052,59.514525,4.102780000000003,False,126402_28,36597
126402,1,28,1897.233,4646,109160,835,Block,,45.342255,64.2751504,45.342255,64.2751504,True,126402_28,36598
126402,1,28,1898.533,4646,356596,836,Recovery,,36.495795,59.527608,41.92167,66.1634696,True,126402_28,36598
126402,1,28,1898.533,4646,356596,837,Pass,Successful,36.495795,59.527608,41.92167,66.1634696,True,126402_28,36598
