game_id,period_id,episode_id,time_seconds,team_id,player_id,action_id,type_name,result_name,start_x,start_y,end_x,end_y,is_home,game_episode,phase
126434,1,30,2293.867,2353,526911,1095,Throw-In,Unsuccessful,65.065455,0.0,84.596085,22.087692,True,126434_30,45353
126434,1,30,2296.767,4643,145673,1096,Duel,Successful,19.4943,43.976212,19.4943,43.976212,False,126434_30,45354
126434,1,30,2297.933,2353,500583,1097,Duel,Successful,78.883035,22.516228,82.46553,33.006792,True,126434_30,45355
126434,1,30,2297.933,2353,500583,1098,Recovery,,78.883035,22.516228,82.46553,33.006792,True,126434_30,45355
126434,1,30,2297.933,2353,500583,1099,Pass,Unsuccessful,78.883035,22.516228,82.46553,33.006792,True,126434_30,45355
