game_id,period_id,episode_id,time_seconds,team_id,player_id,action_id,type_name,result_name,start_x,start_y,end_x,end_y,is_home,game_episode,phase
126467,2,81,2829.0,4646,500460,2925,Goal Kick,Unsuccessful,5.2623585,39.94218,65.23566,58.10498,True,126467_81,55202
126467,2,81,2832.733,2354,150850,2926,Duel,Successful,38.76957,10.740463999999996,38.76957,10.740463999999996,False,126467_81,55203
126467,2,81,2833.767,4646,356599,2927,Duel,Successful,54.754875000000006,60.001908,54.754875000000006,60.001908,True,126467_81,55204
126467,2,81,2834.4000000000005,2354,150850,2928,Duel,Successful,40.32913500000001,12.653712,40.32913500000001,12.653712,False,126467_81,55205
126467,2,81,2836.1670000000004,4646,61623,2929,Error,,47.7267,51.926908,47.7267,51.926908,True,126467_81,55206
126467,2,81,2837.5330000000004,2354,82938,2930,Recovery,,58.871715,12.806711999999996,59.43042,3.1197039999999987,False,126467_81,55207
126467,2,81,2837.5330000000004,2354,82938,2931,Pass,Successful,58.871715,12.806711999999996,59.43042,3.1197039999999987,False,126467_81,55207
