game_id,period_id,episode_id,time_seconds,team_id,player_id,action_id,type_name,result_name,start_x,start_y,end_x,end_y,is_home,game_episode,phase
126426,1,28,1357.033,4639,77828,688,Pass_Freekick,Successful,17.527649999999994,46.851252,17.642415,30.346632,False,126426_28,43181
126426,1,28,1359.8,4639,491810,690,Pass,Successful,18.608415000000008,27.807036000000004,23.80664999999999,16.828503999999995,False,126426_28,43181
126426,1,28,1361.001,4639,187316,692,Carry,,23.80664999999999,16.828503999999995,29.05434,16.9116,False,126426_28,43181
126426,1,28,1363.633,4639,187316,693,Pass,Successful,29.05434,16.9116,27.628860000000003,28.363276,False,126426_28,43181
126426,1,28,1365.6,4639,491810,695,Pass,Successful,27.628860000000003,28.363276,32.709810000000004,48.605584,False,126426_28,43181
126426,1,28,1367.601,4639,77828,697,Carry,,32.709810000000004,48.605584,48.487215,61.5557352,False,126426_28,43181
126426,1,28,1372.467,4657,215807,698,Tackle,Unsuccessful,56.487585,8.701688000000004,56.487585,8.701688000000004,True,126426_28,43182
126426,1,28,1372.567,4639,77828,699,Pass,Unsuccessful,48.487215,61.5557352,39.40062,68.0,False,126426_28,43183
