game_id,period_id,episode_id,time_seconds,team_id,player_id,action_id,type_name,result_name,start_x,start_y,end_x,end_y,is_home,game_episode,phase
126480,2,61,1371.533,4220,143588,2226,Goal Kick,Successful,4.847356500000004,34.611796,4.420185000000004,33.152719999999995,False,126480_61,59309
126480,2,61,1374.967,4220,500552,2228,Pass,Unsuccessful,4.605699000000001,30.460055999999994,60.46425,28.741356,False,126480_61,59309
126480,2,61,1378.333,4639,77845,2229,Duel,Successful,46.265415,48.491412,46.265415,48.491412,True,126480_61,59310
126480,2,61,1379.7330000000002,4639,407605,2230,Duel,Successful,44.53575,39.258644,47.0022,47.499156,True,126480_61,59310
126480,2,61,1379.7330000000002,4639,407605,2231,Recovery,,44.53575,39.258644,47.0022,47.499156,True,126480_61,59310
126480,2,61,1379.7330000000002,4639,407605,2232,Pass,Successful,44.53575,39.258644,47.0022,47.499156,True,126480_61,59310
126480,2,61,1381.067,4639,77845,2234,Pass,Successful,46.56288,48.1661,53.55714,45.270184,True,126480_61,59310
