game_id,period_id,episode_id,time_seconds,team_id,player_id,action_id,type_name,result_name,start_x,start_y,end_x,end_y,is_home,game_episode,phase
126466,2,84,2414.133,4648,345464,2454,Throw-In,Successful,71.632575,0.0,82.50144,8.986947999999998,True,126466_84,54835
126466,2,84,2415.4680000000008,4648,250101,2456,Carry,,82.50144,8.986947999999998,86.868285,4.996299999999998,True,126466_84,54835
126466,2,84,2417.38,4648,250101,2457,Pass,Successful,86.868285,4.996299999999998,77.63406,8.245747999999999,True,126466_84,54835
126466,2,84,2418.767,4641,250961,2459,Tackle,Successful,26.417475,61.2643484,26.417475,61.2643484,False,126466_84,54836
126466,2,84,2418.767,4641,250961,2460,Interception,,26.417475,61.2643484,26.417475,61.2643484,False,126466_84,54836
126466,2,84,2418.768,4641,250961,2461,Carry,,26.417475,61.2643484,34.61787,62.1721892,False,126466_84,54836
126466,2,84,2420.633,4641,250961,2462,Pass,Successful,34.61787,62.1721892,43.200885,64.7354288,False,126466_84,54836
