game_id,period_id,episode_id,time_seconds,team_id,player_id,action_id,type_name,result_name,start_x,start_y,end_x,end_y,is_home,game_episode,phase
126412,1,35,2468.5,4639,345445,1274,Pass_Freekick,Unsuccessful,78.754305,60.952276,99.073065,32.362628,True,126412_35,39465
126412,1,35,2470.1330000000003,4643,85175,1275,Aerial Clearance,Successful,3.979079999999996,33.390856,3.979079999999996,33.390856,False,126412_35,39466
126412,1,35,2470.1330000000003,4643,85175,1276,Catch,,3.979079999999996,33.390856,3.979079999999996,33.390856,False,126412_35,39466
126412,1,35,2470.1330000000003,4643,85175,1277,Clearance,,3.979079999999996,33.390856,21.109515,67.972030172,False,126412_35,39466
126412,1,35,2474.233,4643,343590,1278,Recovery,,21.109515,67.972030172,21.109515,67.972030172,False,126412_35,39466
126412,1,35,2474.2340000000004,4643,343590,1279,Carry,,21.109515,67.972030172,24.70954500000001,67.768528,False,126412_35,39466
126412,1,35,2476.233,4639,491801,1280,Tackle,Successful,80.290455,0.2314719999999965,90.616575,6.695688000000004,True,126412_35,39467
126412,1,35,2476.233,4639,491801,1281,Interception,,80.290455,0.2314719999999965,80.290455,0.2314719999999965,True,126412_35,39467
126412,1,35,2476.233,4639,491801,1282,Pass,Successful,80.290455,0.2314719999999965,90.616575,6.695688000000004,True,126412_35,39467
