game_id,period_id,episode_id,time_seconds,team_id,player_id,action_id,type_name,result_name,start_x,start_y,end_x,end_y,is_home,game_episode,phase
126466,1,19,1001.976,4648,500140,540,Throw-In,Successful,82.89477,0.0,87.473085,4.753064000000002,True,126466_19,54589
126466,1,19,1002.833,4648,345465,542,Pass,Successful,87.473085,4.753064000000002,83.929335,0.7346720000000033,True,126466_19,54589
126466,1,19,1003.565,4648,500140,544,Carry,,83.929335,0.7346720000000033,87.29448000000001,0.6619799999999998,True,126466_19,54589
126466,1,19,1004.525,4648,500140,545,Pass,Unsuccessful,87.29448000000001,0.6619799999999998,89.30964,1.2403879999999958,True,126466_19,54589
