game_id,period_id,episode_id,time_seconds,team_id,player_id,action_id,type_name,result_name,start_x,start_y,end_x,end_y,is_home,game_episode,phase
126416,1,21,1492.717,4657,500478,878,Pass_Freekick,Successful,55.518330000000006,53.820028,47.225115,43.515444,True,126416_21,40560
126416,1,21,1495.6,4657,357146,880,Pass,Unsuccessful,46.878405,41.26138,79.22417999999999,10.564684,True,126416_21,40560
126416,1,21,1497.867,4643,187794,881,Interception,,26.055225000000007,56.702684,26.055225000000007,56.702684,False,126416_21,40561
126416,1,21,1497.867,4643,187794,882,Clearance,,26.055225000000007,56.702684,45.776535,66.7639232,False,126416_21,40561
126416,1,21,1501.533,4643,343590,883,Recovery,,45.776535,66.7639232,45.776535,66.7639232,False,126416_21,40561
126416,1,21,1501.534,4643,343590,884,Carry,,45.776535,66.7639232,81.58258500000001,66.5268684,False,126416_21,40561
126416,1,21,1509.333,4643,343590,885,Pass,Successful,81.58258500000001,66.5268684,72.43173,65.865446,False,126416_21,40561
