game_id,period_id,episode_id,time_seconds,team_id,player_id,action_id,type_name,result_name,start_x,start_y,end_x,end_y,is_home,game_episode,phase
126418,2,79,2923.8330000000005,4648,250079,2970,Goal Kick,Successful,2.1382935,37.555312,21.276675,27.147912,True,126418_79,41272
126418,2,79,2926.001,4648,62365,2972,Carry,,21.276675,27.147912,22.353345,23.748864,True,126418_79,41272
126418,2,79,2927.3330000000005,4648,62365,2973,Pass,Successful,22.353345,23.748864,37.81512,5.961356000000002,True,126418_79,41272
126418,2,79,2928.967000000001,4648,250100,2975,Pass,Successful,37.81512,5.961356000000002,42.889665,16.580371999999997,True,126418_79,41272
126418,2,79,2930.6000000000004,4648,500139,2977,Pass,Successful,42.889665,16.580371999999997,37.389135,7.417847999999999,True,126418_79,41272
126418,2,79,2932.1000000000004,4648,250100,2979,Pass,Successful,36.234345,6.566555999999999,23.91396,20.716744,True,126418_79,41272
126418,2,79,2933.501,4648,62365,2981,Carry,,23.91396,20.716744,23.685375,25.39188,True,126418_79,41272
126418,2,79,2935.067,4648,62365,2982,Pass,Successful,23.685375,25.39188,33.681795,28.554628,True,126418_79,41272
126418,2,79,2936.2340000000004,4648,77414,2984,Carry,,33.681795,28.554628,55.478535,28.520696,True,126418_79,41272
126418,2,79,2944.367,4648,77414,2985,Pass,Successful,55.478535,28.520696,57.57024,43.572836,True,126418_79,41272
126418,2,79,2945.8680000000004,4648,500140,2987,Carry,,57.57024,43.572836,65.1819,45.177704000000006,True,126418_79,41272
126418,2,79,2947.7,4648,500140,2988,Pass,Successful,65.1819,45.177704000000006,75.54624,59.03284,True,126418_79,41272
126418,2,79,2950.5960000000005,4648,250101,2990,Pass,Successful,78.122835,58.796676000000005,82.67699999999999,65.545778,True,126418_79,41272
126418,2,79,2951.601000000001,4648,500135,2992,Carry,,82.67699999999999,65.545778,70.07657999999999,42.508636,True,126418_79,41272
126418,2,79,2957.8,4648,500135,2993,Pass,Unsuccessful,70.07657999999999,42.508636,80.22378,18.887884,True,126418_79,41272
