game_id,period_id,episode_id,time_seconds,team_id,player_id,action_id,type_name,result_name,start_x,start_y,end_x,end_y,is_home,game_episode,phase
126478,2,42,0.0670000000000072,4643,529741,1455,Pass,Successful,52.50304499999999,33.25642,30.176999999999992,33.032496,False,126478_42,58631
126478,2,42,3.0329999999999018,4643,408792,1457,Pass,Successful,28.54656,34.779008000000005,26.66611499999999,51.382772,False,126478_42,58631
126478,2,42,4.2680000000002805,4643,500115,1459,Carry,,26.66611499999999,51.382772,26.437005,54.899188,False,126478_42,58631
126478,2,42,5.599999999999909,4643,500115,1460,Pass,Unsuccessful,26.437005,54.899188,62.85447,68.0,False,126478_42,58631
