game_id,period_id,episode_id,time_seconds,team_id,player_id,action_id,type_name,result_name,start_x,start_y,end_x,end_y,is_home,game_episode,phase
126455,2,75,2032.8,4648,359624,2232,Pass_Corner,Unsuccessful,104.950965,1.056991999999994,102.607995,35.781464,False,126455_75,51536
126455,2,75,2034.5330000000004,4657,250167,2233,Aerial Clearance,Successful,2.5569285,30.846228000000004,2.5569285,30.846228000000004,True,126455_75,51537
126455,2,75,2034.5330000000004,4657,250167,2234,Parry,,2.5569285,30.846228000000004,2.5569285,30.846228000000004,True,126455_75,51537
126455,2,75,2034.5330000000004,4657,250167,2235,Recovery,,2.5569285,30.846228000000004,2.5569285,30.846228000000004,True,126455_75,51537
126455,2,75,2034.5340000000003,4657,250167,2236,Carry,,2.5569285,30.846228000000004,6.3913815000000005,27.46452,True,126455_75,51537
126455,2,75,2036.5,4657,250167,2237,Pass,Successful,6.3913815000000005,27.46452,74.98207500000001,59.296204,True,126455_75,51537
