game_id,period_id,episode_id,time_seconds,team_id,player_id,action_id,type_name,result_name,start_x,start_y,end_x,end_y,is_home,game_episode,phase
126408,1,6,420.733,4648,250079,152,Goal Kick,Successful,4.710310500000006,34.2771,8.165209500000003,50.641844,False,126408_6,38181
126408,1,6,423.667,4648,503227,154,Pass,Successful,9.339393,49.90588,4.380600000000001,33.263628000000004,False,126408_6,38181
126408,1,6,425.368,4648,250079,156,Carry,,4.380600000000001,33.263628000000004,15.07611,22.451832,False,126408_6,38181
126408,1,6,428.467,4648,250079,157,Pass,Unsuccessful,15.07611,22.451832,75.94534499999999,38.243948,False,126408_6,38181
126408,1,6,433.367,4643,145673,158,Recovery,,29.469825,29.475212,26.955285,1.4008000000000038,True,126408_6,38182
126408,1,6,433.367,4643,145673,159,Pass,Successful,29.469825,29.475212,26.955285,1.4008000000000038,True,126408_6,38182
126408,1,6,437.3,4643,187259,161,Pass,Successful,27.051255,1.3704039999999935,35.33481,2.869396000000009,True,126408_6,38182
126408,1,6,438.468,4643,500121,163,Carry,,35.33481,2.869396000000009,31.44393,3.582920000000001,True,126408_6,38182
126408,1,6,439.133,4643,500121,164,Pass,Successful,31.44393,3.582920000000001,26.79684,1.7776559999999932,True,126408_6,38182
