game_id,period_id,episode_id,time_seconds,team_id,player_id,action_id,type_name,result_name,start_x,start_y,end_x,end_y,is_home,game_episode,phase
126458,1,33,2355.833,4648,345465,1140,Pass_Corner,Successful,104.8047,0.804711999999995,94.704435,45.500092,True,126458_33,52212
126458,1,33,2358.3,4648,360165,1142,Pass,Successful,94.704435,45.500092,89.94405,38.944416,True,126458_33,52212
126458,1,33,2360.767,4648,500135,1144,Pass,Successful,89.36109,40.815232,82.38814500000001,49.190724,True,126458_33,52212
126458,1,33,2362.001,4648,360165,1146,Carry,,82.38814500000001,49.190724,77.116095,47.209816,True,126458_33,52212
126458,1,33,2365.0,4648,360165,1147,Pass,Successful,77.116095,47.209816,88.60088999999999,57.547788,True,126458_33,52212
