game_id,period_id,episode_id,time_seconds,team_id,player_id,action_id,type_name,result_name,start_x,start_y,end_x,end_y,is_home,game_episode,phase
126468,2,69,2050.2660000000005,4657,250167,2109,Goal Kick,Successful,4.7754315,28.147375999999998,49.31115,14.677732,True,126468_69,55474
126468,2,69,2052.3,4657,527810,2111,Pass,Successful,49.31115,14.677732,54.72999,19.520624,True,126468_69,55474
126468,2,69,2053.827,4657,532191,2112,Duel,Successful,54.72999,19.520624,54.72999,19.520624,True,126468_69,55474
126468,2,69,2053.8280000000004,4657,532191,2114,Carry,,54.72999,19.520624,50.221605,15.853996000000002,True,126468_69,55474
126468,2,69,2054.427,4657,532191,2115,Intervention,,50.221605,15.853996000000002,50.221605,15.853996000000002,True,126468_69,55474
126468,2,69,2055.026,4657,527810,2116,Recovery,,50.221605,15.853996000000002,56.523915,10.018576000000005,True,126468_69,55474
126468,2,69,2055.026,4657,527810,2117,Pass,Successful,50.221605,15.853996000000002,56.523915,10.018576000000005,True,126468_69,55474
126468,2,69,2056.293,4657,213491,2119,Pass,Successful,56.523915,10.018576000000005,84.30996,15.315027999999998,True,126468_69,55474
