game_id,period_id,episode_id,time_seconds,team_id,player_id,action_id,type_name,result_name,start_x,start_y,end_x,end_y,is_home,game_episode,phase
126456,2,98,3125.0,4220,500534,2761,Pass_Corner,Successful,104.170605,0.2808399999999977,100.497495,1.4477880000000027,False,126456_98,51837
126456,2,98,3125.8680000000004,4220,500549,2763,Carry,,100.497495,1.4477880000000027,98.950215,15.478704,False,126456_98,51837
126456,2,98,3129.967000000001,4220,500549,2764,Pass,Successful,98.950215,15.478704,87.53094,16.8538,False,126456_98,51837
126456,2,98,3130.934,4220,500534,2766,Carry,,87.53094,16.8538,93.687405,13.055660000000003,False,126456_98,51837
126456,2,98,3134.233,4220,500534,2767,Cross,Unsuccessful,93.687405,13.055660000000003,96.52629,38.653716,False,126456_98,51837
126456,2,98,3136.0,4643,343585,2768,Interception,,7.1459535,27.508924,7.1459535,27.508924,True,126456_98,51838
126456,2,98,3136.0,4643,343585,2769,Clearance,,7.1459535,27.508924,37.594305000000006,22.541116,True,126456_98,51838
126456,2,98,3140.1000000000004,4220,500540,2770,Recovery,,67.405695,45.458884,67.405695,45.458884,False,126456_98,51839
126456,2,98,3142.0,4220,500540,2771,Pass,Successful,67.478145,45.72762,81.211725,62.037012,False,126456_98,51839
