game_id,period_id,episode_id,time_seconds,team_id,player_id,action_id,type_name,result_name,start_x,start_y,end_x,end_y,is_home,game_episode,phase
126467,2,38,108.26700000000028,2354,534721,1515,Pass_Corner,Unsuccessful,104.639325,0.5451560000000057,99.14625,29.142760000000003,False,126467_38,55031
126467,2,38,109.5329999999999,4646,250145,1516,Duel,Successful,4.193658,40.054856,4.193658,40.054856,True,126467_38,55032
126467,2,38,109.5329999999999,4646,250145,1517,Block,,4.193658,40.054856,4.193658,40.054856,True,126467_38,55032
126467,2,38,112.3670000000002,2354,150850,1518,Recovery,,99.396465,49.316796,94.77342,35.594328000000004,False,126467_38,55033
126467,2,38,112.3670000000002,2354,150850,1519,Cross,Unsuccessful,99.396465,49.316796,97.6911075,31.89268,False,126467_38,55033
126467,2,38,113.5329999999999,4646,250145,1520,Interception,,7.308892500000001,36.10732,7.308892500000001,36.10732,True,126467_38,55034
126467,2,38,113.5329999999999,4646,250145,1521,Clearance,,7.308892500000001,36.10732,25.873575,29.8248,True,126467_38,55034
126467,2,38,115.33300000000008,2354,150851,1522,Recovery,,79.126425,38.1752,80.40175500000001,52.862384,False,126467_38,55035
126467,2,38,115.33300000000008,2354,150851,1523,Pass,Successful,79.126425,38.1752,80.40175500000001,52.862384,False,126467_38,55035
