game_id,period_id,episode_id,time_seconds,team_id,player_id,action_id,type_name,result_name,start_x,start_y,end_x,end_y,is_home,game_episode,phase
126436,2,71,2767.751,4641,346036,2885,Throw-In,Successful,97.43706,0.0,69.756435,4.177512,True,126436_71,46090
126436,2,71,2770.282,4641,500586,2887,Pass,Successful,69.756435,4.177512,57.9768,8.073504,True,126436_71,46090
126436,2,71,2773.168,4641,413677,2889,Pass,Successful,59.65806,8.242348,70.58929499999999,2.77834399999999,True,126436_71,46090
126436,2,71,2775.0560000000005,4641,500586,2891,Pass,Successful,70.58929499999999,2.77834399999999,57.105195,5.717236,True,126436_71,46090
126436,2,71,2777.5160000000005,4641,413677,2893,Pass,Successful,56.849205000000005,5.239468000000002,47.74854,20.818608,True,126436_71,46090
126436,2,71,2780.202,4641,500604,2895,Pass,Successful,46.96545,21.514928,50.365875,56.145832,True,126436_71,46090
126436,2,71,2782.478,4641,145831,2897,Carry,,50.365875,56.145832,51.213225,59.243096,True,126436_71,46090
126436,2,71,2784.058,4641,145831,2898,Pass,Unsuccessful,51.213225,59.243096,76.42551,68.0,True,126436_71,46090
