game_id,period_id,episode_id,time_seconds,team_id,player_id,action_id,type_name,result_name,start_x,start_y,end_x,end_y,is_home,game_episode,phase
126459,2,74,1591.1670000000004,316,503173,1822,Throw-In,Successful,61.959345,67.93577706,41.414415000000005,57.405804,True,126459_74,52628
126459,2,74,1594.0330000000004,316,77579,1824,Pass,Successful,41.414415000000005,57.405804,36.26049,42.594656,True,126459_74,52628
126459,2,74,1597.434,316,500124,1826,Carry,,36.26049,42.594656,41.782125,32.54908399999999,True,126459_74,52628
126459,2,74,1600.0,316,500124,1827,Pass,Successful,41.782125,32.54908399999999,52.381875,13.430135999999996,True,126459_74,52628
126459,2,74,1603.6329999999998,316,344467,1829,Pass,Successful,53.435655,13.597212,50.20743,18.815396,True,126459_74,52628
126459,2,74,1605.2669999999998,316,500124,1831,Pass,Successful,50.229585,18.988864000000007,56.66577,8.862507999999998,True,126459_74,52628
126459,2,74,1607.3010000000002,316,344467,1833,Carry,,56.66577,8.862507999999998,62.267625,7.747920000000001,True,126459_74,52628
126459,2,74,1608.8999999999996,316,344467,1834,Pass,Successful,62.267625,7.747920000000001,97.40976,7.859372,True,126459_74,52628
