game_id,period_id,episode_id,time_seconds,team_id,player_id,action_id,type_name,result_name,start_x,start_y,end_x,end_y,is_home,game_episode,phase
126403,1,13,459.529,2353,526919,264,Throw-In,Successful,68.606685,68.0,48.503595,18.039720000000003,False,126403_13,36765
126403,1,13,465.996,2353,500576,266,Carry,,48.503595,18.039720000000003,51.310875,15.23744,False,126403_13,36765
126403,1,13,467.685,2353,500576,267,Pass,Successful,51.310875,15.23744,66.86683500000001,3.014712000000003,False,126403_13,36765
