game_id,period_id,episode_id,time_seconds,team_id,player_id,action_id,type_name,result_name,start_x,start_y,end_x,end_y,is_home,game_episode,phase
126405,2,68,1509.6000000000004,4641,250957,2323,Goal Kick,Successful,4.9913325,39.143248,20.710515,11.323767999999994,True,126405_68,37539
126405,2,68,1513.3000000000002,4641,215816,2325,Pass,Successful,22.4343,10.677632000000004,44.13108,4.5519880000000015,True,126405_68,37539
126405,2,68,1515.2330000000002,4641,500586,2327,Pass,Successful,44.13108,4.5519880000000015,54.41226,2.407675999999995,True,126405_68,37539
126405,2,68,1517.068,4641,250963,2329,Carry,,54.41226,2.407675999999995,48.96612,2.1398240000000044,True,126405_68,37539
126405,2,68,1517.1329999999998,316,77579,2330,Tackle,Unsuccessful,49.90083,65.1969924,49.90083,65.1969924,False,126405_68,37540
126405,2,68,1518.2669999999998,4641,250963,2331,Pass,Successful,48.96612,2.1398240000000044,46.216065,9.091804000000003,True,126405_68,37541
126405,2,68,1519.6999999999998,4641,413677,2333,Pass,Successful,45.718365,7.542967999999995,49.853475,0.5078919999999982,True,126405_68,37541
126405,2,68,1521.1329999999998,4641,250963,2335,Pass,Successful,51.511950000000006,0.3942639999999926,74.90784000000001,0.8378280000000018,True,126405_68,37541
