game_id,period_id,episode_id,time_seconds,team_id,player_id,action_id,type_name,result_name,start_x,start_y,end_x,end_y,is_home,game_episode,phase
126438,1,24,2026.067,316,533480,1024,Goal Kick,Unsuccessful,4.903489500000006,41.008896,62.394465,46.911636,False,126438_24,46555
126438,1,24,2029.867,4639,345446,1025,Duel,Successful,41.877675,22.160248000000003,41.877675,22.160248000000003,True,126438_24,46556
126438,1,24,2033.367,4639,187316,1026,Recovery,,36.742545,0.918136000000004,43.743945,1.247392000000005,True,126438_24,46556
126438,1,24,2033.367,4639,187316,1027,Pass,Successful,36.742545,0.918136000000004,43.743945,1.247392000000005,True,126438_24,46556
126438,1,24,2034.587,4639,533448,1029,Pass,Unsuccessful,43.651545,1.4654000000000025,45.204915,3.068023999999994,True,126438_24,46556
