game_id,period_id,episode_id,time_seconds,team_id,player_id,action_id,type_name,result_name,start_x,start_y,end_x,end_y,is_home,game_episode,phase
126412,2,43,385.2000000000003,4643,503225,1711,Pass,Successful,52.37505,36.277116,43.20792,39.587492,False,126412_43,39502
126412,2,43,389.2000000000003,4643,500118,1713,Pass,Successful,40.481385,40.450752,33.17422500000001,27.41726,False,126412_43,39502
126412,2,43,391.9670000000001,4643,408792,1715,Pass,Successful,34.66743,29.013288000000003,32.985330000000005,51.96356,False,126412_43,39502
126412,2,43,395.2670000000003,4643,145673,1717,Pass,Successful,30.809415,51.027608,7.093873500000001,30.935376,False,126412_43,39502
126412,2,43,398.9670000000001,4643,85175,1719,Pass,Successful,7.093873500000001,30.935376,16.805565,53.851376,False,126412_43,39502
126412,2,43,400.70100000000025,4643,145673,1721,Carry,,16.805565,53.851376,17.450684999999993,58.18012,False,126412_43,39502
126412,2,43,402.2330000000002,4643,145673,1722,Pass,Successful,17.450684999999993,58.18012,22.931895,66.89364,False,126412_43,39502
126412,2,43,404.6669999999999,4643,500115,1724,Pass,Successful,22.059030000000007,66.5710072,36.679125,66.1147748,False,126412_43,39502
