game_id,period_id,episode_id,time_seconds,team_id,player_id,action_id,type_name,result_name,start_x,start_y,end_x,end_y,is_home,game_episode,phase
126480,1,8,627.9,4639,533448,372,Pass_Corner,Unsuccessful,103.61358,66.8510652,100.97976,45.278752,True,126480_8,59124
126480,1,8,628.9,4220,354809,373,Interception,,3.332301000000001,21.10924,3.332301000000001,21.10924,False,126480_8,59125
126480,1,8,628.9,4220,354809,374,Clearance,,3.332301000000001,21.10924,26.26165499999999,22.876695999999995,False,126480_8,59125
126480,1,8,631.1,4639,77845,375,Recovery,,78.73834500000001,45.123304000000005,80.885595,59.434448,True,126480_8,59126
126480,1,8,631.1,4639,77845,376,Pass,Unsuccessful,78.73834500000001,45.123304000000005,80.885595,59.434448,True,126480_8,59126
126480,1,8,633.033,4220,500539,377,Interception,,23.393685000000005,9.729236,23.393685000000005,9.729236,False,126480_8,59127
126480,1,8,633.034,4220,500539,378,Carry,,23.393685000000005,9.729236,35.17227,3.226464000000007,False,126480_8,59127
126480,1,8,634.833,4220,500539,379,Pass,Successful,35.17227,3.226464000000007,57.08451,7.058399999999999,False,126480_8,59127
126480,1,8,636.901,4220,500549,381,Carry,,57.08451,7.058399999999999,63.23184,14.085112000000002,False,126480_8,59127
126480,1,8,638.633,4220,500549,382,Pass,Successful,63.23184,14.085112000000002,61.810245,31.907776,False,126480_8,59127
126480,1,8,640.267,4220,500533,384,Pass,Successful,61.810245,31.907776,58.10049,28.202252,False,126480_8,59127
126480,1,8,641.333,4220,354812,386,Pass,Successful,58.10049,28.202252,72.181095,56.092316,False,126480_8,59127
