game_id,period_id,episode_id,time_seconds,team_id,player_id,action_id,type_name,result_name,start_x,start_y,end_x,end_y,is_home,game_episode,phase
126451,1,24,1704.433,4639,77845,703,Throw-In,Successful,71.55834,68.0,75.32468999999999,62.3405436,False,126451_24,50199
126451,1,24,1705.3,4639,528953,705,Pass,Successful,75.32468999999999,62.3405436,71.33153999999999,67.308168,False,126451_24,50199
126451,1,24,1705.968,4639,77845,707,Carry,,71.33153999999999,67.308168,67.23570000000001,66.10501,False,126451_24,50199
126451,1,24,1708.167,4639,77845,708,Pass,Successful,67.23570000000001,66.10501,64.5645,60.241472,False,126451_24,50199
126451,1,24,1709.0,4639,407605,710,Pass,Successful,64.5645,60.241472,62.831475,63.2687776,False,126451_24,50199
126451,1,24,1709.368,4639,77845,712,Carry,,62.831475,63.2687776,55.64726999999999,38.568104000000005,False,126451_24,50199
126451,1,24,1713.567,4639,77845,713,Pass,Successful,55.64726999999999,38.568104000000005,59.609655,8.319868,False,126451_24,50199
126451,1,24,1715.968,4639,491801,715,Carry,,59.609655,8.319868,60.98484,11.29412,False,126451_24,50199
126451,1,24,1719.033,4639,491801,716,Pass,Successful,60.98484,11.29412,49.120575,16.308372,False,126451_24,50199
126451,1,24,1722.44,4639,527819,718,Pass,Successful,50.48883,17.420648,52.74969,3.585163999999992,False,126451_24,50199
126451,1,24,1724.939,4639,491801,720,Pass,Unsuccessful,52.26228,3.567551999999992,59.143455,0.0,False,126451_24,50199
