game_id,period_id,episode_id,time_seconds,team_id,player_id,action_id,type_name,result_name,start_x,start_y,end_x,end_y,is_home,game_episode,phase
126451,2,78,2397.233,4639,77845,2193,Throw-In,Successful,25.634384999999995,67.67760588,2.760880499999999,46.362332,False,126451_78,50343
126451,2,78,2401.1000000000004,4639,142258,2195,Pass,Successful,2.760880499999999,46.362332,47.191935,55.70934,False,126451_78,50343
126451,2,78,2403.433,4639,533448,2197,Pass,Unsuccessful,47.191935,55.70934,59.769255,68.0,False,126451_78,50343
