game_id,period_id,episode_id,time_seconds,team_id,player_id,action_id,type_name,result_name,start_x,start_y,end_x,end_y,is_home,game_episode,phase
126430,2,65,2407.3,4657,250167,2307,Goal Kick,Unsuccessful,5.370981,25.795936000000005,57.25566,22.586268,False,126430_65,44402
126430,2,65,2410.867,4644,529335,2308,Duel,Successful,47.91087,45.507164,47.91087,45.507164,True,126430_65,44403
126430,2,65,2413.4000000000005,4657,500484,2309,Recovery,,34.450815000000006,17.509932,52.49076,20.255228,False,126430_65,44404
126430,2,65,2413.4000000000005,4657,500484,2310,Pass,Unsuccessful,34.450815000000006,17.509932,39.67960500000001,13.750619999999998,False,126430_65,44404
126430,2,65,2415.067,4644,529335,2311,Duel,Successful,52.2816,48.040912,52.2816,48.040912,True,126430_65,44405
126430,2,65,2416.6670000000004,4644,62114,2312,Recovery,,65.32039499999999,54.24938,65.32039499999999,54.24938,True,126430_65,44405
126430,2,65,2416.6680000000006,4644,62114,2313,Carry,,65.32039499999999,54.24938,66.428355,57.27742,True,126430_65,44405
126430,2,65,2418.8,4644,62114,2314,Pass,Successful,66.428355,57.27742,77.09772000000001,65.4032024,True,126430_65,44405
