game_id,period_id,episode_id,time_seconds,team_id,player_id,action_id,type_name,result_name,start_x,start_y,end_x,end_y,is_home,game_episode,phase
126462,1,14,780.067,4646,61623,464,Throw-In,Successful,37.34219999999999,0.0,40.087215,6.470472000000001,False,126462_14,53347
126462,1,14,781.3000000000001,4646,356596,466,Pass,Unsuccessful,40.087215,6.470472000000001,56.453775,10.220536000000005,False,126462_14,53347
126462,1,14,782.767,2353,526909,467,Recovery,,48.74499,55.16398,73.38492,53.31234,True,126462_14,53348
126462,1,14,782.767,2353,526909,468,Pass,Unsuccessful,48.74499,55.16398,65.99365499999999,50.811368,True,126462_14,53348
