game_id,period_id,episode_id,time_seconds,team_id,player_id,action_id,type_name,result_name,start_x,start_y,end_x,end_y,is_home,game_episode,phase
126462,1,37,2147.8,2353,500558,1130,Goal Kick,Successful,5.2228365000000005,27.881088000000005,5.3387985,41.39126,True,126462_37,53424
126462,1,37,2149.557,2353,500569,1132,Carry,,5.3387985,41.39126,26.651835,37.230408,True,126462_37,53424
126462,1,37,2160.71,2353,500569,1133,Pass,Successful,26.651835,37.230408,18.8076,19.392444,True,126462_37,53424
126462,1,37,2163.667,2353,500577,1135,Pass,Unsuccessful,19.305615,16.990888000000005,40.6434,24.214052,True,126462_37,53424
126462,1,37,2166.167,4646,356596,1136,Recovery,,64.508955,43.001092,79.13241000000001,36.739652,False,126462_37,53425
126462,1,37,2166.167,4646,356596,1137,Pass,Successful,64.508955,43.001092,79.13241000000001,36.739652,False,126462_37,53425
126462,1,37,2167.2340000000004,4646,356603,1139,Carry,,79.13241000000001,36.739652,81.25887,38.934216,False,126462_37,53425
126462,1,37,2168.1330000000003,4646,356603,1140,Pass,Unsuccessful,81.25887,38.934216,86.60988,41.396768,False,126462_37,53425
