game_id,period_id,episode_id,time_seconds,team_id,player_id,action_id,type_name,result_name,start_x,start_y,end_x,end_y,is_home,game_episode,phase
126478,1,32,2277.333,4646,61626,1153,Throw-In,Successful,98.93541,0.0,85.5225,3.070744000000005,True,126478_32,58610
126478,1,32,2281.333,4646,356603,1155,Pass,Successful,84.117495,5.541932000000003,77.827995,11.390136000000004,True,126478_32,58610
126478,1,32,2283.1,4646,250145,1157,Pass,Successful,78.116325,10.952964,86.16657,3.438828000000001,True,126478_32,58610
126478,1,32,2286.7000000000003,4646,61626,1159,Pass,Unsuccessful,85.461705,3.767132000000004,86.87343,3.532668000000001,True,126478_32,58610
