game_id,period_id,episode_id,time_seconds,team_id,player_id,action_id,type_name,result_name,start_x,start_y,end_x,end_y,is_home,game_episode,phase
126421,1,6,352.66700000000003,2354,61979,185,Throw-In,Successful,72.889635,67.65153876,86.613135,66.48598,False,126421_6,41857
126421,1,6,354.0,2354,344559,187,Pass,Unsuccessful,86.613135,66.48598,87.529575,58.387928,False,126421_6,41857
126421,1,6,354.7,4640,261824,188,Interception,,17.7471,9.240316,17.7471,9.240316,True,126421_6,41858
126421,1,6,354.701,4640,261824,189,Carry,,17.7471,9.240316,21.040215,8.315516000000002,True,126421_6,41858
126421,1,6,356.067,4640,261824,190,Pass,Successful,21.040215,8.315516000000002,40.529055,7.207048,True,126421_6,41858
126421,1,6,357.001,4640,491833,192,Carry,,40.529055,7.207048,40.230855000000005,3.778419999999997,True,126421_6,41858
126421,1,6,358.533,4640,491833,193,Pass,Unsuccessful,40.230855000000005,3.778419999999997,35.58114,3.5718360000000047,True,126421_6,41858
126421,1,6,359.267,2354,61979,194,Duel,Successful,68.28738,63.7712568,68.28738,63.7712568,False,126421_6,41859
126421,1,6,359.267,2354,61979,195,Tackle,Successful,68.28738,63.7712568,68.28738,63.7712568,False,126421_6,41859
126421,1,6,359.267,2354,61979,196,Interception,,68.28738,63.7712568,68.28738,63.7712568,False,126421_6,41859
126421,1,6,360.366,2354,61979,197,Pass,Successful,66.211845,61.9209972,47.613405,53.803572,False,126421_6,41859
126421,1,6,363.2,2354,150850,199,Pass,Successful,48.322365,55.384640000000005,53.19678,64.7327836,False,126421_6,41859
126421,1,6,367.733,2354,61981,201,Pass,Successful,54.697125,63.2796304,34.651365,47.074972,False,126421_6,41859
126421,1,6,371.033,2354,150850,203,Pass,Successful,35.7987,46.45284,42.309645,50.43288,False,126421_6,41859
126421,1,6,374.1,2354,344558,205,Pass,Successful,44.20038,48.874592,79.96474500000001,65.6844572,False,126421_6,41859
126421,1,6,377.201,2354,61979,207,Carry,,79.96474500000001,65.6844572,83.10351,65.446736,False,126421_6,41859
126421,1,6,378.333,2354,61979,208,Cross,Unsuccessful,83.10351,65.446736,100.049985,34.394400000000005,False,126421_6,41859
126421,1,6,380.3,4640,222332,209,Recovery,,4.9048335000000005,34.84762,4.9048335000000005,34.84762,True,126421_6,41860
126421,1,6,380.301,4640,222332,210,Carry,,4.9048335000000005,34.84762,14.95578,34.795804000000004,True,126421_6,41860
126421,1,6,382.733,4640,222332,211,Pass,Unsuccessful,14.95578,34.795804000000004,90.236475,65.1191528,True,126421_6,41860
