game_id,period_id,episode_id,time_seconds,team_id,player_id,action_id,type_name,result_name,start_x,start_y,end_x,end_y,is_home,game_episode,phase
126478,1,31,2253.367,4646,250145,1141,Goal Kick,Successful,4.9413525,32.73078,4.6528755,21.618628,True,126478_31,58608
126478,1,31,2257.467,4646,500452,1143,Pass,Successful,6.599208000000001,22.62135600000001,6.75024,36.028372000000005,True,126478_31,58608
126478,1,31,2258.7010000000005,4646,500460,1145,Carry,,6.75024,36.028372000000005,9.805194,43.647024,True,126478_31,58608
126478,1,31,2260.833,4646,500460,1146,Pass,Unsuccessful,9.805194,43.647024,56.430780000000006,21.273324,True,126478_31,58608
126478,1,31,2263.533,4643,408792,1147,Duel,Successful,53.76273,37.723068,53.76273,37.723068,False,126478_31,58609
126478,1,31,2265.433,4646,250141,1148,Duel,Successful,42.82845,27.880136,42.82845,27.880136,True,126478_31,58610
126478,1,31,2267.6330000000003,4646,61645,1149,Recovery,,56.430780000000006,21.273324,77.15547,16.50598,True,126478_31,58610
126478,1,31,2267.6330000000003,4646,61645,1150,Pass,Unsuccessful,56.430780000000006,21.273324,98.93541,0.0,True,126478_31,58610
