game_id,period_id,episode_id,time_seconds,team_id,player_id,action_id,type_name,result_name,start_x,start_y,end_x,end_y,is_home,game_episode,phase
126434,2,52,746.9000000000001,4643,85175,1764,Goal Kick,Successful,1.780201500000004,38.971684,5.321326499999998,50.935264,False,126434_52,45408
126434,2,52,748.2670000000003,4643,145673,1766,Pass,Successful,5.321326499999998,50.935264,3.5220675000000057,40.445176,False,126434_52,45408
126434,2,52,749.8670000000002,4643,85175,1768,Pass,Successful,3.5220675000000057,40.445176,2.4050565000000006,16.800624,False,126434_52,45408
126434,2,52,752.3010000000002,4643,408792,1770,Carry,,2.4050565000000006,16.800624,5.674536000000003,7.342163999999997,False,126434_52,45408
126434,2,52,754.5329999999999,4643,408792,1771,Pass,Unsuccessful,5.674536000000003,7.342163999999997,68.62632,26.992600000000003,False,126434_52,45408
126434,2,52,758.7330000000002,2353,500576,1772,Recovery,,35.5845,42.040592,4.9973595,43.646820000000005,True,126434_52,45409
126434,2,52,758.7330000000002,2353,500576,1773,Pass,Successful,35.5845,42.040592,4.9973595,43.646820000000005,True,126434_52,45409
126434,2,52,762.6679999999999,2353,500558,1775,Carry,,4.9973595,43.646820000000005,5.9893785,47.956048,True,126434_52,45409
126434,2,52,764.288,2353,500558,1776,Pass,Unsuccessful,5.9893785,47.956048,51.190650000000005,49.455584,True,126434_52,45409
