game_id,period_id,episode_id,time_seconds,team_id,player_id,action_id,type_name,result_name,start_x,start_y,end_x,end_y,is_home,game_episode,phase
126457,1,26,1856.233,4643,500502,758,Throw-In,Successful,44.4255,0.0,31.797465000000003,6.876908,False,126457_26,51932
126457,1,26,1860.133,4643,145673,760,Pass,Successful,32.81837999999999,9.639000000000005,22.862804999999994,28.116572000000005,False,126457_26,51932
126457,1,26,1862.134,4643,343586,762,Carry,,22.862804999999994,28.116572000000005,20.954745000000003,31.15658,False,126457_26,51932
126457,1,26,1863.1,4643,343586,763,Pass,Successful,20.954745000000003,31.15658,21.557864999999996,59.474364,False,126457_26,51932
126457,1,26,1865.334,4643,500115,765,Carry,,21.557864999999996,59.474364,24.325035,62.3469832,False,126457_26,51932
126457,1,26,1866.5,4643,500115,766,Pass,Unsuccessful,24.325035,62.3469832,79.4913,45.922236,False,126457_26,51932
