game_id,period_id,episode_id,time_seconds,team_id,player_id,action_id,type_name,result_name,start_x,start_y,end_x,end_y,is_home,game_episode,phase
126465,2,43,209.23300000000015,4639,187316,1552,Throw-In,Successful,19.091835,0.0,31.676925,2.643227999999993,True,126465_43,54381
126465,2,43,210.567,4639,250902,1554,Pass,Successful,31.676925,2.643227999999993,41.431845,12.622908000000002,True,126465_43,54381
126465,2,43,212.3670000000002,4639,533448,1555,Duel,Successful,41.431845,12.622908000000002,41.431845,12.622908000000002,True,126465_43,54381
126465,2,43,212.30000000000015,4643,187253,1556,Tackle,Unsuccessful,63.994035,57.836448,63.994035,57.836448,False,126465_43,54382
126465,2,43,212.3680000000002,4639,533448,1558,Carry,,41.431845,12.622908000000002,44.58195,10.615276,True,126465_43,54383
126465,2,43,213.5999999999999,4639,533448,1559,Pass,Successful,44.58195,10.615276,71.44158,10.440788000000005,True,126465_43,54383
126465,2,43,216.4010000000001,4639,250902,1561,Carry,,71.44158,10.440788000000005,84.17556,17.240584,True,126465_43,54383
126465,2,43,218.83300000000008,4643,408792,1562,Intervention,,20.82444,50.759416,20.82444,50.759416,False,126465_43,54384
126465,2,43,221.1330000000003,4643,187259,1563,Duel,Successful,17.899665,36.165936,17.899665,36.165936,False,126465_43,54384
126465,2,43,222.8670000000002,4643,500115,1564,Recovery,,11.403525000000002,42.026992,11.403525000000002,42.026992,False,126465_43,54384
126465,2,43,222.8680000000002,4643,500115,1565,Carry,,11.403525000000002,42.026992,18.518535,51.013328,False,126465_43,54384
126465,2,43,228.80000000000015,4643,500115,1566,Pass,Successful,18.518535,51.013328,36.308475,40.636528,False,126465_43,54384
126465,2,43,230.28599999999983,4643,500117,1568,Carry,,36.308475,40.636528,43.362585,36.612764,False,126465_43,54384
126465,2,43,231.933,4643,500117,1569,Pass,Successful,43.362585,36.612764,56.87955,47.596124,False,126465_43,54384
126465,2,43,233.3680000000002,4643,500502,1571,Carry,,56.87955,47.596124,63.24528,47.423676,False,126465_43,54384
126465,2,43,234.5329999999999,4643,500502,1572,Pass,Unsuccessful,63.24528,47.423676,67.847745,54.442976,False,126465_43,54384
