game_id,period_id,episode_id,time_seconds,team_id,player_id,action_id,type_name,result_name,start_x,start_y,end_x,end_y,is_home,game_episode,phase
126457,2,73,2558.1670000000004,4643,500115,2402,Pass_Freekick,Successful,20.39708999999999,64.05342279999999,12.210449999999994,38.317048,False,126457_73,52072
126457,2,73,2560.501,4643,85175,2404,Carry,,12.210449999999994,38.317048,13.858215,33.116884,False,126457_73,52072
126457,2,73,2561.8330000000005,4643,85175,2405,Pass,Successful,13.858215,33.116884,22.715910000000008,17.194683999999995,False,126457_73,52072
126457,2,73,2563.568,4643,145673,2407,Carry,,22.715910000000008,17.194683999999995,51.982980000000005,13.696288000000004,False,126457_73,52072
126457,2,73,2571.467000000001,4643,145673,2408,Pass,Successful,51.982980000000005,13.696288000000004,72.156315,20.607468,False,126457_73,52072
