game_id,period_id,episode_id,time_seconds,team_id,player_id,action_id,type_name,result_name,start_x,start_y,end_x,end_y,is_home,game_episode,phase
126426,1,27,1334.967,4657,287281,679,Pass_Freekick,Unsuccessful,59.845065000000005,1.349800000000002,80.995425,19.666076,True,126426_27,43178
126426,1,27,1336.233,4639,345446,680,Interception,,23.48241,47.991068,23.48241,47.991068,False,126426_27,43179
126426,1,27,1336.233,4639,345446,681,Clearance,,23.48241,47.991068,34.88719499999999,52.73672,False,126426_27,43179
126426,1,27,1337.533,4657,527810,682,Recovery,,70.11280500000001,15.263280000000002,70.11280500000001,15.263280000000002,True,126426_27,43180
126426,1,27,1337.534,4657,527810,683,Carry,,70.11280500000001,15.263280000000002,77.005845,22.667052000000005,True,126426_27,43180
126426,1,27,1339.233,4657,527810,684,Pass,Unsuccessful,77.005845,22.667052000000005,90.272175,23.474143999999995,True,126426_27,43180
