game_id,period_id,episode_id,time_seconds,team_id,player_id,action_id,type_name,result_name,start_x,start_y,end_x,end_y,is_home,game_episode,phase
126445,2,87,2074.133,4639,77845,2377,Throw-In,Successful,17.786265,68.0,12.42276,63.2586184,True,126445_87,48563
126445,2,87,2076.3330000000005,4639,77828,2379,Pass,Successful,13.32828,63.972428,18.54426,67.95313304,True,126445_87,48563
