game_id,period_id,episode_id,time_seconds,team_id,player_id,action_id,type_name,result_name,start_x,start_y,end_x,end_y,is_home,game_episode,phase
126425,1,4,158.8,2353,500565,111,Pass_Freekick,Successful,26.93292,57.510796,16.163595,39.442244,False,126425_4,42884
126425,1,4,160.568,2353,500576,113,Carry,,16.163595,39.442244,37.184175,20.978068,False,126425_4,42884
126425,1,4,165.767,2353,500576,114,Pass,Successful,37.184175,20.978068,39.379305,23.254572000000003,False,126425_4,42884
126425,1,4,166.46800000000002,2353,526908,116,Carry,,39.379305,23.254572000000003,53.492775,15.082127999999996,False,126425_4,42884
126425,1,4,173.03300000000002,2353,526908,117,Pass,Successful,53.492775,15.082127999999996,66.71784,3.240064000000004,False,126425_4,42884
126425,1,4,174.401,2353,500562,119,Carry,,66.71784,3.240064000000004,87.56264999999999,3.795079999999999,False,126425_4,42884
126425,1,4,178.167,2353,500562,120,Pass,Unsuccessful,87.56264999999999,3.795079999999999,88.49904000000001,5.804479999999998,False,126425_4,42884
