game_id,period_id,episode_id,time_seconds,team_id,player_id,action_id,type_name,result_name,start_x,start_y,end_x,end_y,is_home,game_episode,phase
126471,1,35,1982.103,4644,500505,1080,Pass_Freekick,Successful,54.6525,65.5549648,48.182295,65.8998812,False,126471_35,56242
126471,1,35,1983.951,4644,500520,1082,Carry,,48.182295,65.8998812,46.368735,61.162396,False,126471_35,56242
126471,1,35,1985.996,4644,500520,1083,Pass,Successful,46.368735,61.162396,32.53572,41.65408,False,126471_35,56242
126471,1,35,1987.734,4644,529335,1085,Carry,,32.53572,41.65408,33.355140000000006,37.187024,False,126471_35,56242
126471,1,35,1991.5,4644,529335,1086,Pass,Successful,33.355140000000006,37.187024,32.15226,20.238296000000005,False,126471_35,56242
126471,1,35,1995.221,4644,500515,1088,Pass,Successful,32.61237,20.78794,38.88979499999999,22.187108,False,126471_35,56242
126471,1,35,1996.133,4644,250055,1090,Pass,Successful,38.88979499999999,22.187108,36.26542499999999,14.512016000000004,False,126471_35,56242
