game_id,period_id,episode_id,time_seconds,team_id,player_id,action_id,type_name,result_name,start_x,start_y,end_x,end_y,is_home,game_episode,phase
126432,1,24,2517.833,2353,526911,1303,Throw-In,Unsuccessful,71.62785000000001,0.0,90.42579,7.347536000000005,False,126432_24,44853
126432,1,24,2519.7000000000003,4639,77828,1304,Interception,,17.09883,56.158548,25.20651,54.207084,True,126432_24,44854
126432,1,24,2519.7000000000003,4639,77828,1305,Pass,Unsuccessful,17.09883,56.158548,25.20651,54.207084,True,126432_24,44854
126432,1,24,2520.5,2353,526920,1306,Interception,,79.29421500000001,13.597552,79.29421500000001,13.597552,False,126432_24,44855
126432,1,24,2522.867,2353,526920,1307,Pass,Successful,78.60751499999999,16.352232,85.133475,15.51182,False,126432_24,44855
126432,1,24,2524.0,2353,500583,1308,Duel,Successful,85.133475,15.51182,92.9754,2.4064520000000016,False,126432_24,44855
126432,1,24,2524.0,2353,500583,1310,Pass,Successful,85.133475,15.51182,92.9754,2.4064520000000016,False,126432_24,44855
