game_id,period_id,episode_id,time_seconds,team_id,player_id,action_id,type_name,result_name,start_x,start_y,end_x,end_y,is_home,game_episode,phase
126437,1,16,1430.1,4657,527810,726,Throw-In,Successful,70.801185,0.0,79.49329499999999,2.6533600000000064,False,126437_16,46189
126437,1,16,1432.2,4220,215699,728,Tackle,Unsuccessful,25.304685,65.1542544,25.304685,65.1542544,True,126437_16,46190
126437,1,16,1432.667,4657,215807,729,Pass,Successful,79.73742,3.04504,78.82350000000001,1.1017360000000025,False,126437_16,46191
126437,1,16,1433.767,4657,530666,731,Pass,Unsuccessful,78.82350000000001,1.1017360000000025,79.694685,0.2705040000000025,False,126437_16,46191
126437,1,16,1433.867,4220,500540,732,Block,,25.580730000000003,66.864366,25.580730000000003,66.864366,True,126437_16,46192
126437,1,16,1435.133,4220,500540,733,Duel,Successful,25.71303,66.2286408,25.71303,66.2286408,True,126437_16,46192
126437,1,16,1435.133,4220,500540,734,Recovery,,25.71303,66.2286408,25.71303,66.2286408,True,126437_16,46192
126437,1,16,1436.133,4220,500540,735,Pass,Successful,25.06266,66.1971772,29.127735,58.5191,True,126437_16,46192
126437,1,16,1437.167,4220,500554,737,Pass,Successful,29.127735,58.5191,18.342135000000003,63.5619256,True,126437_16,46192
126437,1,16,1437.9,4220,215699,739,Pass,Successful,18.342135000000003,63.5619256,39.6018,57.096132,True,126437_16,46192
126437,1,16,1440.333,4220,500530,741,Pass,Successful,38.305365,58.557928,40.83555,41.675704,True,126437_16,46192
126437,1,16,1440.667,4657,250168,742,Tackle,Unsuccessful,66.48138,10.178852,66.48138,10.178852,False,126437_16,46193
126437,1,16,1441.368,4220,500534,744,Carry,,40.83555,41.675704,70.666155,16.905684,True,126437_16,46194
126437,1,16,1449.2,4220,500534,745,Pass,Successful,70.666155,16.905684,87.16848,2.8999960000000016,True,126437_16,46194
