game_id,period_id,episode_id,time_seconds,team_id,player_id,action_id,type_name,result_name,start_x,start_y,end_x,end_y,is_home,game_episode,phase
126435,2,76,2334.467000000001,2354,150850,2399,Goal Kick,Successful,4.982481,26.184284000000005,4.7577915,34.208896,True,126435_76,45773
126435,2,76,2336.567,2354,142109,2401,Pass,Unsuccessful,6.7960935,34.952748,22.27785,40.832164,True,126435_76,45773
126435,2,76,2338.433,4644,62086,2402,Error,,83.35824000000001,26.33340800000001,83.35824000000001,26.33340800000001,False,126435_76,45774
126435,2,76,2339.333,2354,529466,2403,Recovery,,15.10467,39.84698,15.10467,39.84698,True,126435_76,45775
126435,2,76,2340.233,2354,529466,2404,Clearance,,15.10467,39.84698,28.68694500000001,17.470287999999996,True,126435_76,45775
126435,2,76,2342.3330000000005,4644,250075,2405,Recovery,,76.31305499999999,50.529712,105.0,53.506956,False,126435_76,45776
126435,2,76,2342.3330000000005,4644,250075,2406,Pass,Unsuccessful,76.31305499999999,50.529712,102.8431635,35.562232,False,126435_76,45776
