game_id,period_id,episode_id,time_seconds,team_id,player_id,action_id,type_name,result_name,start_x,start_y,end_x,end_y,is_home,game_episode,phase
126463,2,84,2297.95,4220,354809,2521,Throw-In,Unsuccessful,49.92477,68.0,68.905935,61.4162264,True,126463_84,53919
126463,2,84,2299.8330000000005,2353,526911,2522,Duel,Successful,35.381955000000005,6.899348000000003,35.381955000000005,6.899348000000003,False,126463_84,53920
126463,2,84,2301.267,4220,354812,2523,Recovery,,64.95699,58.833464,81.2742,55.997116,True,126463_84,53921
126463,2,84,2301.267,4220,354812,2524,Pass,Unsuccessful,64.95699,58.833464,81.2742,55.997116,True,126463_84,53921
