game_id,period_id,episode_id,time_seconds,team_id,player_id,action_id,type_name,result_name,start_x,start_y,end_x,end_y,is_home,game_episode,phase
126404,1,16,1101.554,4220,500540,686,Throw-In,Unsuccessful,16.509465000000002,67.84299684,38.74899,62.1577392,True,126404_16,37090
126404,1,16,1103.261,2354,215806,687,Duel,Successful,67.11852,1.7246159999999977,67.11852,1.7246159999999977,False,126404_16,37091
126404,1,16,1104.8,2354,188332,688,Recovery,,77.47288499999999,7.470684000000006,73.69572000000001,0.5652159999999924,False,126404_16,37091
126404,1,16,1104.8,2354,188332,689,Pass,Successful,77.47288499999999,7.470684000000006,73.69572000000001,0.5652159999999924,False,126404_16,37091
