game_id,period_id,episode_id,time_seconds,team_id,player_id,action_id,type_name,result_name,start_x,start_y,end_x,end_y,is_home,game_episode,phase
126465,2,83,2835.133,4639,250896,2590,Goal Kick,Unsuccessful,5.149578,26.59446,57.604785,12.023283999999997,True,126465_83,54499
126465,2,83,2838.567,4643,187794,2591,Interception,,46.899405,57.491756,46.899405,57.491756,False,126465_83,54500
126465,2,83,2838.567,4643,187794,2592,Clearance,,46.899405,57.491756,65.32113,64.742936,False,126465_83,54500
126465,2,83,2841.7,4639,187316,2593,Recovery,,39.67887,3.257064,79.94931000000001,13.364176,True,126465_83,54501
126465,2,83,2841.7,4639,187316,2594,Pass,Unsuccessful,39.67887,3.257064,82.12155,7.805379999999999,True,126465_83,54501
126465,2,83,2844.767,4643,500115,2595,Recovery,,22.87845,60.19462,22.87845,60.19462,False,126465_83,54502
126465,2,83,2844.768,4643,500115,2596,Carry,,22.87845,60.19462,21.41265,66.7641272,False,126465_83,54502
126465,2,83,2847.1000000000004,4643,500115,2597,Pass,Unsuccessful,21.41265,66.7641272,61.520865,39.91838,False,126465_83,54502
