game_id,period_id,episode_id,time_seconds,team_id,player_id,action_id,type_name,result_name,start_x,start_y,end_x,end_y,is_home,game_episode,phase
126462,1,25,1183.067,2353,526915,687,Pass_Freekick,Successful,69.92968499999999,3.866208,63.959805,16.492516000000002,True,126462_25,53372
126462,1,25,1185.027,2353,500565,689,Pass,Successful,63.8715,17.669868,56.926065,27.81574,True,126462_25,53372
126462,1,25,1186.248,2353,500569,691,Carry,,56.926065,27.81574,62.65791,34.732972,True,126462_25,53372
126462,1,25,1190.733,2353,500569,692,Pass,Unsuccessful,62.65791,34.732972,103.65033,52.243584,True,126462_25,53372
