game_id,period_id,episode_id,time_seconds,team_id,player_id,action_id,type_name,result_name,start_x,start_y,end_x,end_y,is_home,game_episode,phase
126461,2,71,944.833,4640,61922,1849,Goal Kick,Successful,5.409127499999997,43.18068,5.214814500000003,37.000636,False,126461_71,53186
126461,2,71,947.067,4640,222332,1851,Pass,Unsuccessful,5.347712999999999,35.523336,37.75317,0.0,False,126461_71,53186
