game_id,period_id,episode_id,time_seconds,team_id,player_id,action_id,type_name,result_name,start_x,start_y,end_x,end_y,is_home,game_episode,phase
126417,2,62,1305.025,4641,145831,2076,Pass_Freekick,Successful,33.610395000000004,62.8309596,13.4148,58.645716,True,126417_62,40940
126417,2,62,1308.6,4641,346035,2078,Pass,Successful,14.216055,57.982512,28.17717,64.4914448,True,126417_62,40940
126417,2,62,1311.167,4641,145831,2080,Pass,Successful,27.21264,62.6167188,30.543975000000003,51.940032,True,126417_62,40940
126417,2,62,1312.1,4641,500602,2082,Pass,Successful,30.543975000000003,51.940032,26.187315,64.206858,True,126417_62,40940
126417,2,62,1317.433,4641,145831,2084,Pass,Successful,26.95329,64.6009724,7.759552499999999,56.491136,True,126417_62,40940
126417,2,62,1320.8670000000002,4641,346035,2086,Pass,Successful,9.843792,54.82058,26.89743,66.6753192,True,126417_62,40940
126417,2,62,1323.433,4641,145831,2088,Pass,Unsuccessful,27.515775,66.9894928,60.222645,67.2810292,True,126417_62,40940
