game_id,period_id,episode_id,time_seconds,team_id,player_id,action_id,type_name,result_name,start_x,start_y,end_x,end_y,is_home,game_episode,phase
126439,1,29,1808.6,4644,62105,842,Throw-In,Successful,32.556615,0.0,17.01042,3.011176000000006,True,126439_29,46819
126439,1,29,1812.267,4644,500520,844,Pass,Successful,19.058025,4.774552,20.29587,43.123016,True,126439_29,46819
126439,1,29,1814.668,4644,529335,846,Carry,,20.29587,43.123016,24.4482,55.109648,True,126439_29,46819
126439,1,29,1817.4,4644,529335,847,Pass,Unsuccessful,24.4482,55.109648,53.503485,68.0,True,126439_29,46819
