game_id,period_id,episode_id,time_seconds,team_id,player_id,action_id,type_name,result_name,start_x,start_y,end_x,end_y,is_home,game_episode,phase
126420,1,34,1980.833,2353,500558,950,Goal Kick,Successful,4.7391225,32.235196,17.607345000000002,51.786012,True,126420_34,41665
126420,1,34,1982.9,2353,500569,952,Pass,Successful,17.607345000000002,51.786012,7.1296785,40.855284,True,126420_34,41665
126420,1,34,1984.934,2353,500558,954,Carry,,7.1296785,40.855284,8.5702575,35.963636,True,126420_34,41665
126420,1,34,1987.0,2353,500558,955,Pass,Unsuccessful,8.5702575,35.963636,30.64572,0.0,True,126420_34,41665
