game_id,period_id,episode_id,time_seconds,team_id,player_id,action_id,type_name,result_name,start_x,start_y,end_x,end_y,is_home,game_episode,phase
126446,1,23,1117.767,4640,61922,577,Goal Kick,Successful,5.235646500000001,39.45428,4.780324500000006,34.519996,False,126446_23,48686
126446,1,23,1118.768,4640,222332,579,Carry,,4.780324500000006,34.519996,8.644587000000001,34.85374,False,126446_23,48686
126446,1,23,1123.008,4640,222332,580,Pass,Successful,8.644587000000001,34.85374,13.827240000000003,15.583016,False,126446_23,48686
126446,1,23,1126.667,4640,246402,582,Pass,Successful,14.448840000000004,17.359311999999996,6.840634499999993,37.261552,False,126446_23,48686
126446,1,23,1130.4,4640,222332,584,Pass,Successful,7.149806999999996,38.470048000000006,12.554325000000006,62.4139088,False,126446_23,48686
126446,1,23,1132.634,4640,61922,586,Carry,,12.554325000000006,62.4139088,14.04732,65.7432772,False,126446_23,48686
126446,1,23,1133.697,4640,61922,587,Pass,Unsuccessful,14.04732,65.7432772,58.36404,68.0,False,126446_23,48686
