game_id,period_id,episode_id,time_seconds,team_id,player_id,action_id,type_name,result_name,start_x,start_y,end_x,end_y,is_home,game_episode,phase
126466,1,23,1341.333,4641,346037,745,Pass_Corner,Successful,105.0,67.3512494,97.462155,63.2828808,False,126466_23,54614
126466,1,23,1344.5,4641,528608,747,Pass,Successful,99.42534,61.3389784,89.878425,62.0824496,False,126466_23,54614
126466,1,23,1346.033,4641,346037,749,Pass,Successful,88.279905,61.6262852,77.026215,46.743744,False,126466_23,54614
126466,1,23,1348.733,4641,360162,751,Cross,Unsuccessful,77.655585,45.844444,93.22719,30.549884,False,126466_23,54614
126466,1,23,1349.867,4648,62365,752,Interception,,12.169815,36.977312,12.169815,36.977312,True,126466_23,54615
126466,1,23,1349.867,4648,62365,753,Clearance,,12.169815,36.977312,33.790890000000005,27.974996000000004,True,126466_23,54615
126466,1,23,1351.7,4641,413678,754,Recovery,,71.20911,40.025004,71.20911,40.025004,False,126466_23,54616
126466,1,23,1352.167,4641,413678,755,Pass,Successful,70.565355,40.910704,74.29464,48.53024,False,126466_23,54616
