game_id,period_id,episode_id,time_seconds,team_id,player_id,action_id,type_name,result_name,start_x,start_y,end_x,end_y,is_home,game_episode,phase
126424,2,90,3262.5,4648,359624,2785,Pass_Corner,Successful,105.0,0.0,101.61732,2.088483999999994,False,126424_90,42872
126424,2,90,3264.8330000000005,4648,250102,2787,Pass,Successful,101.01525,2.7252359999999958,93.827895,10.586036,False,126424_90,42872
126424,2,90,3266.1670000000004,4648,250101,2789,Pass,Successful,93.827895,10.586036,90.605865,5.912939999999999,False,126424_90,42872
