game_id,period_id,episode_id,time_seconds,team_id,player_id,action_id,type_name,result_name,start_x,start_y,end_x,end_y,is_home,game_episode,phase
126451,1,23,1665.133,2354,215806,694,Throw-In,Successful,18.916275,0.0,33.49878,1.157972000000001,True,126451_23,50196
126451,1,23,1666.333,2354,534721,696,Pass,Unsuccessful,33.49878,1.157972000000001,36.513855,7.201132000000001,True,126451_23,50196
126451,1,23,1667.867,4639,345446,697,Duel,Successful,64.813035,61.3460844,64.813035,61.3460844,False,126451_23,50197
126451,1,23,1669.033,2354,530659,698,Recovery,,36.513855,7.201132000000001,27.23574,1.6081999999999963,True,126451_23,50198
126451,1,23,1669.033,2354,530659,699,Pass,Successful,36.513855,7.201132000000001,27.23574,1.6081999999999963,True,126451_23,50198
126451,1,23,1673.133,2354,215806,701,Pass,Unsuccessful,25.860765,2.575159999999997,32.010195,0.0,True,126451_23,50198
