game_id,period_id,episode_id,time_seconds,team_id,player_id,action_id,type_name,result_name,start_x,start_y,end_x,end_y,is_home,game_episode,phase
126454,2,56,1228.567,316,500124,1982,Pass_Corner,Unsuccessful,105.0,68.0,101.493,44.043668,False,126454_56,51196
126454,2,56,1229.6,4640,413675,1983,Interception,,3.840144,23.885,3.840144,23.885,True,126454_56,51197
126454,2,56,1229.6,4640,413675,1984,Clearance,,3.840144,23.885,20.895735,17.062967999999998,True,126454_56,51197
126454,2,56,1231.1,316,503173,1985,Recovery,,84.104265,50.937032,84.104265,50.937032,False,126454_56,51198
126454,2,56,1232.567,316,503173,1986,Pass,Successful,82.00552499999999,50.613216,91.719915,65.2022284,False,126454_56,51198
