game_id,period_id,episode_id,time_seconds,team_id,player_id,action_id,type_name,result_name,start_x,start_y,end_x,end_y,is_home,game_episode,phase
126472,2,58,966.433,4641,346036,1784,Pass,Successful,52.64511,33.976472,41.32065,37.989832,False,126472_58,56601
126472,2,58,968.533,4641,500602,1786,Pass,Successful,41.087865,37.099372,40.70304,30.336976,False,126472_58,56601
126472,2,58,970.033,4641,413678,1788,Pass,Successful,40.647705,31.929604,33.17391000000001,45.916728,False,126472_58,56601
126472,2,58,973.067,4641,187313,1790,Pass,Successful,33.368790000000004,45.94386,28.233765000000005,23.487336,False,126472_58,56601
126472,2,58,975.567,4641,355790,1792,Pass,Successful,29.223704999999995,24.646872,45.60108,16.19862,False,126472_58,56601
126472,2,58,977.2330000000002,4641,528608,1794,Pass,Unsuccessful,45.60108,16.19862,36.38554500000001,0.0082280000000025,False,126472_58,56601
