game_id,period_id,episode_id,time_seconds,team_id,player_id,action_id,type_name,result_name,start_x,start_y,end_x,end_y,is_home,game_episode,phase
126421,1,31,2493.9,2354,142109,1206,Pass_Freekick,Successful,4.034803499999995,27.377616,20.308785,38.463452,False,126421_31,41953
126421,1,31,2496.4010000000003,2354,344558,1208,Carry,,20.308785,38.463452,24.038174999999995,37.89096,False,126421_31,41953
126421,1,31,2498.6330000000003,2354,344558,1209,Pass,Successful,24.038174999999995,37.89096,26.829494999999994,18.877752,False,126421_31,41953
126421,1,31,2501.367,2354,150850,1211,Pass,Successful,26.513234999999995,18.375436,11.248649999999998,34.535024,False,126421_31,41953
126421,1,31,2511.1,2354,142109,1213,Pass,Successful,12.819450000000003,33.033312,14.748405000000004,52.662396,False,126421_31,41953
126421,1,31,2516.034,2354,61981,1215,Pass,Successful,15.701279999999995,53.84376,26.289690000000007,64.458458,False,126421_31,41953
126421,1,31,2517.8,2354,61979,1217,Pass,Successful,25.13826,63.7242212,13.512555000000006,59.309124,False,126421_31,41953
126421,1,31,2520.6330000000003,2354,61981,1219,Pass,Unsuccessful,13.327439999999996,61.9125516,47.5041,55.581568,False,126421_31,41953
