game_id,period_id,episode_id,time_seconds,team_id,player_id,action_id,type_name,result_name,start_x,start_y,end_x,end_y,is_home,game_episode,phase
126421,2,56,2143.567,4640,61913,2360,Throw-In,Successful,26.593035,68.0,48.493935,60.936432,True,126421_56,42060
126421,2,56,2145.3330000000005,4640,491833,2362,Pass,Successful,48.493935,60.936432,58.514610000000005,62.4118688,True,126421_56,42060
126421,2,56,2146.4680000000008,4640,146174,2364,Carry,,58.514610000000005,62.4118688,59.97358500000001,65.9456656,True,126421_56,42060
126421,2,56,2148.433,2354,150850,2365,Tackle,Unsuccessful,44.058105,2.956503999999996,44.058105,2.956503999999996,False,126421_56,42061
126421,2,56,2148.967000000001,4640,146174,2366,Pass,Unsuccessful,59.97358500000001,65.9456656,60.86661,66.2162784,True,126421_56,42062
