game_id,period_id,episode_id,time_seconds,team_id,player_id,action_id,type_name,result_name,start_x,start_y,end_x,end_y,is_home,game_episode,phase
126465,2,82,2807.6000000000004,4643,187259,2581,Pass_Freekick,Successful,35.89446000000001,1.5983399999999932,34.17078000000001,12.55484,False,126465_82,54498
126465,2,82,2809.1510000000007,4643,500115,2583,Carry,,34.17078000000001,12.55484,39.806655000000006,20.073328000000004,False,126465_82,54498
126465,2,82,2811.8330000000005,4643,500115,2584,Pass,Successful,39.806655000000006,20.073328000000004,87.824415,57.805576,False,126465_82,54498
126465,2,82,2815.1670000000004,4643,187794,2586,Pass,Unsuccessful,87.824415,57.805576,102.715515,57.82754,False,126465_82,54498
