game_id,period_id,episode_id,time_seconds,team_id,player_id,action_id,type_name,result_name,start_x,start_y,end_x,end_y,is_home,game_episode,phase
126461,1,29,1322.067,4220,500533,665,Throw-In,Successful,70.07752500000001,68.0,54.94041,61.2464712,True,126461_29,53067
126461,1,29,1324.9,4220,215699,667,Pass,Successful,54.248775,61.2457028,55.94841,47.383692,True,126461_29,53067
126461,1,29,1326.234,4220,354812,669,Carry,,55.94841,47.383692,56.616315,39.808084,True,126461_29,53067
126461,1,29,1330.9,4220,354812,670,Pass,Successful,56.616315,39.808084,54.76044,53.132208,True,126461_29,53067
126461,1,29,1332.668,4220,215699,672,Carry,,54.76044,53.132208,58.688385,47.676296,True,126461_29,53067
126461,1,29,1337.3,4220,215699,673,Pass,Successful,58.688385,47.676296,56.245035,36.777256,True,126461_29,53067
126461,1,29,1339.933,4220,354812,675,Pass,Successful,56.11095,35.347624,76.414275,25.993340000000003,True,126461_29,53067
126461,1,29,1341.767,4220,500534,677,Pass,Successful,77.469315,26.996883999999994,95.604705,26.099488,True,126461_29,53067
