game_id,period_id,episode_id,time_seconds,team_id,player_id,action_id,type_name,result_name,start_x,start_y,end_x,end_y,is_home,game_episode,phase
126456,1,18,1072.633,4643,408792,450,Pass_Freekick,Successful,29.83806,20.984120000000004,35.67858,17.915143999999998,True,126456_18,51634
126456,1,18,1073.568,4643,187253,452,Carry,,35.67858,17.915143999999998,39.335205,17.232016,True,126456_18,51634
126456,1,18,1075.4,4643,187253,453,Pass,Successful,39.335205,17.232016,57.78895500000001,10.220332,True,126456_18,51634
