game_id,period_id,episode_id,time_seconds,team_id,player_id,action_id,type_name,result_name,start_x,start_y,end_x,end_y,is_home,game_episode,phase
126458,2,53,483.5,4648,62365,1613,Pass_Freekick,Successful,45.39276,34.975732,41.429955,22.349288,True,126458_53,52272
126458,2,53,484.90100000000007,4648,500140,1615,Carry,,41.429955,22.349288,45.91293,20.131128000000004,True,126458_53,52272
126458,2,53,490.0329999999999,4648,500140,1616,Pass,Successful,45.91293,20.131128000000004,51.31728,13.36676,True,126458_53,52272
126458,2,53,491.8330000000001,4648,500139,1618,Pass,Successful,50.505945,13.495008,37.87581,21.309636,True,126458_53,52272
126458,2,53,495.2000000000003,4648,500140,1620,Pass,Successful,38.48103,19.930256,61.029045,1.316752000000008,True,126458_53,52272
