game_id,period_id,episode_id,time_seconds,team_id,player_id,action_id,type_name,result_name,start_x,start_y,end_x,end_y,is_home,game_episode,phase
126445,1,48,2975.512,4644,250055,1381,Throw-In,Successful,17.887380000000007,0.0,5.493400500000007,19.962828,False,126445_48,48468
126445,1,48,2979.234,4644,250060,1383,Pass,Successful,6.400852499999999,19.316216000000004,27.555360000000007,61.6433736,False,126445_48,48468
126445,1,48,2982.833,4644,62105,1385,Carry,,27.555360000000007,61.6433736,83.15202,47.425376,False,126445_48,48468
126445,1,48,2987.1330000000003,4639,345444,1386,Tackle,Unsuccessful,49.41573,14.230427999999996,49.41573,14.230427999999996,True,126445_48,48469
126445,1,48,2990.823,4644,62105,1387,Pass,Successful,83.15202,47.425376,97.97235,60.63798,False,126445_48,48470
