game_id,period_id,episode_id,time_seconds,team_id,player_id,action_id,type_name,result_name,start_x,start_y,end_x,end_y,is_home,game_episode,phase
126466,1,32,1829.867,4641,346037,980,Pass_Corner,Unsuccessful,105.0,68.0,100.808295,42.374608,False,126466_32,54640
126466,1,32,1830.9,4648,250101,981,Interception,,3.600345,25.926019999999998,3.600345,25.926019999999998,True,126466_32,54641
126466,1,32,1830.9,4648,250101,982,Clearance,,3.600345,25.926019999999998,24.74419499999999,5.562250399999996,True,126466_32,54641
126466,1,32,1833.533,4641,528608,983,Recovery,,80.25580500000001,62.4377496,105.0,57.133124,False,126466_32,54642
126466,1,32,1833.533,4641,528608,984,Pass,Unsuccessful,80.25580500000001,62.4377496,99.238251,33.970692,False,126466_32,54642
