game_id,period_id,episode_id,time_seconds,team_id,player_id,action_id,type_name,result_name,start_x,start_y,end_x,end_y,is_home,game_episode,phase
126433,2,65,2360.233,4648,500138,2620,Pass_Freekick,Successful,31.941315000000003,16.367464,41.41074,21.248572,False,126433_65,45233
126433,2,65,2362.233,4648,500142,2622,Pass,Successful,40.002375,19.932092000000004,23.665005000000008,18.946772000000003,False,126433_65,45233
126433,2,65,2364.9000000000005,4648,500138,2624,Pass,Successful,23.520524999999992,16.041947999999998,37.64628,1.6294160000000062,False,126433_65,45233
