game_id,period_id,episode_id,time_seconds,team_id,player_id,action_id,type_name,result_name,start_x,start_y,end_x,end_y,is_home,game_episode,phase
126428,2,50,1289.567,4643,85175,2115,Goal Kick,Unsuccessful,5.9181675,32.61892,58.346715,4.4510760000000005,True,126428_50,43860
126428,2,50,1293.567,4640,246410,2116,Duel,Successful,46.34532,61.5057008,46.34532,61.5057008,False,126428_50,43861
126428,2,50,1294.833,4640,532188,2117,Recovery,,58.99298999999999,55.149972,58.99298999999999,55.149972,False,126428_50,43861
126428,2,50,1295.3000000000002,4640,532188,2118,Pass,Successful,58.73889,56.314812,52.03338,56.809172,False,126428_50,43861
126428,2,50,1296.933,4640,146174,2120,Pass,Successful,52.03338,56.809172,57.63828,53.411756,False,126428_50,43861
126428,2,50,1298.4,4640,532188,2122,Pass,Unsuccessful,59.26242,53.690352,70.52367,68.0,False,126428_50,43861
