game_id,period_id,episode_id,time_seconds,team_id,player_id,action_id,type_name,result_name,start_x,start_y,end_x,end_y,is_home,game_episode,phase
126471,1,5,249.667,4643,187259,110,Pass_Freekick,Successful,61.85749499999999,15.006104,50.988735,36.833356,True,126471_5,56149
126471,1,5,253.067,4643,500115,112,Pass,Successful,51.62724,39.212608,59.09473499999999,47.791828,True,126471_5,56149
126471,1,5,254.7,4643,500502,114,Pass,Successful,59.09473499999999,47.791828,42.71715,48.615376,True,126471_5,56149
126471,1,5,256.934,4643,500115,116,Carry,,42.71715,48.615376,42.011025,43.623972,True,126471_5,56149
126471,1,5,258.767,4643,500115,117,Pass,Successful,42.011025,43.623972,41.462295,23.723023999999995,True,126471_5,56149
126471,1,5,260.034,4643,408792,119,Carry,,41.462295,23.723023999999995,45.102015,23.116192,True,126471_5,56149
126471,1,5,261.66700000000003,4643,408792,120,Pass,Successful,45.102015,23.116192,65.01285,1.065016,True,126471_5,56149
126471,1,5,263.568,4643,187259,122,Carry,,65.01285,1.065016,82.14654,1.6266959999999957,True,126471_5,56149
126471,1,5,267.133,4643,187259,123,Pass,Unsuccessful,82.14654,1.6266959999999957,88.22709,0.0,True,126471_5,56149
