game_id,period_id,episode_id,time_seconds,team_id,player_id,action_id,type_name,result_name,start_x,start_y,end_x,end_y,is_home,game_episode,phase
126408,2,55,1268.8670000000002,4648,250100,2071,Throw-In,Successful,37.34871000000001,68.0,23.430015,57.762736,False,126408_55,38349
126408,2,55,1270.334,4648,503227,2073,Carry,,23.430015,57.762736,27.362265000000008,52.3838,False,126408_55,38349
126408,2,55,1272.7670000000005,4648,503227,2074,Pass,Successful,27.362265000000008,52.3838,35.35066499999999,44.3462,False,126408_55,38349
126408,2,55,1273.901,4648,250101,2076,Carry,,35.35066499999999,44.3462,39.36260999999999,41.536848,False,126408_55,38349
126408,2,55,1275.5,4648,250101,2077,Pass,Unsuccessful,39.36260999999999,41.536848,64.35114,50.73004,False,126408_55,38349
