game_id,period_id,episode_id,time_seconds,team_id,player_id,action_id,type_name,result_name,start_x,start_y,end_x,end_y,is_home,game_episode,phase
126433,2,71,2756.1000000000004,4640,222332,2780,Goal Kick,Successful,4.8982920000000005,43.082080000000005,11.535825,38.26258,True,126433_71,45246
126433,2,71,2757.367,4640,261824,2782,Carry,,11.535825,38.26258,43.114575,34.70686,True,126433_71,45246
126433,2,71,2766.633,4640,261824,2783,Pass,Successful,43.114575,34.70686,50.343615,22.585316,True,126433_71,45246
126433,2,71,2767.9010000000007,4640,500430,2785,Carry,,50.343615,22.585316,54.12057,24.911324,True,126433_71,45246
126433,2,71,2771.067,4640,500430,2786,Pass,Unsuccessful,54.12057,24.911324,96.0730365,67.971032,True,126433_71,45246
