game_id,period_id,episode_id,time_seconds,team_id,player_id,action_id,type_name,result_name,start_x,start_y,end_x,end_y,is_home,game_episode,phase
126473,1,11,717.833,2353,526908,317,Pass_Freekick,Unsuccessful,63.356475,21.513908,90.055875,36.537284,True,126473_11,56747
126473,1,11,719.267,4648,62365,318,Interception,,15.576224999999994,32.987344,15.576224999999994,32.987344,False,126473_11,56748
126473,1,11,719.267,4648,62365,319,Clearance,,15.576224999999994,32.987344,31.150245,34.681428,False,126473_11,56748
126473,1,11,721.167,4648,77414,320,Recovery,,31.150245,34.681428,31.150245,34.681428,False,126473_11,56748
126473,1,11,721.168,4648,77414,321,Carry,,31.150245,34.681428,35.973315,38.196688,False,126473_11,56748
126473,1,11,722.5,4648,77414,322,Pass,Successful,35.973315,38.196688,35.74431,53.842604,False,126473_11,56748
126473,1,11,724.134,4648,500141,324,Carry,,35.74431,53.842604,47.927775,59.66184,False,126473_11,56748
126473,1,11,726.467,4648,500141,325,Pass,Unsuccessful,47.927775,59.66184,48.35439,59.211544,False,126473_11,56748
