game_id,period_id,episode_id,time_seconds,team_id,player_id,action_id,type_name,result_name,start_x,start_y,end_x,end_y,is_home,game_episode,phase
126436,2,75,3030.767,4641,250957,2997,Goal Kick,Successful,2.6945835,26.903248,20.098365,48.616736,True,126436_75,46104
126436,2,75,3032.534000000001,4641,145831,2999,Carry,,20.098365,48.616736,37.422945,54.785152,True,126436_75,46104
126436,2,75,3039.767,4641,145831,3000,Pass,Successful,37.422945,54.785152,67.699065,17.451451999999996,True,126436_75,46104
126436,2,75,3042.2340000000004,4641,529743,3002,Carry,,67.699065,17.451451999999996,65.66721,29.513156,True,126436_75,46104
126436,2,75,3045.71,4641,529743,3003,Pass,Successful,65.66721,29.513156,71.64654,40.74084,True,126436_75,46104
126436,2,75,3047.142,4641,250965,3005,Pass,Successful,70.64904,41.886912,65.16615,37.782364,True,126436_75,46104
126436,2,75,3049.092000000001,4641,500604,3007,Pass,Successful,65.605575,38.89056,76.80981,4.231775999999996,True,126436_75,46104
126436,2,75,3052.8,4641,500586,3009,Pass,Successful,75.6315,5.73648,98.12124,10.47506,True,126436_75,46104
