game_id,period_id,episode_id,time_seconds,team_id,player_id,action_id,type_name,result_name,start_x,start_y,end_x,end_y,is_home,game_episode,phase
126426,2,56,564.9670000000001,4639,77845,1829,Throw-In,Successful,19.360424999999992,68.0,21.116550000000004,59.954376,False,126426_56,43269
126426,2,56,567.6330000000003,4639,345446,1831,Pass,Unsuccessful,21.904470000000003,57.633604,23.75205,10.797584,False,126426_56,43269
126426,2,56,572.5999999999999,4657,528957,1832,Recovery,,81.3372,57.166444,70.22568,68.0,True,126426_56,43270
126426,2,56,572.5999999999999,4657,528957,1833,Pass,Unsuccessful,81.3372,57.166444,70.22568,68.0,True,126426_56,43270
