game_id,period_id,episode_id,time_seconds,team_id,player_id,action_id,type_name,result_name,start_x,start_y,end_x,end_y,is_home,game_episode,phase
126420,1,7,563.333,4640,103630,340,Goal Kick,Successful,5.058396000000002,34.23086,5.220715499999997,48.020784,False,126420_7,41624
126420,1,7,565.067,4640,246402,342,Pass,Successful,5.798572500000006,48.784764,17.722530000000006,65.50856160000001,False,126420_7,41624
126420,1,7,567.2330000000001,4640,246410,344,Pass,Successful,17.770094999999998,65.1422524,27.161505000000005,62.6017656,False,126420_7,41624
126420,1,7,568.867,4640,146174,346,Pass,Unsuccessful,27.161505000000005,62.6017656,28.393365000000003,63.1021368,False,126420_7,41624
