game_id,period_id,episode_id,time_seconds,team_id,player_id,action_id,type_name,result_name,start_x,start_y,end_x,end_y,is_home,game_episode,phase
126432,2,66,2227.967000000001,2353,500562,2434,Throw-In,Successful,74.853345,68.0,72.80658,53.36878,False,126432_66,44983
126432,2,66,2229.3010000000004,2353,500569,2436,Carry,,72.80658,53.36878,86.14703999999999,57.635984,False,126432_66,44983
126432,2,66,2232.567,2353,500569,2437,Pass,Successful,86.14703999999999,57.635984,91.53123,61.6520164,False,126432_66,44983
126432,2,66,2233.501,2353,500563,2439,Carry,,91.53123,61.6520164,94.652943,59.903716,False,126432_66,44983
126432,2,66,2236.3,4639,491801,2440,Intervention,,10.347057,8.096284000000004,10.347057,8.096284000000004,True,126432_66,44984
126432,2,66,2237.067,4639,491811,2441,Recovery,,10.2226845,10.722172,17.31387,14.486379999999995,True,126432_66,44984
126432,2,66,2237.067,4639,491811,2442,Pass,Successful,10.2226845,10.722172,17.31387,14.486379999999995,True,126432_66,44984
126432,2,66,2238.534000000001,4639,491802,2444,Carry,,17.31387,14.486379999999995,25.440870000000004,25.770776,True,126432_66,44984
126432,2,66,2240.267,2353,526918,2445,Intervention,,79.55913,42.229224,79.55913,42.229224,False,126432_66,44985
126432,2,66,2242.933,4639,142258,2446,Recovery,,10.379838,33.205556,10.379838,33.205556,True,126432_66,44986
126432,2,66,2242.934,4639,142258,2447,Carry,,10.379838,33.205556,14.21742,28.765632,True,126432_66,44986
126432,2,66,2244.767,4639,142258,2448,Pass,Unsuccessful,14.21742,28.765632,76.880055,20.126096000000004,True,126432_66,44986
