game_id,period_id,episode_id,time_seconds,team_id,player_id,action_id,type_name,result_name,start_x,start_y,end_x,end_y,is_home,game_episode,phase
126431,1,32,1825.633,4646,146188,918,Throw-In,Successful,96.969285,0.0,92.213415,2.9579999999999984,True,126431_32,44508
126431,1,32,1827.767,4646,356603,920,Pass,Successful,92.282715,0.7620080000000087,97.04562,0.4443119999999965,True,126431_32,44508
126431,1,32,1828.833,4646,146188,922,Pass,Unsuccessful,97.04562,0.4443119999999965,79.74918,0.0,True,126431_32,44508
