game_id,period_id,episode_id,time_seconds,team_id,player_id,action_id,type_name,result_name,start_x,start_y,end_x,end_y,is_home,game_episode,phase
126332,2,62,1578.88,4220,500547,2209,Pass,Successful,43.60146,9.270780000000002,37.389555,24.790555999999995,False,126332_62,126332_166
126332,2,62,1584.0,4648,500139,2214,Block,,45.63468,27.981796000000003,45.63468,27.981796000000003,True,126332_62,126332_167
126332,2,62,1586.375,4648,62386,2215,Recovery,,39.90777,17.985388,39.90777,17.985388,True,126332_62,126332_167
