game_id,period_id,episode_id,time_seconds,team_id,player_id,action_id,type_name,result_name,start_x,start_y,end_x,end_y,is_home,game_episode,phase
126332,1,13,657.826,4220,354812,387,Interception,,69.54129,9.883664000000003,72.26247,24.05466,False,126332_13,126332_8
126332,1,13,676.0360000000001,4220,500552,400,Pass,Unsuccessful,19.088580000000007,33.267096,48.19437,33.777708,False,126332_13,126332_8
126332,1,13,681.067,4648,500142,403,Pass,Unsuccessful,56.80563,34.222292,58.95876,34.750312,True,126332_13,126332_9
126332,1,13,701.02,4220,500547,417,Pass,Successful,42.89061,24.417372,45.849405,3.8847039999999993,False,126332_13,126332_10
126332,1,13,708.179,4220,500534,422,Cross,Unsuccessful,91.45038,3.063671999999997,90.935565,56.700372,False,126332_13,126332_10
126332,1,13,712.633,4220,500535,424,Pass,Successful,90.935565,56.700372,82.29564,58.247644,False,126332_13,126332_10
