game_id,period_id,episode_id,time_seconds,team_id,player_id,action_id,type_name,result_name,start_x,start_y,end_x,end_y,is_home,game_episode,phase
126332,2,68,1852.964,4220,500547,2340,Pass,Successful,51.725835,20.282088,67.391835,3.047352000000004,False,126332_68,126332_176
126332,2,68,1855.633,4220,354816,2342,Pass,Successful,66.69978,2.702387999999999,52.283385,6.516984000000001,False,126332_68,126332_176
126332,2,68,1872.562,4220,500530,2361,Pass,Successful,72.66650999999999,59.246836,79.779945,66.1913904,False,126332_68,126332_176
126332,2,68,1903.9660000000003,4648,250079,2391,Pass,Successful,9.225499500000002,21.937072,26.345550000000003,25.424588,True,126332_68,126332_181
