game_id,period_id,episode_id,time_seconds,team_id,player_id,action_id,type_name,result_name,start_x,start_y,end_x,end_y,is_home,game_episode,phase
126332,2,78,2600.6800000000003,4220,287282,2784,Pass,Successful,87.01035,3.320576000000002,73.4811,15.904180000000004,False,126332_78,126332_218
126332,2,78,2611.567,4220,500530,2795,Pass,Successful,68.204325,66.211634,36.98016,56.313316,False,126332_78,126332_218
