game_id,period_id,episode_id,time_seconds,team_id,player_id,action_id,type_name,result_name,start_x,start_y,end_x,end_y,is_home,game_episode,phase
126378,1,16,1180.81,316,161110,592,Pass_Freekick,Unsuccessful,80.00212499999999,58.772672,99.790215,33.541068,True,126378_16,126378_17
126378,1,16,1228.265,4648,145703,619,Carry,,37.29789,46.508124,51.34542,54.647996,False,126378_16,126378_18
126378,1,16,1318.433,4648,250101,664,Pass,Successful,72.83745,10.017964,64.155945,23.770284,False,126378_16,126378_18
126378,1,16,1325.833,4648,250102,670,Pass,Successful,80.43735000000001,25.103832,85.31271,17.859248,False,126378_16,126378_18
