game_id,period_id,episode_id,time_seconds,team_id,player_id,action_id,type_name,result_name,start_x,start_y,end_x,end_y,is_home,game_episode,phase
126378,2,79,2987.7,316,248886,2740,Pass,Successful,72.53442,60.400592,81.05559000000001,65.7408564,True,126378_79,126378_195
126378,2,79,3046.433,316,344468,2759,Pass,Successful,71.13162,60.85082,82.612005,67.34253316,True,126378_79,126378_197
126378,2,79,3050.2,316,188267,2762,Pass,Unsuccessful,81.02955,61.8516236,105.0,38.273324,True,126378_79,126378_197
