game_id,period_id,episode_id,time_seconds,team_id,player_id,action_id,type_name,result_name,start_x,start_y,end_x,end_y,is_home,game_episode,phase
126378,2,44,549.0,4648,250100,1706,Interception,,9.109432499999995,63.892698,9.109432499999995,63.892698,False,126378_44,126378_88
126378,2,44,560.2000000000003,316,407441,1712,Pass,Successful,69.84012,1.316276000000002,78.192345,1.809480000000008,True,126378_44,126378_89
126378,2,44,564.7000000000003,316,161110,1718,Pass,Successful,64.759905,10.377752,76.02566999999999,2.779432,True,126378_44,126378_89
