game_id,period_id,episode_id,time_seconds,team_id,player_id,action_id,type_name,result_name,start_x,start_y,end_x,end_y,is_home,game_episode,phase
126378,2,45,598.0329999999999,4648,145703,1734,Pass,Successful,40.51362,50.8827,33.29161500000001,33.319115999999994,False,126378_45,126378_90
126378,2,45,622.1340000000002,4648,250100,1753,Carry,,92.236095,57.232948,85.52218500000001,60.898692,False,126378_45,126378_90
126378,2,45,635.8010000000002,4648,145703,1763,Carry,,62.760075,47.033356,69.052305,49.227512,False,126378_45,126378_90
126378,2,45,647.3330000000001,316,407441,1770,Recovery,,3.513762,26.873736,3.513762,26.873736,True,126378_45,126378_91
126378,2,45,647.7330000000002,316,407441,1771,Pass,Successful,3.071838,26.75426,5.793480000000001,16.860259999999997,True,126378_45,126378_91
