game_id,period_id,episode_id,time_seconds,team_id,player_id,action_id,type_name,result_name,start_x,start_y,end_x,end_y,is_home,game_episode,phase
126353,2,56,1095.8830000000005,2354,82938,1899,Duel,Successful,84.912135,12.086727999999994,84.912135,12.086727999999994,True,126353_56,126353_154
126353,2,56,1109.143,2354,250036,1911,Pass,Successful,47.15613,27.75692,54.440715,38.8586,True,126353_56,126353_156
126353,2,56,1122.9540000000002,2354,250037,1920,Pass,Successful,68.3844,58.052076,70.183995,60.619416,True,126353_56,126353_156
126353,2,56,1125.1840000000002,2354,344559,1924,Pass,Unsuccessful,73.40675999999999,66.090526,91.77189,64.6889372,True,126353_56,126353_156
