game_id,period_id,episode_id,time_seconds,team_id,player_id,action_id,type_name,result_name,start_x,start_y,end_x,end_y,is_home,game_episode,phase
126353,1,20,1838.021,2354,215806,829,Pass,Successful,50.48169,6.333995999999999,40.399065,20.560888,True,126353_20,126353_46
126353,1,20,1841.662,2354,61981,832,Pass,Successful,41.719965,23.844676,39.365025,53.480436,True,126353_20,126353_46
126353,1,20,1855.305,2354,358583,842,Pass,Successful,65.53512,64.5565684,71.54111999999999,53.8611,True,126353_20,126353_48
