game_id,period_id,episode_id,time_seconds,team_id,player_id,action_id,type_name,result_name,start_x,start_y,end_x,end_y,is_home,game_episode,phase
126353,2,81,2878.601000000001,2353,356612,2659,Carry,,28.82082,30.943536,49.3731,31.190172,False,126353_81,126353_249
126353,2,81,2883.8,2353,356612,2660,Pass,Successful,49.3731,31.190172,51.016665,37.250332,False,126353_81,126353_249
