game_id,period_id,episode_id,time_seconds,team_id,player_id,action_id,type_name,result_name,start_x,start_y,end_x,end_y,is_home,game_episode,phase
126434,1,17,935.5,4643,500502,537,Pass,Successful,59.68178999999999,10.526196,64.52911499999999,1.1472279999999984,False,126434_17,126434_20
126434,1,17,940.167,4643,187259,540,Pass,Successful,55.5681,3.165127999999996,41.967765,11.899319999999996,False,126434_17,126434_20
126434,1,17,957.067,4643,187253,553,Pass,Successful,46.392255,19.006408,34.643699999999995,16.965388000000004,False,126434_17,126434_20
126434,1,17,961.495,4643,145673,558,Carry,,35.32452000000001,40.83502,38.14671,42.355772,False,126434_17,126434_20
126434,1,17,966.1,4643,500115,563,Pass,Successful,51.86601,53.54966,85.94344500000001,53.427056,False,126434_17,126434_20
