game_id,period_id,episode_id,time_seconds,team_id,player_id,action_id,type_name,result_name,start_x,start_y,end_x,end_y,is_home,game_episode,phase
126434,2,76,2521.8680000000004,2353,500562,2310,Carry,,50.4,28.400404,60.61692000000001,26.160892000000004,True,126434_76,126434_185
126434,2,76,2553.3680000000004,4643,500115,2341,Carry,,14.44023,60.574264,15.070125000000004,64.3476724,False,126434_76,126434_188
126434,2,76,2579.9540000000006,2353,526909,2358,Carry,,41.07201,57.103272,38.731245,52.355716,True,126434_76,126434_189
126434,2,76,2592.6680000000006,2353,500563,2366,Carry,,74.30808,28.312344000000003,71.520855,30.775168,True,126434_76,126434_189
126434,2,76,2620.467000000001,4643,187794,2388,Interception,,0.8102240999999992,60.9807,0.8102240999999992,60.9807,False,126434_76,126434_192
126434,2,76,2641.467000000001,4643,85175,2402,Pass,Successful,13.623540000000006,37.123444,22.504545000000007,11.482548,False,126434_76,126434_192
