game_id,period_id,episode_id,time_seconds,team_id,player_id,action_id,type_name,result_name,start_x,start_y,end_x,end_y,is_home,game_episode,phase
126434,1,11,555.033,4643,500502,327,Pass,Successful,55.882995,25.60846,44.39421,20.954812,False,126434_11,126434_6
126434,1,11,579.114,2353,500562,343,Pass,Unsuccessful,2.333478,54.336964,26.07969,37.755300000000005,True,126434_11,126434_7
126434,1,11,582.167,2353,500581,346,Tackle,Successful,20.64321,32.493120000000005,20.64321,32.493120000000005,True,126434_11,126434_9
126434,1,11,587.067,4643,500502,352,Tackle,Successful,60.640755,35.180072,60.640755,35.180072,False,126434_11,126434_10
126434,1,11,600.2,4643,145673,361,Pass,Successful,42.867825,46.272096000000005,47.10783,47.474948,False,126434_11,126434_10
126434,1,11,605.933,4643,500115,363,Pass,Successful,47.156235,47.872884,43.23354,38.152692,False,126434_11,126434_10
126434,1,11,610.175,4643,500115,367,Carry,,48.016605,48.701260000000005,51.18414,50.89222,False,126434_11,126434_10
126434,1,11,618.367,4643,500502,373,Pass,Successful,49.44534,26.094524,59.945130000000006,2.568088000000003,False,126434_11,126434_10
126434,1,11,635.467,4643,408792,386,Pass,Successful,44.681070000000005,26.476072,41.85027,40.944092,False,126434_11,126434_10
