game_id,period_id,episode_id,time_seconds,team_id,player_id,action_id,type_name,result_name,start_x,start_y,end_x,end_y,is_home,game_episode,phase
126434,2,42,82.5,4643,187259,1472,Throw-In,Successful,81.479265,0.0,61.542285,7.326048,False,126434_42,126434_88
126434,2,42,84.80100000000019,4643,408792,1474,Carry,,61.542285,7.326048,59.55495,10.3598,False,126434_42,126434_88
126434,2,42,85.90000000000009,4643,408792,1475,Pass,Successful,59.55495,10.3598,55.265595,33.930299999999995,False,126434_42,126434_88
126434,2,42,88.24000000000004,4643,145673,1477,Carry,,55.265595,33.930299999999995,56.015295,37.00492,False,126434_42,126434_88
126434,2,42,89.4670000000001,4643,145673,1478,Pass,Successful,56.015295,37.00492,59.75193,47.8159,False,126434_42,126434_88
126434,2,42,91.20000000000029,4643,500115,1480,Pass,Successful,59.18115,47.344524,68.97240000000001,66.8201796,False,126434_42,126434_88
