game_id,period_id,episode_id,time_seconds,team_id,player_id,action_id,type_name,result_name,start_x,start_y,end_x,end_y,is_home,game_episode,phase
126434,1,32,2570.933,4643,500502,1237,Pass,Successful,57.94991999999999,3.5244399999999985,41.55606,26.5047,False,126434_32,126434_70
126434,1,32,2573.5950000000003,4643,145673,1239,Carry,,41.55606,26.5047,45.507945,32.073424,False,126434_32,126434_70
126434,1,32,2593.733,4643,408792,1257,Pass,Successful,65.579745,4.453251999999999,72.61023,9.502592,False,126434_32,126434_70
