game_id,period_id,episode_id,time_seconds,team_id,player_id,action_id,type_name,result_name,start_x,start_y,end_x,end_y,is_home,game_episode,phase
126395,1,26,2463.733,4643,187259,1120,Tackle,Unsuccessful,36.30228,2.185860000000005,36.30228,2.185860000000005,False,126395_26,126395_73
126395,1,26,2467.733,4643,500118,1125,Pass,Successful,29.461110000000005,12.283044000000004,32.83707000000001,3.9176159999999953,False,126395_26,126395_75
126395,1,26,2468.954,4643,187259,1127,Carry,,32.83707000000001,3.9176159999999953,36.65812500000001,3.8221440000000086,False,126395_26,126395_75
126395,1,26,2471.063,4643,410634,1130,Carry,,49.16835,17.319668,56.851305,24.458240000000004,False,126395_26,126395_75
126395,1,26,2482.767,316,188266,1139,Pass,Successful,69.07267499999999,0.238203999999996,58.72041,4.152760000000001,True,126395_26,126395_76
