game_id,period_id,episode_id,time_seconds,team_id,player_id,action_id,type_name,result_name,start_x,start_y,end_x,end_y,is_home,game_episode,phase
126395,2,42,371.86800000000017,316,188266,1664,Carry,,90.51504,7.259543999999998,98.54817,11.891363999999996,True,126395_42,126395_126
126395,2,42,377.8000000000002,316,188266,1667,Pass,Successful,94.44477,15.515355999999995,87.62050500000001,23.054312,True,126395_42,126395_126
126395,2,42,379.5999999999999,4643,187722,1670,Block,,15.452534999999996,41.512164,15.452534999999996,41.512164,False,126395_42,126395_127
