game_id,period_id,episode_id,time_seconds,team_id,player_id,action_id,type_name,result_name,start_x,start_y,end_x,end_y,is_home,game_episode,phase
126395,1,19,1432.4,316,500126,682,Recovery,,66.36420000000001,8.425335999999994,66.36420000000001,8.425335999999994,True,126395_19,126395_40
126395,1,19,1442.933,316,248886,692,Recovery,,14.52507,19.746520000000004,14.52507,19.746520000000004,True,126395_19,126395_42
126395,1,19,1516.534,316,344467,744,Carry,,12.658065,28.160568,22.05462,30.179216,True,126395_19,126395_42
126395,1,19,1536.133,316,344467,757,Pass,Successful,28.44786,30.634136,24.543855,48.603816,True,126395_19,126395_42
126395,1,19,1588.533,316,500129,799,Pass,Successful,64.3062,40.895472,64.03509,59.966412,True,126395_19,126395_48
126395,1,19,1595.868,316,500129,807,Carry,,70.51674,60.45268,73.682595,49.169168,True,126395_19,126395_48
126395,1,19,1606.333,316,248886,813,Pass,Successful,61.296375000000005,50.168972,74.48637,66.5742168,True,126395_19,126395_48
