game_id,period_id,episode_id,time_seconds,team_id,player_id,action_id,type_name,result_name,start_x,start_y,end_x,end_y,is_home,game_episode,phase
126431,1,5,181.601,4646,500452,88,Carry,,41.491275,47.560764000000006,40.642875,41.475716000000006,True,126431_5,126431_115
126431,1,5,201.233,4646,250141,101,Pass,Successful,50.177295,31.102384,49.755405,10.906859999999996,True,126431_5,126431_115
126431,1,5,243.433,316,62013,135,Interception,,44.893905,6.703507999999999,51.84018,7.23554,False,126431_5,126431_118
126431,1,5,244.167,316,344468,138,Pass,Successful,51.84018,7.23554,50.094345,20.24122,False,126431_5,126431_118
126431,1,5,305.933,4646,356603,186,Pass,Unsuccessful,51.731925,5.152972000000005,56.83713,12.264004,True,126431_5,126431_123
