game_id,period_id,episode_id,time_seconds,team_id,player_id,action_id,type_name,result_name,start_x,start_y,end_x,end_y,is_home,game_episode,phase
126431,2,75,1583.3999999999996,316,500129,2110,Tackle,Unsuccessful,53.869200000000006,33.027736,53.869200000000006,33.027736,False,126431_75,126431_218
126431,2,75,1583.433,4646,250141,2112,Pass,Successful,50.203965,35.060188000000004,36.88419,35.189048,True,126431_75,126431_219
126431,2,75,1597.8330000000003,4646,356596,2125,Pass,Successful,50.166585,12.855876000000002,58.43229,13.904776000000004,True,126431_75,126431_219
126431,2,75,1630.1999999999998,4646,356604,2152,Pass,Successful,39.89748,8.341152000000001,30.28494,19.21476,True,126431_75,126431_221
