game_id,period_id,episode_id,time_seconds,team_id,player_id,action_id,type_name,result_name,start_x,start_y,end_x,end_y,is_home,game_episode,phase
126422,2,51,617.6330000000003,4643,187253,1829,Pass,Unsuccessful,72.83419500000001,52.787856000000005,86.82093,56.48896,True,126422_51,126422_133
126422,2,51,618.7330000000002,4641,500586,1830,Interception,,18.377205000000004,11.003555999999996,18.377205000000004,11.003555999999996,False,126422_51,126422_134
