game_id,period_id,episode_id,time_seconds,team_id,player_id,action_id,type_name,result_name,start_x,start_y,end_x,end_y,is_home,game_episode,phase
126422,2,80,2629.534000000001,4641,215816,2925,Carry,,79.16559000000001,28.309216,85.63842,30.96924,False,126422_80,126422_236
126422,2,80,2631.6670000000004,4643,500119,2929,Recovery,,14.567385,42.552768,14.567385,42.552768,True,126422_80,126422_237
126422,2,80,2631.6680000000006,4643,500119,2930,Carry,,14.567385,42.552768,13.419945,46.793044,True,126422_80,126422_237
