game_id,period_id,episode_id,time_seconds,team_id,player_id,action_id,type_name,result_name,start_x,start_y,end_x,end_y,is_home,game_episode,phase
126387,2,93,2826.709,4643,187259,2729,Interception,,13.778625000000002,2.853347999999997,13.778625000000002,2.853347999999997,True,126387_93,126387_264
126387,2,93,2828.736,4643,500119,2732,Pass,Successful,6.5289735,12.016347999999994,2.2125705,27.397132,True,126387_93,126387_264
