game_id,period_id,episode_id,time_seconds,team_id,player_id,action_id,type_name,result_name,start_x,start_y,end_x,end_y,is_home,game_episode,phase
126387,1,35,2264.806,4643,145673,1032,Carry,,37.477335,49.064924,37.419795,43.953092,True,126387_35,126387_76
126387,1,35,2274.1340000000005,4643,408792,1040,Carry,,45.167115,11.261072,45.580815,17.637568,True,126387_35,126387_76
126387,1,35,2309.501,4643,408792,1063,Carry,,12.242055,13.744500000000002,19.88406,14.737843999999996,True,126387_35,126387_78
126387,1,35,2335.654,4643,145673,1075,Pass,Successful,25.878195,45.775832,28.97034,56.9687,True,126387_35,126387_78
126387,1,35,2338.8340000000003,4643,500117,1079,Carry,,41.587455,66.1563568,37.59525,67.0928324,True,126387_35,126387_78
