game_id,period_id,episode_id,time_seconds,team_id,player_id,action_id,type_name,result_name,start_x,start_y,end_x,end_y,is_home,game_episode,phase
126387,1,37,2493.978,4643,145673,1121,Pass,Successful,31.34271,39.864932,33.91962,17.696931999999997,True,126387_37,126387_80
126387,1,37,2512.268,2353,500583,1136,Carry,,59.992485,48.371188,64.628025,52.176536,False,126387_37,126387_81
126387,1,37,2514.9680000000003,2353,500580,1139,Carry,,72.75219,66.8828212,78.08808,62.3591212,False,126387_37,126387_81
