game_id,period_id,episode_id,time_seconds,team_id,player_id,action_id,type_name,result_name,start_x,start_y,end_x,end_y,is_home,game_episode,phase
126387,2,96,2944.4570000000003,4643,408792,2760,Pass,Unsuccessful,73.21923,43.410792,87.159345,38.160172,True,126387_96,126387_270
126387,2,96,2976.429,4643,500119,2785,Pass,Successful,75.129495,9.439624000000002,84.57277500000001,8.460424000000003,True,126387_96,126387_274
