game_id,period_id,episode_id,time_seconds,team_id,player_id,action_id,type_name,result_name,start_x,start_y,end_x,end_y,is_home,game_episode,phase
126387,1,40,2607.625,4643,145673,1168,Pass,Successful,27.35292,67.4921828,19.597725,44.137032,True,126387_40,126387_94
126387,1,40,2607.625,4643,145673,1167,Recovery,,27.35292,67.4921828,19.597725,44.137032,True,126387_40,126387_94
126387,1,40,2634.41,4643,187259,1182,Pass,Unsuccessful,54.834675,4.334727999999998,68.34723,0.0,True,126387_40,126387_96
