game_id,period_id,episode_id,time_seconds,team_id,player_id,action_id,type_name,result_name,start_x,start_y,end_x,end_y,is_home,game_episode,phase
126387,2,72,1642.5,2353,526921,2161,Pass,Successful,91.71372,65.2234308,86.28963,66.12031,False,126387_72,126387_215
126387,2,72,1643.6329999999998,2353,500562,2163,Pass,Successful,86.384655,65.5337352,84.29127,57.868544,False,126387_72,126387_215
126387,2,72,1648.7669999999998,4643,145673,2171,Block,,12.919935,24.175156,12.919935,24.175156,True,126387_72,126387_216
126387,2,72,1649.7669999999998,4643,187722,2173,Clearance,,17.7261,23.307544,24.019485,30.967064,True,126387_72,126387_216
126387,2,72,1651.9419999999998,4643,500117,2175,Carry,,24.019485,30.967064,29.517495,41.451236,True,126387_72,126387_216
