game_id,period_id,episode_id,time_seconds,team_id,player_id,action_id,type_name,result_name,start_x,start_y,end_x,end_y,is_home,game_episode,phase
126387,1,16,1023.2,2353,356626,478,Goal Kick,Successful,4.928962499999997,29.439172,5.594400000000007,55.10108,False,126387_16,126387_19
126387,1,16,1027.267,2353,526909,480,Pass,Successful,4.811772000000005,54.030624,2.251651499999994,34.790228,False,126387_16,126387_19
126387,1,16,1028.734,2353,356626,482,Carry,,2.251651499999994,34.790228,4.354664999999997,26.906240000000004,False,126387_16,126387_19
126387,1,16,1030.567,2353,356626,483,Pass,Unsuccessful,4.354664999999997,26.906240000000004,75.075735,4.521456000000001,False,126387_16,126387_19
