game_id,period_id,episode_id,time_seconds,team_id,player_id,action_id,type_name,result_name,start_x,start_y,end_x,end_y,is_home,game_episode,phase
126381,1,7,299.467,4220,354812,109,Pass,Successful,34.39936499999999,34.752624000000004,39.432225,29.822624,False,126381_7,126381_187
126381,1,7,319.801,4220,252489,129,Carry,,52.04052,47.737496,52.71693,59.50748,False,126381_7,126381_189
126381,1,7,326.533,4643,500121,136,Interception,,23.797515,2.201635999999993,23.797515,2.201635999999993,True,126381_7,126381_190
