game_id,period_id,episode_id,time_seconds,team_id,player_id,action_id,type_name,result_name,start_x,start_y,end_x,end_y,is_home,game_episode,phase
126381,1,26,1337.167,4643,343587,589,Clearance,,36.64584,40.969456,28.150395000000003,26.134712,True,126381_26,126381_28
126381,1,26,1339.8,4220,500530,592,Pass,Successful,73.496535,43.809748,76.95261,52.550808,False,126381_26,126381_29
