game_id,period_id,episode_id,time_seconds,team_id,player_id,action_id,type_name,result_name,start_x,start_y,end_x,end_y,is_home,game_episode,phase
126381,1,47,2827.9010000000003,4220,500534,1304,Carry,,74.655945,25.056844,75.624045,10.336272,False,126381_47,126381_103
126381,1,47,2837.7680000000005,4220,500554,1309,Carry,,64.91981999999999,9.913856000000004,61.104435,12.063131999999996,False,126381_47,126381_103
126381,1,47,2843.333,4643,343587,1315,Tackle,Unsuccessful,35.199675,49.526576,35.199675,49.526576,True,126381_47,126381_104
126381,1,47,2856.2670000000003,4643,187794,1329,Interception,,20.49873,44.1983,20.49873,44.1983,True,126381_47,126381_106
126381,1,47,2856.2670000000003,4643,187794,1328,Tackle,Successful,20.49873,44.1983,20.49873,44.1983,True,126381_47,126381_106
126381,1,47,2858.8,4643,187794,1331,Pass,Successful,27.629385000000003,51.748884,75.43273500000001,56.282376,True,126381_47,126381_106
126381,1,47,2874.8680000000004,4643,500118,1340,Carry,,72.421755,24.33618,76.26528,22.050156,True,126381_47,126381_106
