game_id,period_id,episode_id,time_seconds,team_id,player_id,action_id,type_name,result_name,start_x,start_y,end_x,end_y,is_home,game_episode,phase
126381,2,69,1524.1010000000003,4643,187722,2060,Carry,,31.73163,57.675288,26.896485,56.18194,True,126381_69,126381_176
126381,2,69,1554.3000000000002,4220,354809,2080,Recovery,,79.055445,51.548556,91.523985,56.305156,False,126381_69,126381_179
126381,2,69,1570.2330000000002,4220,354812,2094,Pass,Unsuccessful,88.369785,43.459684,83.92944,34.555423999999995,False,126381_69,126381_181
126381,2,69,1572.6339999999998,4643,500117,2098,Carry,,26.26512,24.188008,37.67988,13.321132000000006,True,126381_69,126381_182
126381,2,69,1576.067,4643,500117,2099,Pass,Unsuccessful,37.67988,13.321132000000006,43.19238000000001,7.531748,True,126381_69,126381_182
126381,2,69,1584.433,4220,215699,2106,Pass,Successful,33.635490000000004,58.951376,45.64938,55.091696,False,126381_69,126381_183
126381,2,69,1616.8000000000002,4643,187794,2128,Clearance,,24.14475,58.179576,52.534755,36.478804,True,126381_69,126381_184
126381,2,69,1623.2669999999998,4220,500527,2131,Pass,Unsuccessful,58.250115,35.101532,74.906265,21.748372000000003,False,126381_69,126381_185
