game_id,period_id,episode_id,time_seconds,team_id,player_id,action_id,type_name,result_name,start_x,start_y,end_x,end_y,is_home,game_episode,phase
126446,1,48,2805.568,4646,500452,1318,Carry,,14.689395,13.651272,17.002755,9.799956000000002,True,126446_48,126446_147
126446,1,48,2806.833,4646,500452,1319,Pass,Unsuccessful,17.002755,9.799956000000002,44.972865,12.325340000000004,True,126446_48,126446_147
126446,1,48,2809.177,4640,533476,1320,Duel,Successful,53.41854,59.16578,53.41854,59.16578,False,126446_48,126446_148
