game_id,period_id,episode_id,time_seconds,team_id,player_id,action_id,type_name,result_name,start_x,start_y,end_x,end_y,is_home,game_episode,phase
126335,2,84,2455.967000000001,4644,62114,2316,Pass,Successful,52.292835,35.73774,44.893485000000005,34.03876,False,126335_84,126335_246
126335,2,84,2487.933,4644,62105,2343,Tackle,Unsuccessful,56.166495000000005,3.895448000000002,56.166495000000005,3.895448000000002,False,126335_84,126335_248
