game_id,period_id,episode_id,time_seconds,team_id,player_id,action_id,type_name,result_name,start_x,start_y,end_x,end_y,is_home,game_episode,phase
126335,2,59,859.7330000000002,4640,246403,1748,Error,,96.64935,28.603112,96.64935,28.603112,True,126335_59,126335_171
126335,2,59,860.4000000000001,4644,62105,1749,Recovery,,6.104920500000006,31.99026,6.104920500000006,31.99026,False,126335_59,126335_172
