game_id,period_id,episode_id,time_seconds,team_id,player_id,action_id,type_name,result_name,start_x,start_y,end_x,end_y,is_home,game_episode,phase
126335,2,89,2966.3340000000007,4644,342719,2624,Carry,,11.696579999999996,36.71762,28.258965000000003,37.314116,False,126335_89,126335_280
126335,2,89,2976.068,4644,62114,2632,Carry,,75.10104,19.238424,85.141875,25.937172000000004,False,126335_89,126335_280
