game_id,period_id,episode_id,time_seconds,team_id,player_id,action_id,type_name,result_name,start_x,start_y,end_x,end_y,is_home,game_episode,phase
126335,2,58,785.4000000000001,4644,500520,1691,Interception,,37.915605,41.631776,37.915605,41.631776,False,126335_58,126335_162
126335,2,58,803.2670000000003,4644,500520,1703,Pass,Successful,28.6797,47.446592,19.22802,32.797148,False,126335_58,126335_162
126335,2,58,810.567,4644,62086,1708,Pass,Successful,33.2136,17.150552000000005,42.635775,1.866736000000003,False,126335_58,126335_162
