game_id,period_id,episode_id,time_seconds,team_id,player_id,action_id,type_name,result_name,start_x,start_y,end_x,end_y,is_home,game_episode,phase
126335,1,36,2506.1330000000003,4640,500430,1213,Pass_Freekick,Unsuccessful,67.575375,1.236376000000007,88.94823000000001,43.76072,True,126335_36,126335_107
126335,1,36,2509.9,4644,62098,1216,Pass,Successful,26.872860000000003,26.532920000000004,26.414010000000005,6.8476,False,126335_36,126335_108
126335,1,36,2513.101,4644,342719,1218,Carry,,26.414010000000005,6.8476,40.09613999999999,3.238364000000004,False,126335_36,126335_108
126335,1,36,2555.6330000000003,4640,246403,1240,Pass,Successful,28.954275,15.414648000000009,30.996735,25.776556,True,126335_36,126335_111
