game_id,period_id,episode_id,time_seconds,team_id,player_id,action_id,type_name,result_name,start_x,start_y,end_x,end_y,is_home,game_episode,phase
126430,2,77,3120.233,4657,250167,2653,Pass_Freekick,Unsuccessful,24.924585000000008,27.906044,76.27294499999999,42.289948,False,126430_77,126430_238
126430,2,77,3123.5330000000004,4644,62086,2654,Duel,Successful,28.95543,26.028904,28.95543,26.028904,True,126430_77,126430_239
126430,2,77,3125.067,4644,62114,2655,Recovery,,41.21838,24.967356,35.652120000000004,25.164488,True,126430_77,126430_239
126430,2,77,3125.067,4644,62114,2656,Pass,Successful,41.21838,24.967356,35.652120000000004,25.164488,True,126430_77,126430_239
126430,2,77,3126.267,4644,187277,2658,Pass,Unsuccessful,35.652120000000004,25.164488,66.30330000000001,68.0,True,126430_77,126430_239
