game_id,period_id,episode_id,time_seconds,team_id,player_id,action_id,type_name,result_name,start_x,start_y,end_x,end_y,is_home,game_episode,phase
126430,2,55,1723.6999999999998,4644,250060,2039,Goal Kick,Unsuccessful,4.863747,28.666964,56.56371,9.409636,True,126430_55,126430_175
126430,2,55,1727.1000000000004,4657,62633,2040,Duel,Successful,47.36655,59.281516,47.36655,59.281516,False,126430_55,126430_176
126430,2,55,1728.4000000000003,4644,62086,2041,Duel,Successful,44.423505,17.965531999999996,44.423505,17.965531999999996,True,126430_55,126430_177
126430,2,55,1730.4000000000003,4657,532191,2042,Recovery,,59.53689,48.108368,59.53689,48.108368,False,126430_55,126430_178
126430,2,55,1730.4010000000003,4657,532191,2043,Carry,,59.53689,48.108368,63.29673,50.159724,False,126430_55,126430_178
126430,2,55,1731.1999999999998,4644,62086,2044,Intervention,,41.70327,17.840275999999996,41.70327,17.840275999999996,True,126430_55,126430_179
126430,2,55,1734.8330000000003,4644,529335,2045,Recovery,,31.340820000000004,40.998288,31.340820000000004,40.998288,True,126430_55,126430_179
126430,2,55,1734.8340000000003,4644,529335,2046,Carry,,31.340820000000004,40.998288,41.475315,48.89608,True,126430_55,126430_179
126430,2,55,1737.4669999999996,4644,529335,2047,Pass,Successful,41.475315,48.89608,62.116215,67.2771192,True,126430_55,126430_179
