game_id,period_id,episode_id,time_seconds,team_id,player_id,action_id,type_name,result_name,start_x,start_y,end_x,end_y,is_home,game_episode,phase
126430,2,69,2588.5,4657,527810,2413,Pass_Freekick,Successful,59.655645,22.067496,54.50865,29.778084,False,126430_69,126430_216
126430,2,69,2590.099,4657,287281,2415,Carry,,54.50865,29.778084,62.740125,32.524944,False,126430_69,126430_216
126430,2,69,2592.4000000000005,4657,287281,2416,Pass,Successful,62.740125,32.524944,82.22487,64.0697224,False,126430_69,126430_216
126430,2,69,2594.768,4657,528956,2418,Carry,,82.22487,64.0697224,85.494465,64.4792728,False,126430_69,126430_216
126430,2,69,2596.7,4657,528956,2419,Cross,Unsuccessful,85.494465,64.4792728,98.634585,2.633096000000009,False,126430_69,126430_216
126430,2,69,2602.8,4657,530666,2420,Recovery,,98.634585,2.633096000000009,98.634585,2.633096000000009,False,126430_69,126430_216
126430,2,69,2606.5330000000004,4657,530666,2421,Pass,Successful,98.220465,5.255516,83.05709999999999,5.951904000000006,False,126430_69,126430_216
126430,2,69,2609.366,4657,527810,2423,Pass,Successful,83.69676,6.487608000000002,77.4459,19.007156,False,126430_69,126430_216
126430,2,69,2611.233,4657,287281,2425,Pass,Unsuccessful,78.29493000000001,19.130916,92.714265,31.319576000000005,False,126430_69,126430_216
