game_id,period_id,episode_id,time_seconds,team_id,player_id,action_id,type_name,result_name,start_x,start_y,end_x,end_y,is_home,game_episode,phase
126322,1,13,497.178,2353,356610,209,Pass,Successful,30.935730000000007,4.881855999999999,20.07033,28.335124,False,126322_13,126322_44
126322,1,13,497.178,2353,356610,208,Recovery,,30.935730000000007,4.881855999999999,20.07033,28.335124,False,126322_13,126322_44
