game_id,period_id,episode_id,time_seconds,team_id,player_id,action_id,type_name,result_name,start_x,start_y,end_x,end_y,is_home,game_episode,phase
126322,1,43,1889.3,2353,356626,919,Pass,Unsuccessful,15.618015,38.282164,83.12388,64.7044548,False,126322_43,126322_134
126322,1,43,1894.9,4641,250957,921,Pass,Successful,21.40173,3.697568000000004,45.24807,4.970120000000001,True,126322_43,126322_135
