game_id,period_id,episode_id,time_seconds,team_id,player_id,action_id,type_name,result_name,start_x,start_y,end_x,end_y,is_home,game_episode,phase
126322,1,33,1246.389,2353,356609,604,Carry,,71.606535,51.87958,70.62552,44.062028,False,126322_33,126322_98
126322,1,33,1255.833,2353,500576,609,Pass,Successful,47.27604,36.69892,47.18469,42.603292,False,126322_33,126322_98
126322,1,33,1258.29,2353,356616,611,Pass,Successful,46.675545,40.958508,40.211535,23.261916,False,126322_33,126322_98
126322,1,33,1261.896,2353,500576,614,Pass,Successful,43.67286,21.200835999999995,78.62085,63.5234172,False,126322_33,126322_98
