game_id,period_id,episode_id,time_seconds,team_id,player_id,action_id,type_name,result_name,start_x,start_y,end_x,end_y,is_home,game_episode,phase
126322,2,104,2795.8950000000004,2353,356609,2877,Throw-In,Successful,70.006125,68.0,70.078365,59.934044,False,126322_104,126322_26
126322,2,104,2796.9000000000005,2353,356618,2879,Pass,Unsuccessful,70.078365,59.934044,77.26004999999999,51.223992,False,126322_104,126322_26
126322,2,104,2799.067,4641,500602,2880,Recovery,,27.82605,16.05072,43.941975,13.960128000000005,True,126322_104,126322_27
126322,2,104,2799.067,4641,500602,2881,Pass,Unsuccessful,27.82605,16.05072,43.941975,13.960128000000005,True,126322_104,126322_27
126322,2,104,2800.625,2353,356616,2882,Recovery,,61.186440000000005,53.70334,85.567335,58.304492,False,126322_104,126322_28
126322,2,104,2800.625,2353,356616,2883,Pass,Successful,61.186440000000005,53.70334,85.567335,58.304492,False,126322_104,126322_28
