game_id,period_id,episode_id,time_seconds,team_id,player_id,action_id,type_name,result_name,start_x,start_y,end_x,end_y,is_home,game_episode,phase
126315,2,89,3008.0330000000004,2353,500577,2613,Pass,Successful,84.71715,12.018048,85.15878,6.536635999999994,True,126315_89,126315_306
126315,2,89,3011.6680000000006,2353,500577,2618,Carry,,78.280125,6.937835999999997,76.86588,10.556796,True,126315_89,126315_308
126315,2,89,3020.067,2353,356609,2623,Pass,Successful,63.282555,52.226652,71.35863,63.71141,True,126315_89,126315_308
