game_id,period_id,episode_id,time_seconds,team_id,player_id,action_id,type_name,result_name,start_x,start_y,end_x,end_y,is_home,game_episode,phase
126315,1,2,36.767,4648,360389,21,Pass_Freekick,Successful,66.22266,34.956556,89.623485,14.343648000000002,False,126315_2,126315_45
126315,1,2,38.733,4648,500135,23,Cross,Unsuccessful,89.623485,14.343648000000002,99.133755,32.95212,False,126315_2,126315_45
126315,1,2,40.8,2353,356626,24,Aerial Clearance,Successful,6.400716,34.050116,6.400716,34.050116,True,126315_2,126315_46
126315,1,2,40.8,2353,356626,25,Parry,,6.400716,34.050116,6.400716,34.050116,True,126315_2,126315_46
126315,1,2,40.8,2353,356626,26,Recovery,,6.400716,34.050116,6.400716,34.050116,True,126315_2,126315_46
126315,1,2,40.801,2353,356626,27,Carry,,6.400716,34.050116,15.48729,33.387728,True,126315_2,126315_46
126315,1,2,43.467,2353,356626,28,Pass,Successful,15.48729,33.387728,69.2769,64.8677228,True,126315_2,126315_46
