game_id,period_id,episode_id,time_seconds,team_id,player_id,action_id,type_name,result_name,start_x,start_y,end_x,end_y,is_home,game_episode,phase
126315,1,25,1679.701,4648,62365,794,Carry,,28.99869,10.903596,31.50399,14.749336,False,126315_25,126315_61
126315,1,25,1688.334,4648,500133,800,Carry,,46.033365,52.465468,56.52318,55.215864,False,126315_25,126315_61
