game_id,period_id,episode_id,time_seconds,team_id,player_id,action_id,type_name,result_name,start_x,start_y,end_x,end_y,is_home,game_episode,phase
126407,1,23,1783.174,4640,491837,1005,Throw-In,Successful,13.770645000000002,0.0,17.63391,3.968072000000008,False,126407_23,126407_66
126407,1,23,1784.6,4657,250175,1007,Tackle,Unsuccessful,86.80003500000001,63.925882,86.80003500000001,63.925882,True,126407_23,126407_67
126407,1,23,1786.133,4640,527821,1008,Pass,Successful,20.48991000000001,3.738844,25.505759999999995,8.157484000000004,False,126407_23,126407_68
