game_id,period_id,episode_id,time_seconds,team_id,player_id,action_id,type_name,result_name,start_x,start_y,end_x,end_y,is_home,game_episode,phase
126407,2,77,3042.666,4640,491837,3097,Throw-In,Successful,18.646320000000003,0.0,22.20466500000001,22.31549200000001,False,126407_77,126407_250
126407,2,77,3044.424,4640,246402,3099,Pass,Successful,22.20466500000001,22.31549200000001,36.116955,28.067680000000003,False,126407_77,126407_250
126407,2,77,3046.259,4640,500441,3101,Carry,,36.116955,28.067680000000003,40.591530000000006,27.50974,False,126407_77,126407_250
126407,2,77,3048.5330000000004,4640,500441,3102,Pass,Successful,40.591530000000006,27.50974,85.249185,13.554643999999996,False,126407_77,126407_250
126407,2,77,3052.768,4640,413675,3104,Carry,,85.249185,13.554643999999996,89.128725,18.663892,False,126407_77,126407_250
126407,2,77,3054.9660000000003,4640,413675,3105,Pass,Successful,89.128725,18.663892,83.87116499999999,26.70972,False,126407_77,126407_250
