game_id,period_id,episode_id,time_seconds,team_id,player_id,action_id,type_name,result_name,start_x,start_y,end_x,end_y,is_home,game_episode,phase
126351,2,51,383.7330000000002,4643,187722,1592,Intervention,,30.12198,51.0765,30.12198,51.0765,True,126351_51,126351_181
126351,2,51,384.5999999999999,4643,145673,1593,Recovery,,22.82973,49.028068000000005,22.82973,49.028068000000005,True,126351_51,126351_181
126351,2,51,397.97000000000025,4657,500493,1603,Pass,Successful,57.00828,59.38202,41.849955,54.710556,False,126351_51,126351_184
126351,2,51,399.8000000000002,4657,360391,1605,Pass,Successful,42.586845,54.428424,49.351785,49.679916,False,126351_51,126351_184
126351,2,51,422.63300000000027,4657,500476,1618,Pass,Unsuccessful,30.28389,5.100271999999997,30.864225000000005,5.122031999999997,False,126351_51,126351_184
