game_id,period_id,episode_id,time_seconds,team_id,player_id,action_id,type_name,result_name,start_x,start_y,end_x,end_y,is_home,game_episode,phase
126351,1,2,51.733,4643,408792,25,Pass,Successful,29.050035,24.564456,34.129515000000005,10.175316000000002,True,126351_2,126351_43
126351,1,2,54.667,4643,187722,27,Pass,Successful,34.271475,9.749160000000003,38.08308,18.299004,True,126351_2,126351_43
126351,1,2,59.501,4643,500121,33,Carry,,63.886725,14.997128000000004,62.127135,19.832064000000003,True,126351_2,126351_43
126351,1,2,64.4,4643,83615,36,Pass,Unsuccessful,57.060675,50.964096,68.956335,61.8642852,True,126351_2,126351_43
126351,1,2,71.70100000000001,4643,83615,40,Carry,,30.38532,67.1702368,31.1367,63.7614376,True,126351_2,126351_45
126351,1,2,74.134,4643,145673,43,Carry,,28.158480000000004,47.32324,28.2912,44.17926,True,126351_2,126351_45
