game_id,period_id,episode_id,time_seconds,team_id,player_id,action_id,type_name,result_name,start_x,start_y,end_x,end_y,is_home,game_episode,phase
126351,2,54,614.7000000000003,4643,145673,1708,Pass,Successful,28.60641,53.346068,35.28252,45.23904,True,126351_54,126351_195
126351,2,54,639.8670000000002,4643,145673,1724,Pass,Successful,44.32071,44.250048,57.44508,61.026804,True,126351_54,126351_197
126351,2,54,641.2340000000002,4643,83615,1726,Carry,,57.44508,61.026804,66.391815,61.019324,True,126351_54,126351_197
126351,2,54,650.2330000000002,4657,360391,1735,Intervention,,21.68292,11.221767999999996,21.68292,11.221767999999996,False,126351_54,126351_200
