game_id,period_id,episode_id,time_seconds,team_id,player_id,action_id,type_name,result_name,start_x,start_y,end_x,end_y,is_home,game_episode,phase
126351,2,66,1363.3000000000002,4643,85175,2064,Goal Kick,Successful,5.1227925,35.561552,8.551053,45.010356,True,126351_66,126351_241
126351,2,66,1388.068,4643,145673,2078,Carry,,36.792,52.7323,37.94868,46.796852,True,126351_66,126351_241
126351,2,66,1391.2670000000005,4643,145673,2079,Pass,Successful,37.94868,46.796852,42.10332,48.311892,True,126351_66,126351_241
126351,2,66,1422.433,4643,187722,2104,Pass,Unsuccessful,81.14799000000001,8.124028000000003,81.9168,8.831499999999998,True,126351_66,126351_241
