game_id,period_id,episode_id,time_seconds,team_id,player_id,action_id,type_name,result_name,start_x,start_y,end_x,end_y,is_home,game_episode,phase
126351,2,50,253.80000000000013,4643,410634,1523,Duel,Successful,40.707555,7.055951999999998,40.707555,7.055951999999998,True,126351_50,126351_167
126351,2,50,260.5999999999999,4657,250172,1531,Shot,On Target,79.53582,41.645648,101.780973,33.133,False,126351_50,126351_170
126351,2,50,269.2330000000002,4643,85175,1537,Pass,Successful,7.924329,41.64898,23.73042,10.387884,True,126351_50,126351_171
126351,2,50,277.068,4643,408792,1542,Carry,,26.83086,15.010864000000003,33.802545,22.857316000000004,True,126351_50,126351_171
126351,2,50,326.933,4643,187722,1579,Pass,Successful,84.168105,55.028524,98.522025,62.6251916,True,126351_50,126351_177
