game_id,period_id,episode_id,time_seconds,team_id,player_id,action_id,type_name,result_name,start_x,start_y,end_x,end_y,is_home,game_episode,phase
126351,2,78,2290.1670000000004,4643,83615,2389,Pass,Successful,52.082730000000005,49.307684,93.08523,65.291764,True,126351_78,126351_275
126351,2,78,2303.967000000001,4657,500478,2404,Block,,11.791394999999994,33.079824,11.791394999999994,33.079824,False,126351_78,126351_282
126351,2,78,2319.733,4643,145673,2416,Intervention,,27.859755,49.847944,27.859755,49.847944,True,126351_78,126351_283
