game_id,period_id,episode_id,time_seconds,team_id,player_id,action_id,type_name,result_name,start_x,start_y,end_x,end_y,is_home,game_episode,phase
126425,2,61,1863.933,316,524896,2182,Duel,Successful,47.44614,29.372328000000003,47.44614,29.372328000000003,True,126425_61,126425_180
126425,2,61,1884.0340000000003,2353,526910,2206,Carry,,55.220655,8.628383999999997,85.16592,9.276968000000004,False,126425_61,126425_183
126425,2,61,1892.7,2353,526910,2207,Pass,Successful,85.16592,9.276968000000004,86.40219,17.53924,False,126425_61,126425_183
