game_id,period_id,episode_id,time_seconds,team_id,player_id,action_id,type_name,result_name,start_x,start_y,end_x,end_y,is_home,game_episode,phase
126425,1,22,1749.867,316,407441,996,Recovery,,37.011765,28.391496,31.667055,38.474672,True,126425_22,126425_60
126425,1,22,1782.692,316,62038,1023,Pass,Successful,60.836475,35.155864,79.061955,20.414416000000003,True,126425_22,126425_66
126425,1,22,1784.166,316,188266,1025,Carry,,79.061955,20.414416000000003,84.30156000000001,10.011708,True,126425_22,126425_66
