game_id,period_id,episode_id,time_seconds,team_id,player_id,action_id,type_name,result_name,start_x,start_y,end_x,end_y,is_home,game_episode,phase
126425,2,53,1261.901,2353,526918,1950,Carry,,46.226985,20.358384,50.743035,16.754452,False,126425_53,126425_151
126425,2,53,1286.3680000000002,2353,500565,1965,Carry,,52.333785,19.12466,52.794315,14.760419999999996,False,126425_53,126425_151
126425,2,53,1287.3000000000002,2353,500565,1966,Pass,Successful,52.794315,14.760419999999996,63.174405,0.9948399999999964,False,126425_53,126425_151
