game_id,period_id,episode_id,time_seconds,team_id,player_id,action_id,type_name,result_name,start_x,start_y,end_x,end_y,is_home,game_episode,phase
126425,2,47,779.3670000000002,316,143410,1716,Pass_Corner,Unsuccessful,105.0,0.0,98.100135,37.102092,True,126425_47,126425_134
126425,2,47,781.2000000000003,2353,526919,1717,Duel,Successful,7.546906500000006,29.053612,7.546906500000006,29.053612,False,126425_47,126425_135
