game_id,period_id,episode_id,time_seconds,team_id,player_id,action_id,type_name,result_name,start_x,start_y,end_x,end_y,is_home,game_episode,phase
126356,2,61,1100.7010000000002,4648,500138,1896,Carry,,40.102545,34.88502,50.80341,36.51804,True,126356_61,126356_164
126356,2,61,1113.533,4648,500138,1906,Pass,Successful,65.02104,44.439632,75.973275,39.663312000000005,True,126356_61,126356_164
126356,2,61,1116.7670000000005,4648,250102,1912,Pass,Successful,74.419275,38.660584,65.0937,31.00494,True,126356_61,126356_164
