game_id,period_id,episode_id,time_seconds,team_id,player_id,action_id,type_name,result_name,start_x,start_y,end_x,end_y,is_home,game_episode,phase
126356,2,56,873.4670000000001,4640,354794,1770,Catch,,3.789838500000002,34.537404,3.789838500000002,34.537404,False,126356_56,126356_149
126356,2,56,875.5339999999999,4648,500139,1773,Carry,,90.08979,15.09158,97.697985,9.059639999999996,True,126356_56,126356_150
126356,2,56,883.4670000000001,4640,246402,1779,Clearance,,1.9705874999999933,44.099496,51.121245,63.919252,False,126356_56,126356_151
126356,2,56,891.7010000000002,4648,250079,1783,Carry,,23.02566,24.822924,29.280195000000003,30.265576,True,126356_56,126356_152
