game_id,period_id,episode_id,time_seconds,team_id,player_id,action_id,type_name,result_name,start_x,start_y,end_x,end_y,is_home,game_episode,phase
126356,2,68,1696.7009999999998,4648,188178,2150,Carry,,48.951,26.640972,72.04617,15.462247999999995,True,126356_68,126356_186
126356,2,68,1725.652,4640,61913,2163,Pass,Successful,26.59398,64.1486432,31.072965,58.523112,False,126356_68,126356_187
126356,2,68,1731.2669999999998,4648,500140,2170,Recovery,,57.476895,0.3718240000000037,53.082645,9.149332,True,126356_68,126356_188
126356,2,68,1735.7330000000002,4648,250101,2174,Pass,Unsuccessful,55.95261,21.375052000000004,73.24075500000001,44.06706,True,126356_68,126356_188
126356,2,68,1740.0,4648,500142,2177,Pass,Successful,73.24075500000001,44.06706,81.88960499999999,61.009328,True,126356_68,126356_190
126356,2,68,1740.0,4648,500142,2176,Recovery,,73.24075500000001,44.06706,81.88960499999999,61.009328,True,126356_68,126356_190
