game_id,period_id,episode_id,time_seconds,team_id,player_id,action_id,type_name,result_name,start_x,start_y,end_x,end_y,is_home,game_episode,phase
126356,1,14,1087.567,4648,500142,539,Pass,Successful,43.74384,33.907180000000004,43.406895,6.567371999999999,True,126356_14,126356_34
126356,1,14,1092.267,4648,500135,543,Pass,Successful,62.35362000000001,9.256908000000005,60.92467499999999,16.084516,True,126356_14,126356_34
