game_id,period_id,episode_id,time_seconds,team_id,player_id,action_id,type_name,result_name,start_x,start_y,end_x,end_y,is_home,game_episode,phase
126321,1,20,1946.467,4643,500118,994,Pass,Successful,46.621680000000005,56.668888,43.466955,51.266764,False,126321_20,126321_39
126321,1,20,1948.201,4643,62069,996,Carry,,43.466955,51.266764,43.090005,48.174804,False,126321_20,126321_39
126321,1,20,1957.133,4643,500118,1004,Error,,80.724735,12.633448,80.724735,12.633448,False,126321_20,126321_39
126321,1,20,1957.6,2354,250036,1006,Pass,Successful,20.463345,50.33666,41.40654,56.096464,True,126321_20,126321_40
126321,1,20,1991.5,2354,250036,1024,Pass,Successful,42.282555,61.7767692,53.493405,67.167578,True,126321_20,126321_40
