game_id,period_id,episode_id,time_seconds,team_id,player_id,action_id,type_name,result_name,start_x,start_y,end_x,end_y,is_home,game_episode,phase
126321,2,28,294.9670000000001,4643,62069,1740,Pass,Successful,32.40331499999999,32.016576,38.662575,23.932124,False,126321_28,126321_91
126321,2,28,296.0580000000002,4643,500113,1742,Carry,,38.662575,23.932124,39.27399,34.639268,False,126321_28,126321_91
126321,2,28,365.0329999999999,2354,142109,1780,Pass,Unsuccessful,12.13002,36.092156,65.362815,34.1462,True,126321_28,126321_94
