,game_id,period_id,episode_id,time_seconds,team_id,player_id,action_id,type_name,result_name,start_x,start_y,end_x,end_y,is_home,game_episode,phase
0,153387,2,60,936.667,2354,142109,1877,Goal Kick,Successful,4.836111,35.20768,5.312538,22.692076,True,153387_60,153387_195
1,153387,2,60,939.967,2354,500150,1879,Pass,Successful,6.2475735,20.814256,23.60484,2.9118959999999987,True,153387_60,153387_195
2,153387,2,60,941.834,2354,500148,1881,Carry,,23.60484,2.9118959999999987,26.554920000000003,1.7320279999999997,True,153387_60,153387_195
3,153387,2,60,942.967,2354,500148,1882,Pass,Unsuccessful,26.554920000000003,1.7320279999999997,,,True,153387_60,153387_195
