game_id,period_id,episode_id,time_seconds,team_id,player_id,action_id,type_name,result_name,start_x,start_y,end_x,end_y,is_home,game_episode,phase
126390,1,30,1908.234,4641,413677,1046,Carry,,56.5656,3.0459919999999983,52.77405,4.737628000000001,True,126390_30,126390_55
126390,1,30,1911.6,4641,346035,1049,Pass,Successful,42.121590000000005,8.304295999999994,59.54224500000001,9.928951999999995,True,126390_30,126390_55
