game_id,period_id,episode_id,time_seconds,team_id,player_id,action_id,type_name,result_name,start_x,start_y,end_x,end_y,is_home,game_episode,phase
126390,1,32,2023.033,4641,250957,1125,Pass,Unsuccessful,4.0554255,30.33663600000001,37.82373,19.344436,True,126390_32,126390_61
126390,1,32,2024.5,2354,500145,1127,Clearance,,67.22331,47.889408,70.086765,23.090216,False,126390_32,126390_62
126390,1,32,2040.033,4641,145831,1143,Pass,Successful,27.060495,58.781376,46.251135000000005,54.21504,True,126390_32,126390_63
126390,1,32,2058.267,2354,150850,1159,Pass,Successful,47.456745,17.800631999999993,72.88806,67.46157328,False,126390_32,126390_64
126390,1,32,2083.167,4641,250963,1179,Pass,Successful,91.18704,59.44254,81.266745,50.520804,True,126390_32,126390_67
