game_id,period_id,episode_id,time_seconds,team_id,player_id,action_id,type_name,result_name,start_x,start_y,end_x,end_y,is_home,game_episode,phase
126390,2,52,466.501,2354,500145,1773,Carry,,41.03652,42.175096,43.712340000000005,48.849704,False,126390_52,126390_134
126390,2,52,483.5339999999999,2354,253677,1784,Carry,,68.06205,4.685471999999997,69.251805,20.0481,False,126390_52,126390_134
126390,2,52,494.434,2354,500154,1791,Carry,,72.70578,66.8003372,80.74374,57.283744,False,126390_52,126390_136
126390,2,52,500.6669999999999,2354,500154,1797,Block,,84.514815,51.419968,84.514815,51.419968,False,126390_52,126390_140
126390,2,52,514.3330000000001,4641,346037,1808,Pass,Unsuccessful,92.097705,20.171112,91.12383,31.071512,True,126390_52,126390_145
