game_id,period_id,episode_id,time_seconds,team_id,player_id,action_id,type_name,result_name,start_x,start_y,end_x,end_y,is_home,game_episode,phase
126369,1,31,2096.101,2354,150850,1223,Carry,,37.81575000000001,5.751711999999998,37.33033499999999,9.23984,False,126369_31,126369_95
126369,1,31,2105.033,2354,358583,1230,Pass,Successful,51.407685,67.67219036,36.050805,62.4918572,False,126369_31,126369_95
126369,1,31,2110.467,2354,142109,1234,Pass,Successful,11.833815,39.629312,9.742278,56.452376,False,126369_31,126369_95
126369,1,31,2153.967,4646,109160,1266,Pass,Successful,51.520455000000005,48.598308,51.781275,62.3941208,True,126369_31,126369_96
126369,1,31,2176.6330000000003,4646,356607,1284,Pass,Successful,67.30311,16.908063999999996,60.29604,18.989408,True,126369_31,126369_98
