game_id,period_id,episode_id,time_seconds,team_id,player_id,action_id,type_name,result_name,start_x,start_y,end_x,end_y,is_home,game_episode,phase
126292,2,92,2098.6000000000004,4641,360162,2289,Pass_Freekick,Successful,60.23787,66.3179316,58.261455,65.5953432,True,126292_92,126292_329
126292,2,92,2101.467000000001,4641,250959,2291,Pass,Unsuccessful,57.197175,63.6873652,80.84055,54.962088,True,126292_92,126292_329
126292,2,92,2102.933,4657,500484,2292,Recovery,,24.034080000000003,13.795364,32.87801999999999,11.185388000000003,False,126292_92,126292_330
126292,2,92,2102.933,4657,500484,2293,Pass,Unsuccessful,24.034080000000003,13.795364,32.87801999999999,11.185388000000003,False,126292_92,126292_330
