game_id,period_id,episode_id,time_seconds,team_id,player_id,action_id,type_name,result_name,start_x,start_y,end_x,end_y,is_home,game_episode,phase
126292,2,88,1837.7,4657,500490,2198,Pass_Freekick,Successful,43.753605,9.346123999999996,35.50932,16.267096000000002,False,126292_88,126292_310
126292,2,88,1839.133,4657,500484,2200,Pass,Successful,35.50932,16.267096000000002,39.95018999999999,28.192324,False,126292_88,126292_310
126292,2,88,1840.468,4657,287281,2202,Carry,,39.95018999999999,28.192324,46.2756,32.11007600000001,False,126292_88,126292_310
126292,2,88,1843.867,4657,287281,2203,Pass,Unsuccessful,46.2756,32.11007600000001,74.989845,0.0,False,126292_88,126292_310
