game_id,period_id,episode_id,time_seconds,team_id,player_id,action_id,type_name,result_name,start_x,start_y,end_x,end_y,is_home,game_episode,phase
126426,1,1,1.567,4639,345446,2,Pass,Successful,38.508855,41.429136,36.617805,31.930488000000004,False,126426_1,126426_1
126426,1,1,16.568,4639,187316,10,Carry,,24.88794,13.629580000000004,23.48325,23.808907999999995,False,126426_1,126426_1
126426,1,1,35.433,4657,527810,20,Recovery,,70.61859,18.72992,75.17811,14.574303999999998,True,126426_1,126426_2
