game_id,period_id,episode_id,time_seconds,team_id,player_id,action_id,type_name,result_name,start_x,start_y,end_x,end_y,is_home,game_episode,phase
126426,2,63,1086.226,4657,500478,2142,Carry,,50.68035,17.1428,53.814705,14.860652000000002,True,126426_63,126426_186
126426,2,63,1089.9,4657,500480,2147,Pass,Successful,60.43884,22.820188,61.03965,17.505172,True,126426_63,126426_186
126426,2,63,1092.2580000000005,4657,500480,2152,Pass,Successful,68.04294,15.458712000000006,83.50125,5.165756000000002,True,126426_63,126426_186
