game_id,period_id,episode_id,time_seconds,team_id,player_id,action_id,type_name,result_name,start_x,start_y,end_x,end_y,is_home,game_episode,phase
126426,1,20,1029.201,4657,500480,565,Carry,,62.82612,47.285908000000006,75.346845,32.340256000000004,True,126426_20,126426_42
126426,1,20,1039.2,4639,491801,572,Recovery,,8.783554500000008,37.077544,8.783554500000008,37.077544,False,126426_20,126426_45
126426,1,20,1042.967,4657,500478,575,Pass,Successful,82.394655,10.582431999999995,74.85974999999999,10.589707999999996,True,126426_20,126426_46
