game_id,period_id,episode_id,time_seconds,team_id,player_id,action_id,type_name,result_name,start_x,start_y,end_x,end_y,is_home,game_episode,phase
126426,2,57,596.183,4639,142258,1840,Pass,Successful,8.894465999999994,36.485468,19.461225,56.02418,False,126426_57,126426_161
126426,2,57,604.5999999999999,4639,142258,1845,Pass,Successful,9.321647999999996,41.614708,41.998005,32.403496,False,126426_57,126426_161
126426,2,57,606.2670000000003,4639,412018,1847,Error,,41.998005,32.403496,41.998005,32.403496,False,126426_57,126426_161
126426,2,57,663.3330000000001,4639,412018,1886,Pass,Successful,64.83645,58.080908,54.4467,50.742688,False,126426_57,126426_163
126426,2,57,675.8670000000002,4657,62633,1896,Interception,,0.9971409,46.922448,0.9971409,46.922448,True,126426_57,126426_166
126426,2,57,696.9010000000001,4657,500472,1906,Carry,,70.495845,20.158056,68.34691500000001,32.9239,True,126426_57,126426_166
