game_id,period_id,episode_id,time_seconds,team_id,player_id,action_id,type_name,result_name,start_x,start_y,end_x,end_y,is_home,game_episode,phase
126350,2,88,2888.9660000000003,4648,500142,2572,Pass_Freekick,Successful,48.05409,27.200068,54.23859,37.644052,False,126350_88,126350_286
126350,2,88,2890.1500000000005,4648,250101,2574,Carry,,54.23859,37.644052,57.49401,40.379284,False,126350_88,126350_286
126350,2,88,2891.3640000000005,4648,250101,2575,Pass,Successful,57.49401,40.379284,80.457825,63.4506028,False,126350_88,126350_286
126350,2,88,2893.842000000001,4648,500137,2577,Carry,,80.457825,63.4506028,104.62809,48.261232,False,126350_88,126350_286
126350,2,88,2899.5,4648,500137,2578,Cross,Unsuccessful,104.62809,48.261232,104.85741,47.10496,False,126350_88,126350_286
126350,2,88,2899.5330000000004,4644,62086,2579,Block,,0.97210575,20.72198,0.97210575,20.72198,True,126350_88,126350_287
126350,2,88,2900.967000000001,4648,500137,2580,Recovery,,105.0,49.625856,103.419015,50.826124,False,126350_88,126350_288
126350,2,88,2900.967000000001,4648,500137,2581,Pass,Unsuccessful,105.0,49.625856,103.419015,50.826124,False,126350_88,126350_288
