game_id,period_id,episode_id,time_seconds,team_id,player_id,action_id,type_name,result_name,start_x,start_y,end_x,end_y,is_home,game_episode,phase
126350,2,50,239.1330000000003,4648,250101,1450,Tackle,Unsuccessful,23.434529999999995,31.994476,23.434529999999995,31.994476,False,126350_50,126350_144
126350,2,50,260.72699999999986,4644,325355,1466,Pass,Successful,84.89670000000001,6.064104,102.81348,5.977404,True,126350_50,126350_147
