game_id,period_id,episode_id,time_seconds,team_id,player_id,action_id,type_name,result_name,start_x,start_y,end_x,end_y,is_home,game_episode,phase
126350,2,48,117.63300000000028,4644,500520,1379,Interception,,25.431735,49.472312,13.82745,66.5822136,True,126350_48,126350_135
126350,2,48,121.067,4644,250076,1382,Pass,Unsuccessful,13.82745,66.5822136,31.54557,60.770784,True,126350_48,126350_135
126350,2,48,125.44499999999996,4648,62386,1387,Carry,,60.81978,3.802424000000002,58.616145,8.237927999999997,False,126350_48,126350_136
126350,2,48,150.6009999999999,4648,250101,1408,Carry,,65.65975499999999,14.140124,63.814905,17.314704,False,126350_48,126350_136
126350,2,48,154.5999999999999,4648,500138,1411,Pass,Successful,52.49916,26.143008,57.996015,26.577596000000007,False,126350_48,126350_136
126350,2,48,162.02400000000014,4648,250101,1416,Carry,,58.313010000000006,18.469344,61.247235,27.464112,False,126350_48,126350_136
