game_id,period_id,episode_id,time_seconds,team_id,player_id,action_id,type_name,result_name,start_x,start_y,end_x,end_y,is_home,game_episode,phase
126350,2,82,2656.394,4648,500140,2450,Pass,Successful,51.90528,61.4116024,46.449585,45.990508000000005,False,126350_82,126350_268
126350,2,82,2663.767,4648,250101,2456,Pass,Unsuccessful,69.83686499999999,62.07414,78.98530500000001,58.330264,False,126350_82,126350_268
126350,2,82,2665.1000000000004,4648,188178,2458,Tackle,Successful,78.26742,57.976596,78.26742,57.976596,False,126350_82,126350_270
