game_id,period_id,episode_id,time_seconds,team_id,player_id,action_id,type_name,result_name,start_x,start_y,end_x,end_y,is_home,game_episode,phase
126350,2,70,1834.733,4648,250100,2152,Throw-In,Successful,90.59442,0.0,97.610205,7.034260000000003,False,126350_70,126350_228
126350,2,70,1838.0330000000004,4648,500142,2157,Cross,Unsuccessful,91.82691,17.325992,93.12387,33.074724,False,126350_70,126350_228
126350,2,70,1841.867,4648,62365,2161,Pass,Successful,69.170955,31.680316000000005,75.97191000000001,46.412244,False,126350_70,126350_230
126350,2,70,1875.8330000000003,4648,250100,2178,Clearance,,38.362275,15.827407999999998,54.61396499999999,27.068284,False,126350_70,126350_232
