game_id,period_id,episode_id,time_seconds,team_id,player_id,action_id,type_name,result_name,start_x,start_y,end_x,end_y,is_home,game_episode,phase
126350,1,20,1141.533,4644,250076,476,Pass,Successful,47.44068,55.768364,53.78016,66.1822988,True,126350_20,126350_23
126350,1,20,1193.368,4648,360389,522,Carry,,60.2994,32.240635999999995,73.320345,37.638204,False,126350_20,126350_32
126350,1,20,1258.395,4648,500136,563,Carry,,80.504445,61.97537,77.15610000000001,64.499938,False,126350_20,126350_38
