game_id,period_id,episode_id,time_seconds,team_id,player_id,action_id,type_name,result_name,start_x,start_y,end_x,end_y,is_home,game_episode,phase
126415,2,42,347.26800000000026,2354,150850,1621,Carry,,34.270845,10.423856,39.63498,13.537712,True,126415_42,126415_129
126415,2,42,362.13300000000027,2354,61979,1628,Pass,Successful,41.70411,60.172588,84.1512,59.56052,True,126415_42,126415_129
126415,2,42,369.5329999999999,2354,344557,1634,Pass,Successful,93.218055,51.927248000000006,86.73945,49.733568000000005,True,126415_42,126415_131
126415,2,42,370.8000000000002,2354,500145,1636,Pass,Successful,86.71404,51.7956,85.36248,42.977836,True,126415_42,126415_131
