game_id,period_id,episode_id,time_seconds,team_id,player_id,action_id,type_name,result_name,start_x,start_y,end_x,end_y,is_home,game_episode,phase
126415,2,54,1113.433,2354,61981,2000,Recovery,,53.64628499999999,39.603268,62.352045,30.602924,True,126415_54,126415_177
126415,2,54,1134.1,2354,82938,2016,Pass,Successful,39.580485,33.670404,39.76014,28.2897,True,126415_54,126415_179
126415,2,54,1185.9,316,77579,2048,Pass,Successful,35.012355,44.467104,31.17838500000001,23.3631,False,126415_54,126415_180
