game_id,period_id,episode_id,time_seconds,team_id,player_id,action_id,type_name,result_name,start_x,start_y,end_x,end_y,is_home,game_episode,phase
126415,2,65,1886.5330000000004,2354,150850,2313,Clearance,,8.2374285,34.207468,13.93707,31.586952,True,126415_65,126415_203
126415,2,65,1898.867,2354,61979,2318,Duel,Successful,36.752835,47.346088,36.752835,47.346088,True,126415_65,126415_205
