game_id,period_id,episode_id,time_seconds,team_id,player_id,action_id,type_name,result_name,start_x,start_y,end_x,end_y,is_home,game_episode,phase
126415,1,24,2119.8,2354,150850,1126,Pass,Successful,13.903155,9.654571999999996,7.8894585,25.871076,True,126415_24,126415_91
126415,1,24,2144.701,2354,82938,1136,Carry,,46.242525,51.826948,42.770175,49.322304,True,126415_24,126415_91
126415,1,24,2148.767,316,77579,1142,Tackle,Unsuccessful,50.04636,36.71388,50.04636,36.71388,False,126415_24,126415_92
126415,1,24,2161.568,2354,142109,1155,Carry,,7.504077,28.745436,10.750005,26.594187999999995,True,126415_24,126415_95
