game_id,period_id,episode_id,time_seconds,team_id,player_id,action_id,type_name,result_name,start_x,start_y,end_x,end_y,is_home,game_episode,phase
126415,2,51,966.4,316,500126,1936,Intervention,,13.242495000000003,25.606148000000005,13.242495000000003,25.606148000000005,False,126415_51,126415_170
126415,2,51,969.8000000000002,316,77579,1939,Pass,Successful,7.517359499999998,19.809079999999994,18.85926000000001,21.120324000000004,False,126415_51,126415_170
