game_id,period_id,episode_id,time_seconds,team_id,player_id,action_id,type_name,result_name,start_x,start_y,end_x,end_y,is_home,game_episode,phase
126302,2,91,3051.6000000000004,4657,500481,2869,Pass,Successful,98.45829,66.9656248,74.741415,56.659844,False,126302_91,126302_375
126302,2,91,3056.733,4657,505723,2872,Duel,Successful,94.600065,32.30238,105.0,34.416999256,False,126302_91,126302_375
126302,2,91,3090.1670000000004,4657,500476,2896,Pass,Successful,63.199290000000005,3.378308000000004,60.39831,22.63856,False,126302_91,126302_379
126302,2,91,3097.3,4657,360391,2901,Pass,Successful,84.206745,60.46118,92.43738,61.7568316,False,126302_91,126302_379
