game_id,period_id,episode_id,time_seconds,team_id,player_id,action_id,type_name,result_name,start_x,start_y,end_x,end_y,is_home,game_episode,phase
126302,1,17,1616.967,4646,356599,761,Pass,Successful,54.446595,66.9016164,50.74902,63.9854636,True,126302_17,126302_68
126302,1,17,1624.367,4646,250141,766,Pass,Successful,54.978105,40.477136,56.28777,49.538204,True,126302_17,126302_68
126302,1,17,1636.533,4646,356599,777,Pass,Successful,78.01573499999999,66.266884,88.4121,61.303054,True,126302_17,126302_68
126302,1,17,1640.333,4646,356597,780,Cross,Unsuccessful,103.648335,58.923904,101.39094,38.75626,True,126302_17,126302_68
126302,1,17,1641.267,4657,500490,782,Clearance,,5.505128999999997,27.934604,28.19859,45.050884,False,126302_17,126302_69
126302,1,17,1647.2,4646,61623,787,Interception,,71.136555,27.035304,71.136555,27.035304,True,126302_17,126302_70
126302,1,17,1650.567,4646,356608,790,Pass,Successful,75.06597000000001,24.08607600000001,80.430735,17.767855999999995,True,126302_17,126302_70
