game_id,period_id,episode_id,time_seconds,team_id,player_id,action_id,type_name,result_name,start_x,start_y,end_x,end_y,is_home,game_episode,phase
126302,2,70,1631.8670000000002,4657,500478,2225,Pass,Successful,53.734485,23.948376,47.33169,48.691468,False,126302_70,126302_275
126302,2,70,1654.2330000000002,4646,161122,2245,Intervention,,46.814775,62.7546092,46.814775,62.7546092,True,126302_70,126302_276
126302,2,70,1657.6000000000004,4646,356603,2248,Recovery,,48.592635,51.751536,49.831425,56.137808,True,126302_70,126302_278
126302,2,70,1665.501,4646,250147,2257,Carry,,53.5206,29.146024000000004,52.06215,26.309608,True,126302_70,126302_278
126302,2,70,1684.0,4646,250148,2278,Pass,Successful,82.518975,3.956103999999996,73.78507499999999,11.296636,True,126302_70,126302_282
126302,2,70,1688.8670000000002,4646,146185,2282,Pass,Successful,66.74136,4.398920000000004,65.064825,11.960520000000002,True,126302_70,126302_282
