game_id,period_id,episode_id,time_seconds,team_id,player_id,action_id,type_name,result_name,start_x,start_y,end_x,end_y,is_home,game_episode,phase
126302,1,22,1819.733,4657,500476,828,Pass,Unsuccessful,28.387275,65.2345624,38.5455,51.556036,False,126302_22,126302_77
126302,1,22,1820.9,4646,250141,829,Recovery,,67.55364,14.791904000000002,74.063535,17.469879999999996,True,126302_22,126302_78
126302,1,22,1824.8,4646,356597,835,Interception,,66.98013,27.367892,66.98013,27.367892,True,126302_22,126302_80
126302,1,22,1826.033,4646,356597,837,Pass,Successful,64.13757,23.285580000000003,64.217475,11.189060000000003,True,126302_22,126302_80
126302,1,22,1836.467,4646,250141,851,Pass,Successful,64.569435,27.449763999999995,70.67382,56.698332,True,126302_22,126302_82
