game_id,period_id,episode_id,time_seconds,team_id,player_id,action_id,type_name,result_name,start_x,start_y,end_x,end_y,is_home,game_episode,phase
126302,2,54,691.7330000000002,4657,505723,1767,Interception,,76.407135,48.279728000000006,76.407135,48.279728000000006,False,126302_54,126302_211
126302,2,54,691.7340000000002,4657,505723,1768,Carry,,76.407135,48.279728000000006,80.41761,46.830172,False,126302_54,126302_211
