game_id,period_id,episode_id,time_seconds,team_id,player_id,action_id,type_name,result_name,start_x,start_y,end_x,end_y,is_home,game_episode,phase
126302,2,76,1984.967,4646,250141,2377,Pass,Successful,57.099105,46.46814,56.86096500000001,52.495592,True,126302_76,126302_298
126302,2,76,1987.5330000000004,4646,109160,2379,Pass,Successful,56.06391,53.265624,53.69301,49.147476,True,126302_76,126302_298
