game_id,period_id,episode_id,time_seconds,team_id,player_id,action_id,type_name,result_name,start_x,start_y,end_x,end_y,is_home,game_episode,phase
126476,1,24,1473.234,316,407441,699,Carry,,45.932355,24.215684000000003,42.803355,24.507812,False,126476_24,126476_54
126476,1,24,1476.201,316,530218,702,Carry,,30.15033,26.827088,33.040454999999994,33.478372,False,126476_24,126476_54
126476,1,24,1479.567,4648,62365,705,Pass,Successful,45.348765,38.256528,55.389285,36.3528,True,126476_24,126476_55
126476,1,24,1481.5,316,344473,710,Pass,Unsuccessful,50.29899,35.466216,51.051,34.737732,False,126476_24,126476_56
126476,1,24,1495.733,316,532201,724,Pass,Successful,83.041455,52.984988,91.65156,61.5652756,False,126476_24,126476_60
