game_id,period_id,episode_id,time_seconds,team_id,player_id,action_id,type_name,result_name,start_x,start_y,end_x,end_y,is_home,game_episode,phase
126476,2,52,923.3670000000002,316,503173,1666,Pass,Successful,60.06147,66.0908932,44.103255,57.619664,False,126476_52,126476_196
126476,2,52,933.467,316,77579,1669,Pass,Successful,33.292770000000004,48.583144,15.284535000000004,35.435412,False,126476_52,126476_196
