game_id,period_id,episode_id,time_seconds,team_id,player_id,action_id,type_name,result_name,start_x,start_y,end_x,end_y,is_home,game_episode,phase
126476,1,34,2373.0,4648,500139,1084,Pass_Freekick,Successful,51.18183,8.319255999999996,39.056955,16.498636000000005,True,126476_34,126476_103
126476,1,34,2375.9680000000003,4648,500138,1086,Carry,,39.056955,16.498636000000005,51.60477,21.994804,True,126476_34,126476_103
126476,1,34,2383.733,4648,500138,1087,Pass,Successful,51.60477,21.994804,61.27191,4.125287999999998,True,126476_34,126476_103
126476,1,34,2385.4680000000003,4648,345466,1089,Carry,,61.27191,4.125287999999998,54.20016,6.498827999999996,True,126476_34,126476_103
126476,1,34,2386.9,4648,345466,1090,Pass,Successful,54.20016,6.498827999999996,28.939155,8.585747999999995,True,126476_34,126476_103
126476,1,34,2389.967,4648,500140,1092,Pass,Successful,28.939155,8.585747999999995,8.5326255,34.31518,True,126476_34,126476_103
126476,1,34,2392.8010000000004,4648,250079,1094,Carry,,8.5326255,34.31518,8.888943,37.599172,True,126476_34,126476_103
126476,1,34,2394.233,4648,250079,1095,Pass,Unsuccessful,8.888943,37.599172,29.268225,68.0,True,126476_34,126476_103
