game_id,period_id,episode_id,time_seconds,team_id,player_id,action_id,type_name,result_name,start_x,start_y,end_x,end_y,is_home,game_episode,phase
126330,1,51,2657.5,4657,357150,1250,Pass_Freekick,Successful,45.338055,5.476855999999998,37.01544,8.441111999999997,False,126330_51,126330_132
126330,1,51,2692.933,4644,145716,1277,Pass,Successful,47.95833,42.206512,56.1897,59.938328,True,126330_51,126330_135
126330,1,51,2694.7010000000005,4644,259766,1279,Carry,,56.1897,59.938328,71.76162000000001,64.9608556,True,126330_51,126330_135
126330,1,51,2708.034,4644,259766,1288,Carry,,81.271995,67.3473564,90.720315,65.2668896,True,126330_51,126330_135
