game_id,period_id,episode_id,time_seconds,team_id,player_id,action_id,type_name,result_name,start_x,start_y,end_x,end_y,is_home,game_episode,phase
126330,1,47,2562.1,4644,62082,1203,Pass_Freekick,Unsuccessful,14.13048,43.350136,68.26595999999999,41.08492,True,126330_47,126330_123
126330,1,47,2568.068,4644,145716,1208,Carry,,79.26597,43.387264,87.21541500000001,48.232196,True,126330_47,126330_125
126330,1,47,2573.7680000000005,4657,187341,1213,Carry,,29.411550000000005,9.272752000000004,33.9066,0.8160680000000013,False,126330_47,126330_126
