game_id,period_id,episode_id,time_seconds,team_id,player_id,action_id,type_name,result_name,start_x,start_y,end_x,end_y,is_home,game_episode,phase
126398,1,18,965.367,4640,61913,494,Throw-In,Successful,72.27685500000001,68.0,76.69956,51.118796,True,126398_18,126398_14
126398,1,18,966.801,4640,491833,496,Carry,,76.69956,51.118796,72.32043,58.009848000000005,True,126398_18,126398_14
126398,1,18,969.933,4640,491833,497,Pass,Successful,72.32043,58.009848000000005,79.892925,61.2565352,True,126398_18,126398_14
126398,1,18,971.267,4640,215818,499,Pass,Successful,79.515135,61.906792,86.64222,66.661658,True,126398_18,126398_14
