game_id,period_id,episode_id,time_seconds,team_id,player_id,action_id,type_name,result_name,start_x,start_y,end_x,end_y,is_home,game_episode,phase
126454,2,54,1004.1,4640,411440,1901,Pass,Successful,65.96782499999999,54.0974,72.688665,48.449388,True,126454_54,126454_168
126454,2,54,1011.4,4640,533476,1909,Pass,Unsuccessful,90.58707,65.0500308,90.580245,47.741508,True,126454_54,126454_168
