game_id,period_id,episode_id,time_seconds,team_id,player_id,action_id,type_name,result_name,start_x,start_y,end_x,end_y,is_home,game_episode,phase
126367,2,84,2455.601000000001,4648,188178,2477,Carry,,21.5418,53.352392,28.948815,63.621004,True,126367_84,126367_225
126367,2,84,2477.567,4648,250100,2495,Pass,Successful,32.253165,12.371444000000004,39.679815,19.971056,True,126367_84,126367_227
126367,2,84,2486.8,4648,360389,2503,Pass,Successful,63.193515000000005,24.139252,57.876000000000005,15.160396,True,126367_84,126367_227
126367,2,84,2508.8,4648,145703,2518,Pass,Successful,81.731685,55.262716,86.79079499999999,48.449932,True,126367_84,126367_227
126367,2,84,2509.6000000000004,4648,250101,2520,Pass,Unsuccessful,86.79079499999999,48.449932,100.705815,51.0238,True,126367_84,126367_227
