game_id,period_id,episode_id,time_seconds,team_id,player_id,action_id,type_name,result_name,start_x,start_y,end_x,end_y,is_home,game_episode,phase
126367,1,9,457.2,4639,491811,197,Pass,Successful,60.914385,13.395252,75.68778,2.313155999999992,False,126367_9,126367_242
126367,1,9,460.6,4648,500136,200,Interception,,37.156665,57.782048,37.156665,57.782048,True,126367_9,126367_243
126367,1,9,465.533,4639,491811,204,Recovery,,50.469615,4.704784000000004,45.50616,1.0627719999999954,False,126367_9,126367_244
