game_id,period_id,episode_id,time_seconds,team_id,player_id,action_id,type_name,result_name,start_x,start_y,end_x,end_y,is_home,game_episode,phase
126367,2,87,2594.634,4639,188342,2551,Carry,,71.11881,9.000004000000004,73.046715,6.1204759999999965,False,126367_87,126367_234
126367,2,87,2601.8680000000004,4648,250079,2557,Carry,,0.9359154,33.569764,13.559595,28.975888000000005,True,126367_87,126367_235
