game_id,period_id,episode_id,time_seconds,team_id,player_id,action_id,type_name,result_name,start_x,start_y,end_x,end_y,is_home,game_episode,phase
126334,1,9,703.864,4646,356608,438,Duel,Successful,55.21425000000001,60.14328,55.21425000000001,60.14328,False,126334_9,126334_272
126334,1,9,705.112,4639,491810,443,Pass,Unsuccessful,39.95859,8.192028,64.521555,25.472052000000005,True,126334_9,126334_273
