game_id,period_id,episode_id,time_seconds,team_id,player_id,action_id,type_name,result_name,start_x,start_y,end_x,end_y,is_home,game_episode,phase
126334,2,54,1397.9310000000005,4646,61623,2261,Pass,Unsuccessful,48.053145,66.0830052,64.89735,64.397938,False,126334_54,126334_180
126334,2,54,1401.1999999999998,4639,407605,2265,Pass,Unsuccessful,42.984480000000005,10.650227999999998,71.563065,6.157196000000006,True,126334_54,126334_181
