game_id,period_id,episode_id,time_seconds,team_id,player_id,action_id,type_name,result_name,start_x,start_y,end_x,end_y,is_home,game_episode,phase
126327,1,20,1326.333,2353,356624,629,Pass,Successful,60.061890000000005,42.688156000000006,56.026845,35.460572,False,126327_20,126327_50
126327,1,20,1332.4,4639,77845,635,Intervention,,17.4447,45.206604,17.4447,45.206604,True,126327_20,126327_51
126327,1,20,1333.3,4639,491810,636,Recovery,,14.314965,44.682596,14.314965,44.682596,True,126327_20,126327_51
