game_id,period_id,episode_id,time_seconds,team_id,player_id,action_id,type_name,result_name,start_x,start_y,end_x,end_y,is_home,game_episode,phase
126327,1,40,2757.1330000000003,4639,142258,1373,Goal Kick,Unsuccessful,4.8466005,27.762156000000004,61.62618,19.905708,True,126327_40,126327_137
126327,1,40,2773.933,2353,356624,1390,Recovery,,71.07471,33.249551999999994,71.07471,33.249551999999994,False,126327_40,126327_144
126327,1,40,2780.0470000000005,4639,345444,1399,Carry,,53.151945000000005,1.316683999999995,52.219125000000005,4.383960000000002,True,126327_40,126327_145
126327,1,40,2793.3,4639,345445,1410,Pass,Successful,74.22197999999999,45.776172,73.29777,51.827764,True,126327_40,126327_145
126327,1,40,2795.2000000000003,2353,356616,1412,Tackle,Successful,29.97435,16.732623999999994,29.97435,16.732623999999994,False,126327_40,126327_146
126327,1,40,2824.167,2353,356610,1428,Recovery,,16.344195,9.143144,16.344195,9.143144,False,126327_40,126327_150
126327,1,40,2836.4,2353,356624,1435,Pass,Successful,64.51158000000001,43.681636,94.76166,49.1742,False,126327_40,126327_152
126327,1,40,2867.648,2353,500576,1452,Pass,Successful,45.13845,20.932032,45.04332,35.754196,False,126327_40,126327_154
126327,1,40,2879.933,2353,356618,1462,Pass,Successful,53.45781,11.124392,60.19450500000001,11.385239999999996,False,126327_40,126327_154
