game_id,period_id,episode_id,time_seconds,team_id,player_id,action_id,type_name,result_name,start_x,start_y,end_x,end_y,is_home,game_episode,phase
126327,1,33,2119.068,4639,491802,1052,Carry,,81.522525,7.942263999999994,79.831815,16.711408,True,126327_33,126327_109
126327,1,33,2126.6330000000003,2353,356624,1061,Pass,Successful,36.59103,62.460788,41.308575000000005,67.1266284,False,126327_33,126327_112
126327,1,33,2136.122,4639,187316,1069,Recovery,,64.62519,6.986591999999995,96.74427,41.271444,True,126327_33,126327_115
126327,1,33,2152.932,2353,356618,1078,Carry,,35.26236,51.527748,39.77872500000001,51.835652,False,126327_33,126327_116
126327,1,33,2174.7,4639,345446,1091,Recovery,,34.04667,55.37682,10.0435965,39.439116,True,126327_33,126327_119
126327,1,33,2177.889,4639,142258,1094,Carry,,10.0435965,39.439116,15.605625,35.723596,True,126327_33,126327_119
126327,1,33,2242.167,2353,356624,1134,Pass,Successful,74.072565,55.531928,75.74154,43.446424,False,126327_33,126327_122
126327,1,33,2243.9,2353,356616,1136,Pass,Successful,78.5442,43.865304,103.831035,48.656856000000005,False,126327_33,126327_122
126327,1,33,2253.933,4639,187316,1142,Pass,Successful,10.78686,3.394288000000003,57.738975,15.622591999999996,True,126327_33,126327_123
