game_id,period_id,episode_id,time_seconds,team_id,player_id,action_id,type_name,result_name,start_x,start_y,end_x,end_y,is_home,game_episode,phase
126327,1,5,212.2,2353,356616,87,Pass_Freekick,Successful,45.343935,44.681168,37.843680000000006,34.06698,False,126327_5,126327_192
126327,1,5,216.333,2353,500576,90,Pass,Successful,41.03064,31.029216000000005,38.90648999999999,43.674428,False,126327_5,126327_192
126327,1,5,242.7,2353,356611,109,Pass,Successful,54.592755,12.505608000000002,47.029605,25.658168000000003,False,126327_5,126327_192
