game_id,period_id,episode_id,time_seconds,team_id,player_id,action_id,type_name,result_name,start_x,start_y,end_x,end_y,is_home,game_episode,phase
126327,2,78,3038.933,4639,491810,2946,Carry,,28.49847,11.089168,33.73398,11.009608,True,126327_78,126327_331
126327,2,78,3052.3,2353,500569,2955,Pass,Unsuccessful,23.36985,42.666532,30.864540000000005,36.456024,False,126327_78,126327_332
126327,2,78,3053.9000000000005,4639,250901,2956,Recovery,,73.838205,31.99196000000001,86.42361,10.70762,True,126327_78,126327_333
126327,2,78,3056.8,4639,250902,2959,Cross,Successful,87.871455,10.954392,96.655965,30.273532000000003,True,126327_78,126327_333
126327,2,78,3081.367,4639,250902,2980,Cross,Unsuccessful,90.32205,4.935167999999997,92.190735,30.966724000000006,True,126327_78,126327_337
