game_id,period_id,episode_id,time_seconds,team_id,player_id,action_id,type_name,result_name,start_x,start_y,end_x,end_y,is_home,game_episode,phase
126327,1,28,1833.733,2353,500569,905,Interception,,33.021555000000006,62.200314,33.021555000000006,62.200314,False,126327_28,126327_84
126327,1,28,1833.733,2353,500569,906,Clearance,,33.021555000000006,62.200314,53.72976,57.21894,False,126327_28,126327_84
126327,1,28,1835.433,4639,407605,907,Recovery,,51.27024,10.781060000000004,51.27024,10.781060000000004,True,126327_28,126327_85
126327,1,28,1854.633,4639,345446,926,Pass,Successful,71.265075,42.065072,52.236345,55.592516,True,126327_28,126327_87
126327,1,28,1872.9,4639,491810,935,Pass,Successful,37.52721,29.499216,38.16624,50.44682,True,126327_28,126327_87
