game_id,period_id,episode_id,time_seconds,team_id,player_id,action_id,type_name,result_name,start_x,start_y,end_x,end_y,is_home,game_episode,phase
126327,2,49,552.7670000000003,2353,356617,1803,Goal Kick,Successful,5.594904,42.109272,64.56513,49.446336,False,126327_49,126327_188
126327,2,49,562.0999999999999,2353,500576,1810,Duel,Successful,25.067595,36.632008,25.067595,36.632008,False,126327_49,126327_190
