game_id,period_id,episode_id,time_seconds,team_id,player_id,action_id,type_name,result_name,start_x,start_y,end_x,end_y,is_home,game_episode,phase
126327,2,77,2947.4710000000005,4639,187316,2905,Carry,,56.60613,20.700628,61.99126499999999,18.539995999999995,True,126327_77,126327_321
126327,2,77,2969.0650000000005,4639,77845,2923,Pass,Successful,84.731115,46.97644,92.24817,55.533424,True,126327_77,126327_327
126327,2,77,2974.7,2353,356617,2928,Recovery,,1.1566904999999963,33.196988000000005,1.1566904999999963,33.196988000000005,False,126327_77,126327_328
126327,2,77,3013.1000000000004,4639,491810,2933,Pass,Successful,30.502605000000003,25.5612,47.96946,23.343244,True,126327_77,126327_329
126327,2,77,3015.034000000001,4639,188342,2936,Carry,,47.96946,23.343244,50.729385,16.847272000000004,True,126327_77,126327_329
