game_id,period_id,episode_id,time_seconds,team_id,player_id,action_id,type_name,result_name,start_x,start_y,end_x,end_y,is_home,game_episode,phase
126327,1,1,16.457,4639,491810,9,Pass,Successful,23.38707,35.651584,21.84252,16.669179999999997,True,126327_1,126327_1
126327,1,1,28.668000000000003,2353,356615,17,Carry,,83.93143500000001,67.0754244,85.840125,59.224396,False,126327_1,126327_2
