game_id,period_id,episode_id,time_seconds,team_id,player_id,action_id,type_name,result_name,start_x,start_y,end_x,end_y,is_home,game_episode,phase
126327,2,79,3128.5330000000004,2353,500563,2990,Clearance,,14.128799999999998,46.168532,70.451325,53.302072,False,126327_79,126327_340
126327,2,79,3149.0,2353,356617,3000,Pass,Successful,15.230355000000005,41.012772,16.098600000000005,19.273716,False,126327_79,126327_342
126327,2,79,3151.767,2353,500576,3002,Pass,Successful,16.098600000000005,19.273716,25.86391499999999,6.586412000000003,False,126327_79,126327_342
126327,2,79,3164.467000000001,4639,345446,3010,Recovery,,57.382290000000005,34.655996,57.382290000000005,34.655996,True,126327_79,126327_343
