game_id,period_id,episode_id,time_seconds,team_id,player_id,action_id,type_name,result_name,start_x,start_y,end_x,end_y,is_home,game_episode,phase
126468,1,7,596.966,4657,360391,337,Pass,Successful,38.673075,39.4434,34.910295000000005,20.5292,True,126468_7,126468_232
126468,1,7,622.234,4640,246402,360,Carry,,9.5205495,27.259908000000003,9.694377000000005,21.603872,False,126468_7,126468_235
126468,1,7,631.7330000000001,4657,360391,371,Duel,Successful,62.643,54.831664,62.643,54.831664,True,126468_7,126468_238
