game_id,period_id,episode_id,time_seconds,team_id,player_id,action_id,type_name,result_name,start_x,start_y,end_x,end_y,is_home,game_episode,phase
126468,2,65,1708.6680000000003,4657,250167,1932,Carry,,9.666111,30.004591999999995,17.764425,18.998044,True,126468_65,126468_216
126468,2,65,1725.0,4657,250167,1933,Pass,Unsuccessful,17.764425,18.998044,61.88259,23.964764,True,126468_65,126468_216
126468,2,65,1733.8680000000002,4640,533476,1940,Carry,,35.43876,56.472844,42.26607,63.2840708,False,126468_65,126468_217
126468,2,65,1742.9000000000003,4640,61922,1943,Pass,Successful,24.30015,48.030372,24.952935,23.437968,False,126468_65,126468_217
