game_id,period_id,episode_id,time_seconds,team_id,player_id,action_id,type_name,result_name,start_x,start_y,end_x,end_y,is_home,game_episode,phase
126468,1,3,241.067,4640,413675,138,Recovery,,73.5294,5.538124000000003,73.028235,7.786203999999998,False,126468_3,126468_81
126468,1,3,254.8,4640,500430,156,Pass,Successful,82.62156,30.765036,81.6333,23.027384,False,126468_3,126468_85
126468,1,3,266.6,4640,491835,166,Pass,Successful,95.47986,65.54401,102.415215,61.3172592,False,126468_3,126468_87
126468,1,3,268.1,4640,500430,168,Cross,Unsuccessful,102.415215,61.3172592,102.56904,37.029468,False,126468_3,126468_87
126468,1,3,289.347,4640,246402,182,Carry,,52.048395,9.792476,66.86316000000001,5.349356,False,126468_3,126468_89
126468,1,3,304.634,4640,61922,192,Carry,,33.217275,24.525288000000003,37.26051000000001,28.06876800000001,False,126468_3,126468_89
126468,1,3,352.8,4640,533476,220,Pass,Successful,30.71838,57.980472,35.16365999999999,51.369376,False,126468_3,126468_91
