game_id,period_id,episode_id,time_seconds,team_id,player_id,action_id,type_name,result_name,start_x,start_y,end_x,end_y,is_home,game_episode,phase
126468,1,9,699.467,4640,413675,397,Error,,24.19872000000001,2.991591999999997,24.19872000000001,2.991591999999997,False,126468_9,126468_307
126468,1,9,705.467,4657,360391,402,Pass,Unsuccessful,59.329725,63.2342948,64.240575,61.948748,True,126468_9,126468_310
126468,1,9,750.968,4657,357146,439,Carry,,19.294275,28.98772,17.33067,23.076616,True,126468_9,126468_312
