game_id,period_id,episode_id,time_seconds,team_id,player_id,action_id,type_name,result_name,start_x,start_y,end_x,end_y,is_home,game_episode,phase
126309,2,66,2756.367,4648,250104,3065,Pass,Successful,69.386625,65.5321848,59.65008,56.400424,True,126309_66,126309_299
126309,2,66,2759.267,4648,62386,3068,Pass,Successful,58.85586,51.704072,53.924325,40.46544,True,126309_66,126309_299
126309,2,66,2770.433,4648,500133,3076,Pass,Successful,81.07575,47.008196,91.45899,62.75227,True,126309_66,126309_299
126309,2,66,2776.3340000000007,4648,500133,3082,Carry,,83.28400500000001,33.044056,87.66429000000001,18.269696000000003,True,126309_66,126309_299
