game_id,period_id,episode_id,time_seconds,team_id,player_id,action_id,type_name,result_name,start_x,start_y,end_x,end_y,is_home,game_episode,phase
126309,1,24,2312.6,4648,250101,1349,Pass,Successful,73.49380500000001,7.069075999999996,62.51532,7.224727999999999,True,126309_24,126309_103
126309,1,24,2321.567,4648,250108,1352,Pass,Successful,68.067405,19.778412,74.88726,5.975023999999998,True,126309_24,126309_103
