game_id,period_id,episode_id,time_seconds,team_id,player_id,action_id,type_name,result_name,start_x,start_y,end_x,end_y,is_home,game_episode,phase
126320,1,30,1926.734,316,503173,1088,Carry,,46.662105,55.85078,43.82889,48.096264,True,126320_30,126320_67
126320,1,30,1937.434,316,344467,1091,Carry,,41.090385,20.965556,46.486755,15.545683999999994,True,126320_30,126320_67
126320,1,30,1956.033,4639,345446,1112,Pass,Successful,6.811549499999998,31.4075,1.4741475000000008,33.210384000000005,False,126320_30,126320_70
