game_id,period_id,episode_id,time_seconds,team_id,player_id,action_id,type_name,result_name,start_x,start_y,end_x,end_y,is_home,game_episode,phase
126320,1,18,1090.5,4639,187316,590,Pass_Freekick,Unsuccessful,35.124705000000006,3.6364360000000033,78.64689,3.3360799999999955,False,126320_18,126320_30
126320,1,18,1119.667,316,62038,611,Pass,Unsuccessful,61.92028500000001,24.782124,50.52747,30.367236,True,126320_18,126320_33
126320,1,18,1166.333,316,503173,642,Pass,Successful,57.830955,58.531204,62.695815,66.3638996,True,126320_18,126320_35
126320,1,18,1168.067,316,344474,644,Pass,Successful,60.90084,66.2947096,47.035485,61.2727736,True,126320_18,126320_35
126320,1,18,1170.867,316,500125,646,Pass,Successful,46.88859,58.59696,41.61612,40.5926,True,126320_18,126320_35
