game_id,period_id,episode_id,time_seconds,team_id,player_id,action_id,type_name,result_name,start_x,start_y,end_x,end_y,is_home,game_episode,phase
126320,2,43,16.68700000000015,4639,491810,1578,Carry,,23.47023,39.383084,26.255145,35.826956,False,126320_43,126320_112
126320,2,43,33.86700000000019,4639,142258,1584,Pass,Successful,4.545586499999999,23.628572,9.036027000000004,6.7468919999999954,False,126320_43,126320_112
