game_id,period_id,episode_id,time_seconds,team_id,player_id,action_id,type_name,result_name,start_x,start_y,end_x,end_y,is_home,game_episode,phase
126320,2,54,868.2330000000002,316,503173,2036,Interception,,7.197246,40.17304,7.197246,40.17304,True,126320_54,126320_165
126320,2,54,868.2330000000002,316,503173,2037,Clearance,,7.197246,40.17304,13.984215000000006,54.787532000000006,True,126320_54,126320_165
