game_id,period_id,episode_id,time_seconds,team_id,player_id,action_id,type_name,result_name,start_x,start_y,end_x,end_y,is_home,game_episode,phase
126320,1,28,1865.0,316,161110,1048,Pass,Successful,71.739675,13.949588,92.36871,3.010155999999995,True,126320_28,126320_63
126320,1,28,1867.6,316,344467,1050,Pass,Successful,94.26417,3.734968000000009,89.54715,11.298744,True,126320_28,126320_63
126320,1,28,1875.633,316,500126,1055,Pass,Successful,68.486355,11.636772,67.70935499999999,19.644996,True,126320_28,126320_63
