game_id,period_id,episode_id,time_seconds,team_id,player_id,action_id,type_name,result_name,start_x,start_y,end_x,end_y,is_home,game_episode,phase
126320,1,26,1580.0,4639,187316,871,Throw-In,Unsuccessful,54.55485,0.0,63.14217000000001,9.486067999999996,False,126320_26,126320_48
126320,1,26,1581.233,316,503173,872,Interception,,41.492325,60.761264,48.91467,55.995756,True,126320_26,126320_49
126320,1,26,1587.5,4639,345444,883,Pass,Successful,43.262205,14.825972,28.894530000000003,16.563508000000006,False,126320_26,126320_50
