game_id,period_id,episode_id,time_seconds,team_id,player_id,action_id,type_name,result_name,start_x,start_y,end_x,end_y,is_home,game_episode,phase
126320,2,77,2647.5,316,344467,2847,Duel,Successful,90.539295,29.730144000000003,90.539295,29.730144000000003,True,126320_77,126320_231
126320,2,77,2660.067,316,187326,2862,Pass,Successful,82.062435,18.8224,81.05328,13.242931999999996,True,126320_77,126320_237
