game_id,period_id,episode_id,time_seconds,team_id,player_id,action_id,type_name,result_name,start_x,start_y,end_x,end_y,is_home,game_episode,phase
126345,2,82,2936.733,4220,354809,2547,Duel,Successful,38.87919,48.518952,38.87919,48.518952,True,126345_82,126345_291
126345,2,82,2985.7,4643,503225,2582,Pass,Successful,62.022135,65.4962264,71.435385,40.137544000000005,False,126345_82,126345_294
126345,2,82,2989.633,4220,500533,2585,Tackle,Unsuccessful,27.632115,33.277975999999995,27.632115,33.277975999999995,True,126345_82,126345_295
