game_id,period_id,episode_id,time_seconds,team_id,player_id,action_id,type_name,result_name,start_x,start_y,end_x,end_y,is_home,game_episode,phase
126428,2,76,3032.567,4640,222332,2751,Goal Kick,Successful,1.6606589999999954,28.644456,24.840585000000004,49.388672,False,126428_76,126428_266
126428,2,76,3050.9000000000005,4640,532188,2760,Pass,Successful,63.965265,35.994236,65.86041,13.108019999999996,False,126428_76,126428_266
126428,2,76,3052.268,4640,413675,2762,Carry,,65.86041,13.108019999999996,70.28846999999999,5.336776,False,126428_76,126428_266
126428,2,76,3073.567,4643,85175,2770,Recovery,,4.2847665,31.661344,4.2847665,31.661344,True,126428_76,126428_267
126428,2,76,3098.6670000000004,4643,500118,2790,Pass,Successful,36.79599,53.418352,47.50935,65.2426476,True,126428_76,126428_267
126428,2,76,3117.8,4640,215818,2807,Take-On,Successful,60.35063999999999,57.804964,60.35063999999999,57.804964,False,126428_76,126428_270
