game_id,period_id,episode_id,time_seconds,team_id,player_id,action_id,type_name,result_name,start_x,start_y,end_x,end_y,is_home,game_episode,phase
126428,2,55,1699.1329999999998,4643,500115,2241,Pass,Successful,45.92763,61.5204568,66.906735,50.350124,True,126428_55,126428_211
126428,2,55,1725.933,4640,222332,2258,Pass,Successful,14.685824999999994,28.521716,29.2572,26.470972000000003,False,126428_55,126428_212
126428,2,55,1730.6680000000003,4640,532188,2263,Carry,,53.64744,47.82848,54.481665,55.421224,False,126428_55,126428_212
